Order_Date,Category,Product,Unit_Price,Discount,Quantity,Revenue
2023-01-01,Electronics,Wireless Headphones,65,0.0286739018106605,8,505.0895710584565
2023-01-01,Electronics,Smart Watch,85,0.059218769602062474,5,399.8320229191234
2023-01-01,Electronics,Bluetooth Speaker,48,0.08056353346685076,4,176.53180157436466
2023-01-01,Home,Air Fryer,110,0.06031831528989971,4,413.4599412724441
2023-01-01,Home,Coffee Maker,75,0.0782243073180223,5,345.6658847557416
2023-01-01,Home,LED Lamp,32,0.06626481969561754,2,59.75905153948048
2023-01-01,Fashion,Hoodie,38,0.06697283907679738,9,319.0952890357353
2023-01-01,Fashion,Sneakers,72,0.05722798496724961,0,0.0
2023-01-01,Fashion,Backpack,45,0.02835422210766892,6,262.3443600309294
2023-01-01,Beauty,Face Serum,28,0.041281873193789065,6,161.06464530344343
2023-01-01,Beauty,Hair Dryer,55,0.018107841916551952,2,108.0081373891793
2023-01-01,Beauty,Perfume,60,0.0624290186013441,1,56.254258883919356
2023-01-02,Electronics,Wireless Headphones,65,0.04092365383587321,7,436.3797375046777
2023-01-02,Electronics,Smart Watch,85,0.038264941494931905,2,163.49495994586158
2023-01-02,Electronics,Bluetooth Speaker,48,0.039417542198896156,4,184.43183189781195
2023-01-02,Home,Air Fryer,110,0.016932509691139942,2,216.27484786794923
2023-01-02,Home,Coffee Maker,75,0.04486406105330925,7,501.4463679470127
2023-01-02,Home,LED Lamp,32,0.060860591088646436,3,90.15738325548995
2023-01-02,Fashion,Hoodie,38,0.044016109313174394,7,254.29171492269563
2023-01-02,Fashion,Sneakers,72,0.08397968938101091,2,131.90692472913443
2023-01-02,Fashion,Backpack,45,0.020280923641928728,2,88.17471687222641
2023-01-02,Beauty,Face Serum,28,0.04444443257253067,4,107.02222355187658
2023-01-02,Beauty,Hair Dryer,55,0.09991827229229466,3,148.51348507177138
2023-01-02,Beauty,Perfume,60,0.02967647261724185,4,232.87764657186196
2023-01-03,Electronics,Wireless Headphones,65,0.0766495057696911,2,120.03556424994015
2023-01-03,Electronics,Smart Watch,85,0.037842302273166734,3,245.35021292034247
2023-01-03,Electronics,Bluetooth Speaker,48,0.0375176100365212,4,184.79661887298792
2023-01-03,Home,Air Fryer,110,0.03186934838660617,1,106.49437167747332
2023-01-03,Home,Coffee Maker,75,0.04608405255854774,5,357.7184802905446
2023-01-03,Home,LED Lamp,32,0.019359855905818797,3,94.1414538330414
2023-01-03,Fashion,Hoodie,38,0.08839389979989981,10,346.41031807603804
2023-01-03,Fashion,Sneakers,72,0.09309164301958243,3,195.8922051077702
2023-01-03,Fashion,Backpack,45,0.02763182452610434,4,175.0262715853012
2023-01-03,Beauty,Face Serum,28,0.08518704653284292,4,102.45905078832159
2023-01-03,Beauty,Hair Dryer,55,0.048782039951747055,2,104.63397560530782
2023-01-03,Beauty,Perfume,60,0.050765787314860436,5,284.77026380554184
2023-01-04,Electronics,Wireless Headphones,65,0.06345288592509815,4,243.5022496594745
2023-01-04,Electronics,Smart Watch,85,0.056062419781780545,3,240.70408295564596
2023-01-04,Electronics,Bluetooth Speaker,48,0.05570570825347263,2,90.65225200766662
2023-01-04,Home,Air Fryer,110,0.08014634052220584,6,607.1034152553442
2023-01-04,Home,Coffee Maker,75,0.03676401431584816,4,288.97079570524556
2023-01-04,Home,LED Lamp,32,0.017814435468149224,5,157.14969032509612
2023-01-04,Fashion,Hoodie,38,0.040793776080299236,3,109.34950952684589
2023-01-04,Fashion,Sneakers,72,0.0694334394015436,3,201.0023770892666
2023-01-04,Fashion,Backpack,45,0.015627604790750454,2,88.59351556883246
2023-01-04,Beauty,Face Serum,28,0.04334031274977612,0,0.0
2023-01-04,Beauty,Hair Dryer,55,0.06178846306362848,1,51.60163453150043
2023-01-04,Beauty,Perfume,60,0.0579123565418327,5,282.6262930374502
2023-01-05,Electronics,Wireless Headphones,65,0.08933387256188106,2,118.38659656695546
2023-01-05,Electronics,Smart Watch,85,0.022189713200414553,1,83.11387437796476
2023-01-05,Electronics,Bluetooth Speaker,48,0.07318596203895453,3,133.46122146639055
2023-01-05,Home,Air Fryer,110,0.04370056554482787,6,631.1576267404137
2023-01-05,Home,Coffee Maker,75,0.05739984974217749,4,282.78004507734676
2023-01-05,Home,LED Lamp,32,0.011653464877096557,3,94.88126737179874
2023-01-05,Fashion,Hoodie,38,0.07943529722444234,7,244.87021093829836
2023-01-05,Fashion,Sneakers,72,0.02054240942212836,7,493.6466256512473
2023-01-05,Fashion,Backpack,45,0.09551615394117005,4,162.8070922905894
2023-01-05,Beauty,Face Serum,28,0.020699820185129603,2,54.84081006963274
2023-01-05,Beauty,Hair Dryer,55,0.03322149306508547,6,319.0369072885218
2023-01-05,Beauty,Perfume,60,0.0,3,180.0
2023-01-06,Electronics,Wireless Headphones,65,0.01046014001365144,6,385.9205453946759
2023-01-06,Electronics,Smart Watch,85,0.03572640846195514,2,163.9265105614676
2023-01-06,Electronics,Bluetooth Speaker,48,0.04631178299399118,5,228.8851720814421
2023-01-06,Home,Air Fryer,110,0.07499560617275737,1,101.7504833209967
2023-01-06,Home,Coffee Maker,75,0.05505765479577984,4,283.482703561266
2023-01-06,Home,LED Lamp,32,0.10819132750865212,5,142.68938759861567
2023-01-06,Fashion,Hoodie,38,0.08273876712151318,4,139.42370739753
2023-01-06,Fashion,Sneakers,72,0.06310469607031928,4,269.825847531748
2023-01-06,Fashion,Backpack,45,0.05345603580146705,6,255.5668703336039
2023-01-06,Beauty,Face Serum,28,0.03238316842825294,2,54.186542568017835
2023-01-06,Beauty,Hair Dryer,55,0.0401564706943857,2,105.58278822361758
2023-01-06,Beauty,Perfume,60,0.04706144581679674,1,57.176313250992195
2023-01-07,Electronics,Wireless Headphones,65,0.0,3,195.0
2023-01-07,Electronics,Smart Watch,85,0.0831921533066923,4,311.7146678757246
2023-01-07,Electronics,Bluetooth Speaker,48,0.08383964723923493,1,43.975696932516726
2023-01-07,Home,Air Fryer,110,0.04104958279813927,4,421.9381835688187
2023-01-07,Home,Coffee Maker,75,0.023986401521061643,3,219.60305965776112
2023-01-07,Home,LED Lamp,32,0.03487498217978173,3,92.65200171074096
2023-01-07,Fashion,Hoodie,38,0.08301654138820418,6,209.07222856348946
2023-01-07,Fashion,Sneakers,72,0.05871939735115738,6,406.6332203443
2023-01-07,Fashion,Backpack,45,0.07690600393665964,3,124.61768946855095
2023-01-07,Beauty,Face Serum,28,0.0,5,140.0
2023-01-07,Beauty,Hair Dryer,55,0.042670210333780954,1,52.65313843164205
2023-01-07,Beauty,Perfume,60,0.054633141235384555,5,283.61005762938464
2023-01-08,Electronics,Wireless Headphones,65,0.052288004454330204,7,431.2089579732797
2023-01-08,Electronics,Smart Watch,85,0.06663963090783573,7,555.3494196098377
2023-01-08,Electronics,Bluetooth Speaker,48,0.04228317361133969,3,137.9112229999671
2023-01-08,Home,Air Fryer,110,0.00022970012190005884,2,219.949465973182
2023-01-08,Home,Coffee Maker,75,0.012437413598977577,3,222.20158194023006
2023-01-08,Home,LED Lamp,32,0.05248693682539347,7,212.24292615111185
2023-01-08,Fashion,Hoodie,38,0.058616130655901315,1,35.77258703507575
2023-01-08,Fashion,Sneakers,72,0.08339460840800583,5,329.9779409731179
2023-01-08,Fashion,Backpack,45,0.05328714542013631,3,127.80623536828159
2023-01-08,Beauty,Face Serum,28,0.03878589479929114,3,80.74198483685954
2023-01-08,Beauty,Hair Dryer,55,0.06593677256627804,1,51.373477508854705
2023-01-08,Beauty,Perfume,60,0.007838296219147452,3,178.58910668055347
2023-01-09,Electronics,Wireless Headphones,65,0.02478659895142231,5,316.94435534078775
2023-01-09,Electronics,Smart Watch,85,0.042322919541635584,6,488.4153110337659
2023-01-09,Electronics,Bluetooth Speaker,48,0.04823299045869822,5,228.42408228991243
2023-01-09,Home,Air Fryer,110,0.06848531680752369,3,307.3998454535172
2023-01-09,Home,Coffee Maker,75,0.033677096383382205,0,0.0
2023-01-09,Home,LED Lamp,32,0.05655089530185953,3,90.57111405102148
2023-01-09,Fashion,Hoodie,38,0.09993241326869985,11,376.2282512536835
2023-01-09,Fashion,Sneakers,72,0.00870602129551832,8,570.9853317337814
2023-01-09,Fashion,Backpack,45,0.005625948508946793,4,178.98732926838957
2023-01-09,Beauty,Face Serum,28,0.034084617922444105,3,81.13689209451469
2023-01-09,Beauty,Hair Dryer,55,0.007860067065379797,2,109.13539262280823
2023-01-09,Beauty,Perfume,60,0.05588190278970659,1,56.647085832617606
2023-01-10,Electronics,Wireless Headphones,65,0.08627947122552661,6,356.35100622204465
2023-01-10,Electronics,Smart Watch,85,0.056722836191965026,1,80.17855892368297
2023-01-10,Electronics,Bluetooth Speaker,48,0.03666369132088189,1,46.24014281659767
2023-01-10,Home,Air Fryer,110,0.11373319881517507,4,389.95739252132296
2023-01-10,Home,Coffee Maker,75,0.04525190397444358,3,214.81832160575019
2023-01-10,Home,LED Lamp,32,0.06311268438215216,1,29.980394099771132
2023-01-10,Fashion,Hoodie,38,0.006733209862319546,6,226.46482815139115
2023-01-10,Fashion,Sneakers,72,0.02240648255544982,4,281.54693302403047
2023-01-10,Fashion,Backpack,45,0.02827381880338044,1,43.72767815384788
2023-01-10,Beauty,Face Serum,28,0.047960305757871975,6,159.9426686326775
2023-01-10,Beauty,Hair Dryer,55,0.0,3,165.0
2023-01-10,Beauty,Perfume,60,0.07089519740785843,3,167.23886446658548
2023-01-11,Electronics,Wireless Headphones,65,0.06562713003120385,6,364.40541928783045
2023-01-11,Electronics,Smart Watch,85,0.03852898767126749,7,572.0752523355959
2023-01-11,Electronics,Bluetooth Speaker,48,0.0,3,144.0
2023-01-11,Home,Air Fryer,110,0.0,1,110.0
2023-01-11,Home,Coffee Maker,75,0.027121097103851848,0,0.0
2023-01-11,Home,LED Lamp,32,0.024229656993221157,2,62.44930195243385
2023-01-11,Fashion,Hoodie,38,0.0639637239818556,3,106.70813546606847
2023-01-11,Fashion,Sneakers,72,0.06754159120223918,2,134.27401086687755
2023-01-11,Fashion,Backpack,45,0.04473274964092108,1,42.98702626615855
2023-01-11,Beauty,Face Serum,28,0.07820047143373257,5,129.05193399927745
2023-01-11,Beauty,Hair Dryer,55,0.057064674572982414,3,155.5843286954579
2023-01-11,Beauty,Perfume,60,0.06119534291806776,2,112.65655884983187
2023-01-12,Electronics,Wireless Headphones,65,0.0453082252267887,1,62.054965360258734
2023-01-12,Electronics,Smart Watch,85,0.06944418472712313,1,79.09724429819454
2023-01-12,Electronics,Bluetooth Speaker,48,0.0,1,48.0
2023-01-12,Home,Air Fryer,110,0.07327095565876324,4,407.7607795101442
2023-01-12,Home,Coffee Maker,75,0.04251838240286859,4,287.24448527913944
2023-01-12,Home,LED Lamp,32,0.06599066023744755,5,149.44149436200837
2023-01-12,Fashion,Hoodie,38,0.05851978520005265,4,143.104992649592
2023-01-12,Fashion,Sneakers,72,0.036095201028771874,1,69.40114552592843
2023-01-12,Fashion,Backpack,45,0.055069931922444484,6,255.13111838094
2023-01-12,Beauty,Face Serum,28,0.04800676090357979,4,106.62324277879907
2023-01-12,Beauty,Hair Dryer,55,0.04492715038011131,4,210.11602691637552
2023-01-12,Beauty,Perfume,60,0.01874211152692134,2,117.75094661676944
2023-01-13,Electronics,Wireless Headphones,65,0.0748925346474981,3,180.39595574373786
2023-01-13,Electronics,Smart Watch,85,0.02290752931604849,3,249.15858002440766
2023-01-13,Electronics,Bluetooth Speaker,48,0.0449479188652649,7,320.897499261271
2023-01-13,Home,Air Fryer,110,0.05778632085758599,3,310.9305141169966
2023-01-13,Home,Coffee Maker,75,0.021514274972710634,2,146.7728587540934
2023-01-13,Home,LED Lamp,32,0.0,4,128.0
2023-01-13,Fashion,Hoodie,38,0.04050483720525262,8,291.6865294896032
2023-01-13,Fashion,Sneakers,72,0.09593466688718802,3,195.2781119523674
2023-01-13,Fashion,Backpack,45,0.09384227566752704,2,81.55419518992257
2023-01-13,Beauty,Face Serum,28,0.07422494675689645,5,129.60850745403448
2023-01-13,Beauty,Hair Dryer,55,0.056964397862795155,3,155.60087435263878
2023-01-13,Beauty,Perfume,60,0.06062414743590373,1,56.36255115384578
2023-01-14,Electronics,Wireless Headphones,65,0.05209952508286136,4,246.45412347845607
2023-01-14,Electronics,Smart Watch,85,0.039826406280686025,2,163.22951093228338
2023-01-14,Electronics,Bluetooth Speaker,48,0.024802676259411384,2,93.61894307909651
2023-01-14,Home,Air Fryer,110,0.049692017676767224,3,313.6016341666668
2023-01-14,Home,Coffee Maker,75,0.057222916679217674,7,494.95796874341073
2023-01-14,Home,LED Lamp,32,0.02917408193009971,3,93.19928813471043
2023-01-14,Fashion,Hoodie,38,0.07623349026358518,3,105.30938210995129
2023-01-14,Fashion,Sneakers,72,0.034444813867632054,7,486.6398138107134
2023-01-14,Fashion,Backpack,45,0.023093869992030797,3,131.88232755107583
2023-01-14,Beauty,Face Serum,28,0.07468512862616002,3,77.72644919540255
2023-01-14,Beauty,Hair Dryer,55,0.0029800393006485584,4,219.3443913538573
2023-01-14,Beauty,Perfume,60,0.06034480792975535,6,338.2758691452881
2023-01-15,Electronics,Wireless Headphones,65,0.09118484994008325,4,236.29193901557835
2023-01-15,Electronics,Smart Watch,85,0.047803081439609485,2,161.8734761552664
2023-01-15,Electronics,Bluetooth Speaker,48,0.05529024331987626,1,45.34606832064594
2023-01-15,Home,Air Fryer,110,0.041107542110724135,3,316.43451110346103
2023-01-15,Home,Coffee Maker,75,0.06193823343166988,5,351.77316246312375
2023-01-15,Home,LED Lamp,32,0.0378992467106831,2,61.57444821051628
2023-01-15,Fashion,Hoodie,38,0.015881458694960868,7,261.7755319871404
2023-01-15,Fashion,Sneakers,72,0.05086529685463139,2,136.6753972529331
2023-01-15,Fashion,Backpack,45,0.03969157819488174,6,259.28327388738194
2023-01-15,Beauty,Face Serum,28,0.05935966129265658,5,131.6896474190281
2023-01-15,Beauty,Hair Dryer,55,0.05827600387490489,1,51.79481978688023
2023-01-15,Beauty,Perfume,60,0.04725664545924541,7,400.1522089071169
2023-01-16,Electronics,Wireless Headphones,65,0.06584775944334356,7,425.0392694532787
2023-01-16,Electronics,Smart Watch,85,0.06675198105505475,1,79.32608161032034
2023-01-16,Electronics,Bluetooth Speaker,48,0.019129672827213035,2,94.16355140858755
2023-01-16,Home,Air Fryer,110,0.02447387098304195,3,321.92362257559614
2023-01-16,Home,Coffee Maker,75,0.04157920080898518,1,71.88155993932611
2023-01-16,Home,LED Lamp,32,0.0,4,128.0
2023-01-16,Fashion,Hoodie,38,0.036802059066892163,8,292.8121740436648
2023-01-16,Fashion,Sneakers,72,0.05254814718431644,7,477.5157338191045
2023-01-16,Fashion,Backpack,45,0.08680036416225334,10,410.939836126986
2023-01-16,Beauty,Face Serum,28,0.08635125453643647,4,102.32865949191913
2023-01-16,Beauty,Hair Dryer,55,0.02320093619274452,3,161.17184552819714
2023-01-16,Beauty,Perfume,60,0.0442676836611923,4,229.37575592131387
2023-01-17,Electronics,Wireless Headphones,65,0.03533537287322749,4,250.81280305296085
2023-01-17,Electronics,Smart Watch,85,0.060814861293153805,2,159.66147358016386
2023-01-17,Electronics,Bluetooth Speaker,48,0.01140936993694796,3,142.3570507290795
2023-01-17,Home,Air Fryer,110,0.050212640668078845,2,208.95321905302265
2023-01-17,Home,Coffee Maker,75,0.06236391638307134,5,351.61353135634823
2023-01-17,Home,LED Lamp,32,0.06299151433366257,4,119.93708616529119
2023-01-17,Fashion,Hoodie,38,0.05255078243101436,9,324.0276324085931
2023-01-17,Fashion,Sneakers,72,0.05880086179507311,2,135.53267590150946
2023-01-17,Fashion,Backpack,45,0.05007771375464092,1,42.74650288104116
2023-01-17,Beauty,Face Serum,28,0.043246121766572596,2,53.578217181071935
2023-01-17,Beauty,Hair Dryer,55,0.0,2,110.0
2023-01-17,Beauty,Perfume,60,0.04587655561509454,3,171.742219989283
2023-01-18,Electronics,Wireless Headphones,65,0.0,6,390.0
2023-01-18,Electronics,Smart Watch,85,0.061827179950686886,2,159.48937940838323
2023-01-18,Electronics,Bluetooth Speaker,48,0.07406643931217104,3,133.33443273904737
2023-01-18,Home,Air Fryer,110,0.052765328064466946,2,208.39162782581727
2023-01-18,Home,Coffee Maker,75,0.040918483810779865,4,287.72445485676604
2023-01-18,Home,LED Lamp,32,0.04091041774233003,6,184.1451997934726
2023-01-18,Fashion,Hoodie,38,0.05915523994459844,7,250.2647061747368
2023-01-18,Fashion,Sneakers,72,0.04973403308454517,4,273.676598471651
2023-01-18,Fashion,Backpack,45,0.07518776927466397,5,208.0827519132006
2023-01-18,Beauty,Face Serum,28,0.09901211501957569,2,50.45532155890376
2023-01-18,Beauty,Hair Dryer,55,0.023542973729059072,2,107.4102728898035
2023-01-18,Beauty,Perfume,60,0.04744008233472259,2,114.30719011983328
2023-01-19,Electronics,Wireless Headphones,65,0.10704082193190155,3,174.12703972327918
2023-01-19,Electronics,Smart Watch,85,0.04535108307034878,2,162.2903158780407
2023-01-19,Electronics,Bluetooth Speaker,48,0.004734533000490135,2,95.54548483195295
2023-01-19,Home,Air Fryer,110,0.08226409405802936,3,302.8528489608503
2023-01-19,Home,Coffee Maker,75,0.06309877385481677,2,140.53518392177747
2023-01-19,Home,LED Lamp,32,0.021930789193225126,4,125.19285898326719
2023-01-19,Fashion,Hoodie,38,0.06426342590346214,6,213.34793889401064
2023-01-19,Fashion,Sneakers,72,0.024967714181086398,2,140.40464915792356
2023-01-19,Fashion,Backpack,45,0.07418248089606931,7,291.63251851773816
2023-01-19,Beauty,Face Serum,28,0.04903654345391469,5,133.13488391645194
2023-01-19,Beauty,Hair Dryer,55,0.07498340831186223,1,50.87591254284758
2023-01-19,Beauty,Perfume,60,0.029098572128855322,4,233.01634268907472
2023-01-20,Electronics,Wireless Headphones,65,0.05932630796085446,5,305.7189499127223
2023-01-20,Electronics,Smart Watch,85,0.03500626377202838,1,82.02446757937759
2023-01-20,Electronics,Bluetooth Speaker,48,0.07984046429640942,2,88.33531542754469
2023-01-20,Home,Air Fryer,110,0.05626115750651902,3,311.4338180228487
2023-01-20,Home,Coffee Maker,75,0.0542426636285703,3,212.79540068357167
2023-01-20,Home,LED Lamp,32,0.025866220129780914,7,218.20596669092907
2023-01-20,Fashion,Hoodie,38,0.0,5,190.0
2023-01-20,Fashion,Sneakers,72,0.07011425753962092,4,267.80709382858913
2023-01-20,Fashion,Backpack,45,0.059401109240565284,4,169.30780033669825
2023-01-20,Beauty,Face Serum,28,0.01092789136650376,4,110.77607616695158
2023-01-20,Beauty,Hair Dryer,55,0.07418665682312528,0,0.0
2023-01-20,Beauty,Perfume,60,0.06855072257448727,2,111.77391329106153
2023-01-21,Electronics,Wireless Headphones,65,0.06644720026082948,6,364.0855918982765
2023-01-21,Electronics,Smart Watch,85,0.0368321152013448,4,327.47708083154276
2023-01-21,Electronics,Bluetooth Speaker,48,0.04727137121096664,4,182.9238967274944
2023-01-21,Home,Air Fryer,110,0.05881568009792931,2,207.06055037845553
2023-01-21,Home,Coffee Maker,75,0.043650933048805476,4,286.90472008535835
2023-01-21,Home,LED Lamp,32,0.04050783687143597,3,92.11124766034214
2023-01-21,Fashion,Hoodie,38,0.059113362225831564,9,321.78323011876563
2023-01-21,Fashion,Sneakers,72,0.05235457645580781,8,545.8437639614547
2023-01-21,Fashion,Backpack,45,0.027104413067589057,2,87.56060282391698
2023-01-21,Beauty,Face Serum,28,0.0032195470984753213,3,83.72955804372808
2023-01-21,Beauty,Hair Dryer,55,0.041900380612589244,5,263.47739533153793
2023-01-21,Beauty,Perfume,60,0.035483714931360384,1,57.870977104118374
2023-01-22,Electronics,Wireless Headphones,65,0.028696029850860158,9,568.2128225372468
2023-01-22,Electronics,Smart Watch,85,0.05976326490798793,5,399.60061241410517
2023-01-22,Electronics,Bluetooth Speaker,48,0.06863747266312457,5,223.5270065608501
2023-01-22,Home,Air Fryer,110,0.009113418788553554,2,217.99504786651823
2023-01-22,Home,Coffee Maker,75,0.03338434999842173,5,362.4808687505918
2023-01-22,Home,LED Lamp,32,0.04639930849863309,2,61.030444256087485
2023-01-22,Fashion,Hoodie,38,0.0627474562119134,5,178.07798331973646
2023-01-22,Fashion,Sneakers,72,0.06149264887537469,10,675.7252928097303
2023-01-22,Fashion,Backpack,45,0.07812609804270064,6,248.90595352847083
2023-01-22,Beauty,Face Serum,28,0.013571552177011094,4,110.47998615617476
2023-01-22,Beauty,Hair Dryer,55,0.0612494585336637,1,51.6312797806485
2023-01-22,Beauty,Perfume,60,0.015674924577861522,5,295.2975226266415
2023-01-23,Electronics,Wireless Headphones,65,0.03443649618336118,3,188.28488324424455
2023-01-23,Electronics,Smart Watch,85,0.05806993660233121,2,160.1281107776037
2023-01-23,Electronics,Bluetooth Speaker,48,0.0582572486404148,5,226.01826032630044
2023-01-23,Home,Air Fryer,110,0.04892166025897732,2,209.237234743025
2023-01-23,Home,Coffee Maker,75,0.0637032094910549,2,140.44451857634178
2023-01-23,Home,LED Lamp,32,0.03212808595256226,3,92.91570374855402
2023-01-23,Fashion,Hoodie,38,0.04574028941609722,9,326.35682101969473
2023-01-23,Fashion,Sneakers,72,0.0260143061714533,6,420.76181973393216
2023-01-23,Fashion,Backpack,45,0.0440835293837025,8,344.1299294218671
2023-01-23,Beauty,Face Serum,28,0.010823543744114046,3,83.09082232549441
2023-01-23,Beauty,Hair Dryer,55,0.04086326014714438,1,52.75252069190706
2023-01-23,Beauty,Perfume,60,0.0702280327747561,3,167.3589541005439
2023-01-24,Electronics,Wireless Headphones,65,0.03412967090071359,5,313.90785695726805
2023-01-24,Electronics,Smart Watch,85,0.044501605118341614,4,324.86945425976387
2023-01-24,Electronics,Bluetooth Speaker,48,0.07571952299363774,4,177.46185158522155
2023-01-24,Home,Air Fryer,110,0.07974055013219108,1,101.22853948545898
2023-01-24,Home,Coffee Maker,75,0.04701584501807808,2,142.94762324728828
2023-01-24,Home,LED Lamp,32,0.03861180387491424,3,92.29326682800823
2023-01-24,Fashion,Hoodie,38,0.02331015577387785,8,296.9137126447411
2023-01-24,Fashion,Sneakers,72,0.042191113958603255,3,206.88671938494167
2023-01-24,Fashion,Backpack,45,0.048935534473888896,6,256.78740569205
2023-01-24,Beauty,Face Serum,28,0.005575334016848121,3,83.53167194258477
2023-01-24,Beauty,Hair Dryer,55,0.06443506443798125,1,51.45607145591104
2023-01-24,Beauty,Perfume,60,0.05937655379730851,6,338.6244406329689
2023-01-25,Electronics,Wireless Headphones,65,0.07434547679293273,7,421.17280805921564
2023-01-25,Electronics,Smart Watch,85,0.012697354113175206,6,503.5243494022807
2023-01-25,Electronics,Bluetooth Speaker,48,0.06340742422952235,6,269.73866182189755
2023-01-25,Home,Air Fryer,110,0.0060046073076133605,3,328.0184795884876
2023-01-25,Home,Coffee Maker,75,0.055599185709336196,7,495.8104275025985
2023-01-25,Home,LED Lamp,32,0.044314514683902906,6,183.49161318069065
2023-01-25,Fashion,Hoodie,38,0.012483264930454027,4,150.10254373057097
2023-01-25,Fashion,Sneakers,72,0.06600534148321897,3,201.7428462396247
2023-01-25,Fashion,Backpack,45,0.0718264150023186,2,83.53562264979134
2023-01-25,Beauty,Face Serum,28,0.015451274215909187,2,55.134728643909085
2023-01-25,Beauty,Hair Dryer,55,0.006557135121571703,5,273.19678784156775
2023-01-25,Beauty,Perfume,60,0.02180117441235828,0,0.0
2023-01-26,Electronics,Wireless Headphones,65,0.04590116249932509,7,434.1149710628071
2023-01-26,Electronics,Smart Watch,85,0.024682903715295957,3,248.70585955259955
2023-01-26,Electronics,Bluetooth Speaker,48,0.07618288215184396,4,177.37288662684597
2023-01-26,Home,Air Fryer,110,0.09807365485166444,1,99.21189796631691
2023-01-26,Home,Coffee Maker,75,0.02648674461246959,1,73.01349415406479
2023-01-26,Home,LED Lamp,32,0.015791642561222063,8,251.95733950432714
2023-01-26,Fashion,Hoodie,38,0.08693484162436674,3,104.08942805482219
2023-01-26,Fashion,Sneakers,72,0.057845475502678045,4,271.34050305522874
2023-01-26,Fashion,Backpack,45,0.07747978888869533,5,207.56704750004354
2023-01-26,Beauty,Face Serum,28,0.020594992083914177,4,109.69336088660162
2023-01-26,Beauty,Hair Dryer,55,0.02370281817753966,2,107.39269000047064
2023-01-26,Beauty,Perfume,60,0.027056161564562146,2,116.75326061225255
2023-01-27,Electronics,Wireless Headphones,65,0.057422896768402815,7,428.8725819703767
2023-01-27,Electronics,Smart Watch,85,0.05238597596219341,4,322.1887681728542
2023-01-27,Electronics,Bluetooth Speaker,48,0.07538788041207324,6,266.2882904413229
2023-01-27,Home,Air Fryer,110,0.05684605995771141,1,103.74693340465174
2023-01-27,Home,Coffee Maker,75,0.0418173642436244,2,143.72739536345634
2023-01-27,Home,LED Lamp,32,0.049007342941325555,2,60.86353005175516
2023-01-27,Fashion,Hoodie,38,0.05099233816493905,6,216.37374689839388
2023-01-27,Fashion,Sneakers,72,0.05425442357979831,4,272.3747260090181
2023-01-27,Fashion,Backpack,45,0.07151324269903614,10,417.81904078543374
2023-01-27,Beauty,Face Serum,28,0.05219907240827505,7,185.7689818079781
2023-01-27,Beauty,Hair Dryer,55,0.05027463783818814,4,208.9395796755986
2023-01-27,Beauty,Perfume,60,0.050817380631331774,3,170.85287148636027
2023-01-28,Electronics,Wireless Headphones,65,0.033961431980428836,2,125.58501384254424
2023-01-28,Electronics,Smart Watch,85,0.06187820168370022,2,159.48070571377096
2023-01-28,Electronics,Bluetooth Speaker,48,0.05983442175635243,2,90.25589551139016
2023-01-28,Home,Air Fryer,110,0.07560247099602563,3,305.0511845713115
2023-01-28,Home,Coffee Maker,75,0.044774193599314505,1,71.64193548005142
2023-01-28,Home,LED Lamp,32,0.034595181500232636,4,123.57181676797022
2023-01-28,Fashion,Hoodie,38,0.068121366788905,6,212.46832837212966
2023-01-28,Fashion,Sneakers,72,0.0,2,144.0
2023-01-28,Fashion,Backpack,45,0.0,7,315.0
2023-01-28,Beauty,Face Serum,28,0.011224514691298634,1,27.68571358864364
2023-01-28,Beauty,Hair Dryer,55,0.06507342359388056,4,205.68384680934628
2023-01-28,Beauty,Perfume,60,0.06547762546162132,0,0.0
2023-01-29,Electronics,Wireless Headphones,65,0.06379646928828231,6,365.1193769775699
2023-01-29,Electronics,Smart Watch,85,0.013345350438261454,5,419.3282260637389
2023-01-29,Electronics,Bluetooth Speaker,48,0.020190116738939164,4,188.12349758612368
2023-01-29,Home,Air Fryer,110,0.03991019703701665,4,422.4395133037127
2023-01-29,Home,Coffee Maker,75,0.03306814539976806,5,362.59944547508695
2023-01-29,Home,LED Lamp,32,0.031195978298311992,6,186.0103721667241
2023-01-29,Fashion,Hoodie,38,0.005590042591442634,4,151.15031352610072
2023-01-29,Fashion,Sneakers,72,0.04322765932322657,8,551.1008682298215
2023-01-29,Fashion,Backpack,45,0.05595970937093563,2,84.96362615661579
2023-01-29,Beauty,Face Serum,28,0.04233256780435157,3,80.44406430443446
2023-01-29,Beauty,Hair Dryer,55,0.09241466707427128,0,0.0
2023-01-29,Beauty,Perfume,60,0.08937707069021827,3,163.91212727576072
2023-01-30,Electronics,Wireless Headphones,65,0.05495952901566099,6,368.5657836838922
2023-01-30,Electronics,Smart Watch,85,0.059768125652222406,2,159.8394186391222
2023-01-30,Electronics,Bluetooth Speaker,48,0.05219669092701819,2,90.98911767100626
2023-01-30,Home,Air Fryer,110,0.03335305722198909,5,531.655818527906
2023-01-30,Home,Coffee Maker,75,0.07806695636409347,2,138.289956545386
2023-01-30,Home,LED Lamp,32,0.022226722619606988,0,0.0
2023-01-30,Fashion,Hoodie,38,0.0897554701405445,6,207.53575280795584
2023-01-30,Fashion,Sneakers,72,0.06454626098267696,2,134.7053384184945
2023-01-30,Fashion,Backpack,45,0.0,7,315.0
2023-01-30,Beauty,Face Serum,28,0.040077153969055215,4,107.51135875546582
2023-01-30,Beauty,Hair Dryer,55,0.0749138721124601,2,101.75947406762938
2023-01-30,Beauty,Perfume,60,0.09791112191838526,3,162.37599805469065
2023-01-31,Electronics,Wireless Headphones,65,0.06917168233322653,6,363.02304389004166
2023-01-31,Electronics,Smart Watch,85,0.05916127866428877,2,159.94258262707092
2023-01-31,Electronics,Bluetooth Speaker,48,0.0594921895153496,7,316.01062432284255
2023-01-31,Home,Air Fryer,110,0.06326734845061832,3,309.12177501129594
2023-01-31,Home,Coffee Maker,75,0.014827145859953449,1,73.88796406050349
2023-01-31,Home,LED Lamp,32,0.035658851408672185,2,61.71783350984498
2023-01-31,Fashion,Hoodie,38,0.06018159734338672,4,142.85239720380522
2023-01-31,Fashion,Sneakers,72,0.053961201262493375,1,68.11479350910048
2023-01-31,Fashion,Backpack,45,0.07177056925916597,11,459.47356821671286
2023-01-31,Beauty,Face Serum,28,0.03215451256953222,4,108.3986945922124
2023-01-31,Beauty,Hair Dryer,55,0.04300807922167768,0,0.0
2023-01-31,Beauty,Perfume,60,0.05976137330134706,4,225.65727040767672
2023-02-01,Electronics,Wireless Headphones,65,0.06223459847346023,2,121.90950219845017
2023-02-01,Electronics,Smart Watch,85,0.05110542507250458,5,403.28019434418553
2023-02-01,Electronics,Bluetooth Speaker,48,0.10516313267851006,3,128.85650889429456
2023-02-01,Home,Air Fryer,110,0.05810223055800118,5,518.0437731930994
2023-02-01,Home,Coffee Maker,75,0.057977370850589356,3,211.9550915586174
2023-02-01,Home,LED Lamp,32,0.05985594123605077,3,90.25382964133912
2023-02-01,Fashion,Hoodie,38,0.05318406189141214,4,143.91602259250536
2023-02-01,Fashion,Sneakers,72,0.05831330782744102,5,339.00720918212124
2023-02-01,Fashion,Backpack,45,0.08252895871630078,4,165.14478743106588
2023-02-01,Beauty,Face Serum,28,0.007269347402246114,3,83.38937481821132
2023-02-01,Beauty,Hair Dryer,55,0.01958490711776488,4,215.69132043409172
2023-02-01,Beauty,Perfume,60,0.06507517133566691,3,168.28646915957995
2023-02-02,Electronics,Wireless Headphones,65,0.03828935755251356,7,437.5783423136063
2023-02-02,Electronics,Smart Watch,85,0.025021377716724694,3,248.61954868223518
2023-02-02,Electronics,Bluetooth Speaker,48,0.05035180207183762,3,136.74934050165538
2023-02-02,Home,Air Fryer,110,0.0651197895637642,4,411.34729259194376
2023-02-02,Home,Coffee Maker,75,0.03914498916852786,4,288.25650324944166
2023-02-02,Home,LED Lamp,32,0.050347455233312785,4,121.55552573013597
2023-02-02,Fashion,Hoodie,38,0.0537730381701624,9,323.60962094580447
2023-02-02,Fashion,Sneakers,72,0.01782731398659064,4,282.8657335718619
2023-02-02,Fashion,Backpack,45,0.042375669532172505,5,215.4654743552612
2023-02-02,Beauty,Face Serum,28,0.010445824596827052,5,138.53758455644422
2023-02-02,Beauty,Hair Dryer,55,0.04863238907876822,0,0.0
2023-02-02,Beauty,Perfume,60,0.05829988733642337,6,339.0120405588876
2023-02-03,Electronics,Wireless Headphones,65,0.045125502847005325,5,310.33421157472327
2023-02-03,Electronics,Smart Watch,85,0.044643126436138374,2,162.41066850585648
2023-02-03,Electronics,Bluetooth Speaker,48,0.06578186825303942,3,134.52741097156232
2023-02-03,Home,Air Fryer,110,0.0,1,110.0
2023-02-03,Home,Coffee Maker,75,0.036336555174290554,1,72.2747583619282
2023-02-03,Home,LED Lamp,32,0.06146397840530422,4,120.13261076412105
2023-02-03,Fashion,Hoodie,38,0.07853701920258045,5,175.0779663515097
2023-02-03,Fashion,Sneakers,72,0.11431293592424326,3,191.30840584036343
2023-02-03,Fashion,Backpack,45,0.037744446249030617,2,86.60299983758725
2023-02-03,Beauty,Face Serum,28,0.0822757263796034,6,154.17767796822662
2023-02-03,Beauty,Hair Dryer,55,0.08421961579758908,2,100.73584226226521
2023-02-03,Beauty,Perfume,60,0.04324007644761395,5,287.0279770657158
2023-02-04,Electronics,Wireless Headphones,65,0.0,5,325.0
2023-02-04,Electronics,Smart Watch,85,0.05651885960352918,4,320.78358773480005
2023-02-04,Electronics,Bluetooth Speaker,48,0.052116532018319096,1,45.49840646312068
2023-02-04,Home,Air Fryer,110,0.08698655359630483,3,301.2944373132194
2023-02-04,Home,Coffee Maker,75,0.07029339274991254,2,139.45599108751313
2023-02-04,Home,LED Lamp,32,0.0687364253851641,3,89.40130316302424
2023-02-04,Fashion,Hoodie,38,0.025049410167653056,10,370.4812241362918
2023-02-04,Fashion,Sneakers,72,0.04030530111126774,4,276.3920732799549
2023-02-04,Fashion,Backpack,45,0.047130551274951936,3,128.6373755778815
2023-02-04,Beauty,Face Serum,28,0.03252445367240184,3,81.26794589151824
2023-02-04,Beauty,Hair Dryer,55,0.0667138835814184,8,410.6458912241759
2023-02-04,Beauty,Perfume,60,0.057719981921204144,4,226.147204338911
2023-02-05,Electronics,Wireless Headphones,65,0.06471758195537877,4,243.17342869160152
2023-02-05,Electronics,Smart Watch,85,0.05726832944667056,7,560.925343979231
2023-02-05,Electronics,Bluetooth Speaker,48,0.013966230006648657,5,236.64810479840432
2023-02-05,Home,Air Fryer,110,0.08874726415322816,7,701.6646066020143
2023-02-05,Home,Coffee Maker,75,0.0783447318141003,1,69.12414511394248
2023-02-05,Home,LED Lamp,32,0.07568952676384555,4,118.31174057422777
2023-02-05,Fashion,Hoodie,38,0.04675659492028742,8,289.78599514423263
2023-02-05,Fashion,Sneakers,72,0.03854795495829681,6,415.3472834580158
2023-02-05,Fashion,Backpack,45,0.07489846712055645,7,291.40698285702473
2023-02-05,Beauty,Face Serum,28,0.018514673332346666,2,54.96317829338859
2023-02-05,Beauty,Hair Dryer,55,0.0324311260044699,2,106.43257613950831
2023-02-05,Beauty,Perfume,60,0.0504032353819001,3,170.92741763125798
2023-02-06,Electronics,Wireless Headphones,65,0.09541317490350264,9,529.1832926814509
2023-02-06,Electronics,Smart Watch,85,0.04714194579988131,3,242.97880382103028
2023-02-06,Electronics,Bluetooth Speaker,48,0.049943743887396065,4,182.41080117361994
2023-02-06,Home,Air Fryer,110,0.07726649840220332,3,304.5020555272729
2023-02-06,Home,Coffee Maker,75,0.05622283996687574,5,353.91643501242163
2023-02-06,Home,LED Lamp,32,0.08044312968627841,1,29.42581985003909
2023-02-06,Fashion,Hoodie,38,0.09266919101047434,5,172.39285370800988
2023-02-06,Fashion,Sneakers,72,0.035337108727000896,2,138.91145634331187
2023-02-06,Fashion,Backpack,45,0.004988032706645482,8,358.20430822560763
2023-02-06,Beauty,Face Serum,28,0.04824967852967999,1,26.64900900116896
2023-02-06,Beauty,Hair Dryer,55,0.07870641061289971,2,101.34229483258103
2023-02-06,Beauty,Perfume,60,0.02825106317448829,4,233.2197448381228
2023-02-07,Electronics,Wireless Headphones,65,0.048861046831136484,7,432.76822369183293
2023-02-07,Electronics,Smart Watch,85,0.1005159924693958,1,76.45614064010135
2023-02-07,Electronics,Bluetooth Speaker,48,0.0,7,336.0
2023-02-07,Home,Air Fryer,110,0.07833921757189063,6,608.2961164025521
2023-02-07,Home,Coffee Maker,75,0.06173401649051936,3,211.10984628963314
2023-02-07,Home,LED Lamp,32,0.05457286825321763,2,60.50733643179407
2023-02-07,Fashion,Hoodie,38,0.07419997011384662,6,211.08240681404297
2023-02-07,Fashion,Sneakers,72,0.009795354719711463,11,784.2420790619885
2023-02-07,Fashion,Backpack,45,0.08528292464691781,5,205.8113419544435
2023-02-07,Beauty,Face Serum,28,0.04508753949004732,4,106.9501955771147
2023-02-07,Beauty,Hair Dryer,55,0.008299135002772587,1,54.54354757484751
2023-02-07,Beauty,Perfume,60,0.0732594464405723,5,278.0221660678283
2023-02-08,Electronics,Wireless Headphones,65,0.08382683943855149,7,416.85878805545906
2023-02-08,Electronics,Smart Watch,85,0.025343997237085063,3,248.53728070454332
2023-02-08,Electronics,Bluetooth Speaker,48,0.04465117140347971,6,275.14046263579786
2023-02-08,Home,Air Fryer,110,0.04608946302141754,6,629.5809544058644
2023-02-08,Home,Coffee Maker,75,0.057280130028287336,1,70.70399024787845
2023-02-08,Home,LED Lamp,32,0.08216475328218084,3,88.11218368491063
2023-02-08,Fashion,Hoodie,38,0.026236594820356448,3,111.00902819047937
2023-02-08,Fashion,Sneakers,72,0.014279614144343047,4,283.8874711264292
2023-02-08,Fashion,Backpack,45,0.033606413439192157,4,173.9508455809454
2023-02-08,Beauty,Face Serum,28,0.059137183625962625,4,105.37663543389218
2023-02-08,Beauty,Hair Dryer,55,0.06134989078617398,2,103.25151201352085
2023-02-08,Beauty,Perfume,60,0.053529225470816004,4,227.15298588700418
2023-02-09,Electronics,Wireless Headphones,65,0.0022559273563429807,2,129.7067294436754
2023-02-09,Electronics,Smart Watch,85,0.05364075785859712,6,482.6432134921155
2023-02-09,Electronics,Bluetooth Speaker,48,0.07965356255297078,4,176.70651598982963
2023-02-09,Home,Air Fryer,110,0.047166150054004825,4,419.24689397623786
2023-02-09,Home,Coffee Maker,75,0.048130776960881805,1,71.39019172793385
2023-02-09,Home,LED Lamp,32,0.07598422612296384,4,118.27401905626063
2023-02-09,Fashion,Hoodie,38,0.03536553745067392,4,146.62443830749757
2023-02-09,Fashion,Sneakers,72,0.017451635745912387,5,353.7174111314716
2023-02-09,Fashion,Backpack,45,0.06618935257654215,8,336.1718330724448
2023-02-09,Beauty,Face Serum,28,0.07900232116608877,2,51.57587001469903
2023-02-09,Beauty,Hair Dryer,55,0.045830606649950346,1,52.47931663425273
2023-02-09,Beauty,Perfume,60,0.0401590632175739,2,115.18091241389114
2023-02-10,Electronics,Wireless Headphones,65,0.07179938749297518,6,361.99823887773965
2023-02-10,Electronics,Smart Watch,85,0.07064284103563276,7,552.9675095837985
2023-02-10,Electronics,Bluetooth Speaker,48,0.06389780078248607,6,269.597433374644
2023-02-10,Home,Air Fryer,110,0.0334732726048215,3,318.9538200404089
2023-02-10,Home,Coffee Maker,75,0.05236174979549096,2,142.14573753067637
2023-02-10,Home,LED Lamp,32,0.047286584182871086,4,121.9473172245925
2023-02-10,Fashion,Hoodie,38,0.04350964921635564,8,290.7730666382279
2023-02-10,Fashion,Sneakers,72,0.09315330936673775,4,261.1718469023795
2023-02-10,Fashion,Backpack,45,0.03575559353470894,2,86.7819965818762
2023-02-10,Beauty,Face Serum,28,0.05018017650940926,3,79.78486517320962
2023-02-10,Beauty,Hair Dryer,55,0.06949674031306942,1,51.177679282781185
2023-02-10,Beauty,Perfume,60,0.06689947139517309,3,167.95809514886886
2023-02-11,Electronics,Wireless Headphones,65,0.0960537664642066,2,117.51301035965314
2023-02-11,Electronics,Smart Watch,85,0.025107744328954833,5,414.32920866019424
2023-02-11,Electronics,Bluetooth Speaker,48,0.07740160582642952,6,265.7083375219883
2023-02-11,Home,Air Fryer,110,0.03580694641868246,3,318.1837076818348
2023-02-11,Home,Coffee Maker,75,0.0857729754706088,3,205.70108051911302
2023-02-11,Home,LED Lamp,32,0.05315412991077437,4,121.19627137142088
2023-02-11,Fashion,Hoodie,38,0.06275346789033603,7,249.3075775411706
2023-02-11,Fashion,Sneakers,72,0.0026238537513029736,5,359.0554126495309
2023-02-11,Fashion,Backpack,45,0.03657015514966455,2,86.7086860365302
2023-02-11,Beauty,Face Serum,28,0.06880959331781696,3,78.21999416130338
2023-02-11,Beauty,Hair Dryer,55,0.04007014225207316,4,211.1845687045439
2023-02-11,Beauty,Perfume,60,0.03342065623408088,3,173.98428187786544
2023-02-12,Electronics,Wireless Headphones,65,0.03598877975514068,5,313.30364657957927
2023-02-12,Electronics,Smart Watch,85,0.07856473056975288,4,313.28799160628404
2023-02-12,Electronics,Bluetooth Speaker,48,0.08939800721363475,8,349.67116522996423
2023-02-12,Home,Air Fryer,110,0.07280380989941948,1,101.99158091106386
2023-02-12,Home,Coffee Maker,75,0.0700179780417414,5,348.74325823434697
2023-02-12,Home,LED Lamp,32,0.07640963965077208,5,147.77445765587646
2023-02-12,Fashion,Hoodie,38,0.08162899863720818,6,209.38858831071653
2023-02-12,Fashion,Sneakers,72,0.06887154731185108,8,536.3299887483738
2023-02-12,Fashion,Backpack,45,0.054609167679391606,6,255.25552472656426
2023-02-12,Beauty,Face Serum,28,0.010001266647891374,5,138.5998226692952
2023-02-12,Beauty,Hair Dryer,55,0.07570133913497959,3,152.50927904272837
2023-02-12,Beauty,Perfume,60,0.04775673075220954,10,571.3459615486743
2023-02-13,Electronics,Wireless Headphones,65,0.08965009577399667,6,355.0364626481413
2023-02-13,Electronics,Smart Watch,85,0.04852394456737362,3,242.6263941353197
2023-02-13,Electronics,Bluetooth Speaker,48,0.10827561678895176,3,128.40831118239095
2023-02-13,Home,Air Fryer,110,0.08122556742183738,1,101.06518758359789
2023-02-13,Home,Coffee Maker,75,0.06849078012466406,7,489.04234043455136
2023-02-13,Home,LED Lamp,32,0.035832174367246256,4,123.41348168099248
2023-02-13,Fashion,Hoodie,38,0.030945101724068776,8,294.59268907588313
2023-02-13,Fashion,Sneakers,72,0.02897627153323855,4,279.6548337984273
2023-02-13,Fashion,Backpack,45,0.04760290993585073,7,300.00508337020705
2023-02-13,Beauty,Face Serum,28,0.05502125743189826,5,132.29702395953424
2023-02-13,Beauty,Hair Dryer,55,0.07222457951011621,2,102.05529625388722
2023-02-13,Beauty,Perfume,60,0.027411638835593194,2,116.71060333972882
2023-02-14,Electronics,Wireless Headphones,65,0.04210526284612486,5,311.31578957500943
2023-02-14,Electronics,Smart Watch,85,0.04274835565156871,3,244.09916930884998
2023-02-14,Electronics,Bluetooth Speaker,48,0.07147615145444339,4,178.27657892074686
2023-02-14,Home,Air Fryer,110,0.006866143449807412,5,546.2236211026059
2023-02-14,Home,Coffee Maker,75,0.03833958734981414,1,72.12453094876393
2023-02-14,Home,LED Lamp,32,0.0382294585556116,2,61.55331465244086
2023-02-14,Fashion,Hoodie,38,0.03039644266323978,7,257.9145462515782
2023-02-14,Fashion,Sneakers,72,0.06952953013059354,7,468.95711681418084
2023-02-14,Fashion,Backpack,45,0.05111645702408666,1,42.6997594339161
2023-02-14,Beauty,Face Serum,28,0.08038706041244234,4,102.99664923380645
2023-02-14,Beauty,Hair Dryer,55,0.033331228744828606,3,159.50034725710327
2023-02-14,Beauty,Perfume,60,0.018781434732307214,1,58.87311391606157
2023-02-15,Electronics,Wireless Headphones,65,0.06391541664193887,4,243.38199167309588
2023-02-15,Electronics,Smart Watch,85,0.03440993725926601,6,492.4509319977743
2023-02-15,Electronics,Bluetooth Speaker,48,0.0816443731291639,1,44.081070089800136
2023-02-15,Home,Air Fryer,110,0.030191207234016346,4,426.7158688170328
2023-02-15,Home,Coffee Maker,75,0.056379833793900415,0,0.0
2023-02-15,Home,LED Lamp,32,0.05676213465275498,5,150.91805845555922
2023-02-15,Fashion,Hoodie,38,0.043413068745524114,5,181.75151693835042
2023-02-15,Fashion,Sneakers,72,0.06366667581541213,2,134.83199868258066
2023-02-15,Fashion,Backpack,45,0.020290278635043263,6,264.5216247685383
2023-02-15,Beauty,Face Serum,28,0.06567774000372914,7,183.12716295926907
2023-02-15,Beauty,Hair Dryer,55,0.025323621136577837,0,0.0
2023-02-15,Beauty,Perfume,60,0.0672522853793849,2,111.92972575447382
2023-02-16,Electronics,Wireless Headphones,65,0.04106737349332961,2,124.66124144586716
2023-02-16,Electronics,Smart Watch,85,0.052156345905625144,2,161.13342119604374
2023-02-16,Electronics,Bluetooth Speaker,48,0.04234494802571131,8,367.73953995812684
2023-02-16,Home,Air Fryer,110,0.041428883677254086,1,105.44282279550205
2023-02-16,Home,Coffee Maker,75,0.05801123784615095,0,0.0
2023-02-16,Home,LED Lamp,32,0.04846210800988407,2,60.89842508736742
2023-02-16,Fashion,Hoodie,38,0.08020657063701252,4,139.8086012631741
2023-02-16,Fashion,Sneakers,72,0.0352005298067505,6,416.7933711234838
2023-02-16,Fashion,Backpack,45,0.01368106133094632,4,177.53740896042964
2023-02-16,Beauty,Face Serum,28,0.023117790494465634,1,27.352701866154963
2023-02-16,Beauty,Hair Dryer,55,0.021210161664801098,5,269.1672055421797
2023-02-16,Beauty,Perfume,60,0.056488544139288464,1,56.61068735164269
2023-02-17,Electronics,Wireless Headphones,65,0.058423916901504766,1,61.202445401402194
2023-02-17,Electronics,Smart Watch,85,0.07415324202510265,6,472.1818465671976
2023-02-17,Electronics,Bluetooth Speaker,48,0.03381351428801202,1,46.37695131417542
2023-02-17,Home,Air Fryer,110,0.05826298821468988,4,414.36428518553646
2023-02-17,Home,Coffee Maker,75,0.0,2,150.0
2023-02-17,Home,LED Lamp,32,0.0020796032058730887,6,191.60071618447236
2023-02-17,Fashion,Hoodie,38,0.04000699859275591,3,109.43920216042582
2023-02-17,Fashion,Sneakers,72,0.07683144579472893,6,398.80881541667713
2023-02-17,Fashion,Backpack,45,0.06550930984828396,6,252.31248634096332
2023-02-17,Beauty,Face Serum,28,0.06375634357584248,3,78.64446713962923
2023-02-17,Beauty,Hair Dryer,55,0.024775850560293675,6,321.8239693151031
2023-02-17,Beauty,Perfume,60,0.07718636550371162,4,221.47527227910922
2023-02-18,Electronics,Wireless Headphones,65,0.009843579542615444,4,257.44066931891996
2023-02-18,Electronics,Smart Watch,85,0.06463118828397141,4,318.0253959834497
2023-02-18,Electronics,Bluetooth Speaker,48,0.04006291662676422,5,230.3849000095766
2023-02-18,Home,Air Fryer,110,0.06219978427011469,2,206.31604746057477
2023-02-18,Home,Coffee Maker,75,0.09218882598716596,3,204.25751415288767
2023-02-18,Home,LED Lamp,32,0.027073776338480984,5,155.66819578584304
2023-02-18,Fashion,Hoodie,38,0.05414030375581629,9,323.4840161155108
2023-02-18,Fashion,Sneakers,72,0.05538769923254391,1,68.01208565525684
2023-02-18,Fashion,Backpack,45,0.050750163463273504,2,85.43248528830539
2023-02-18,Beauty,Face Serum,28,0.03479380132002208,7,189.18041494127567
2023-02-18,Beauty,Hair Dryer,55,0.05812211797061462,4,207.21313404646477
2023-02-18,Beauty,Perfume,60,0.06065309867048566,2,112.72162815954172
2023-02-19,Electronics,Wireless Headphones,65,0.06502729593535735,8,486.18580611361415
2023-02-19,Electronics,Smart Watch,85,0.0677415466409469,9,713.1777168196757
2023-02-19,Electronics,Bluetooth Speaker,48,0.0,6,288.0
2023-02-19,Home,Air Fryer,110,0.07361039671350682,5,509.51428180757125
2023-02-19,Home,Coffee Maker,75,0.0471166251298166,2,142.9325062305275
2023-02-19,Home,LED Lamp,32,0.0631550504530974,12,359.74846062601057
2023-02-19,Fashion,Hoodie,38,0.07765015728756966,7,245.34505816150647
2023-02-19,Fashion,Sneakers,72,0.04905612413878674,3,205.40387718602204
2023-02-19,Fashion,Backpack,45,0.026421001890765263,6,262.8663294894934
2023-02-19,Beauty,Face Serum,28,0.10159736339141671,6,150.931642950242
2023-02-19,Beauty,Hair Dryer,55,0.042419959582237564,4,210.66760889190775
2023-02-19,Beauty,Perfume,60,0.03752656125095136,7,404.23884427460047
2023-02-20,Electronics,Wireless Headphones,65,0.01969079267350686,8,509.76078780977645
2023-02-20,Electronics,Smart Watch,85,0.0750869072719416,4,314.47045152753986
2023-02-20,Electronics,Bluetooth Speaker,48,0.06589608345664831,4,179.34795197632351
2023-02-20,Home,Air Fryer,110,0.06364697094347864,4,411.9953327848694
2023-02-20,Home,Coffee Maker,75,0.0343593973399651,2,144.84609039900525
2023-02-20,Home,LED Lamp,32,0.05031446255879583,6,182.33962318871122
2023-02-20,Fashion,Hoodie,38,0.04219329513483368,2,72.79330956975264
2023-02-20,Fashion,Sneakers,72,0.059618082864630856,2,135.41499606749315
2023-02-20,Fashion,Backpack,45,0.061781261446147345,6,253.31905940954022
2023-02-20,Beauty,Face Serum,28,0.043340073120187284,8,214.29182362107804
2023-02-20,Beauty,Hair Dryer,55,0.07622382165903606,1,50.80768980875302
2023-02-20,Beauty,Perfume,60,0.07584523603497441,3,166.3478575137046
2023-02-21,Electronics,Wireless Headphones,65,0.06452997029985631,4,243.22220772203735
2023-02-21,Electronics,Smart Watch,85,0.05283426345063059,1,80.5090876066964
2023-02-21,Electronics,Bluetooth Speaker,48,0.02024141279579075,4,188.1136487432082
2023-02-21,Home,Air Fryer,110,0.06962385721719797,2,204.68275141221645
2023-02-21,Home,Coffee Maker,75,0.0025516120374625903,3,224.42588729157092
2023-02-21,Home,LED Lamp,32,0.05196125326944779,5,151.68619947688836
2023-02-21,Fashion,Hoodie,38,0.04876024230295152,6,216.88266475492705
2023-02-21,Fashion,Sneakers,72,0.11231847166596297,3,191.739210120152
2023-02-21,Fashion,Backpack,45,0.07420613980928235,3,124.98217112574687
2023-02-21,Beauty,Face Serum,28,0.008805571472388224,4,111.01377599509252
2023-02-21,Beauty,Hair Dryer,55,0.06612781719152803,2,102.72594010893191
2023-02-21,Beauty,Perfume,60,0.0384138846593651,1,57.69516692043809
2023-02-22,Electronics,Wireless Headphones,65,0.05870507539862047,5,305.92085049544835
2023-02-22,Electronics,Smart Watch,85,0.0657700041036505,9,714.6859468607073
2023-02-22,Electronics,Bluetooth Speaker,48,0.09161940146870678,10,436.0226872950207
2023-02-22,Home,Air Fryer,110,0.08418503819346054,5,503.6982289935967
2023-02-22,Home,Coffee Maker,75,0.06558227665629927,4,280.32531700311023
2023-02-22,Home,LED Lamp,32,0.050372146880189886,4,121.5523651993357
2023-02-22,Fashion,Hoodie,38,0.010451187064052521,3,112.808564674698
2023-02-22,Fashion,Sneakers,72,0.06316745105261441,4,269.807774096847
2023-02-22,Fashion,Backpack,45,0.023819780998074098,3,131.78432956525998
2023-02-22,Beauty,Face Serum,28,0.06403852886549112,3,78.62076357529875
2023-02-22,Beauty,Hair Dryer,55,0.04785981755647131,8,418.94168027515263
2023-02-22,Beauty,Perfume,60,0.04585873810789946,4,228.99390285410414
2023-02-23,Electronics,Wireless Headphones,65,0.06305900534586172,5,304.50582326259496
2023-02-23,Electronics,Smart Watch,85,0.045535700802653664,0,0.0
2023-02-23,Electronics,Bluetooth Speaker,48,0.030455244256666802,6,279.22888965408
2023-02-23,Home,Air Fryer,110,0.06138246096041441,2,206.4958585887088
2023-02-23,Home,Coffee Maker,75,0.08467481824772095,5,343.2469431571046
2023-02-23,Home,LED Lamp,32,0.05617516768710436,2,60.40478926802532
2023-02-23,Fashion,Hoodie,38,0.08861123695296683,6,207.79663797472358
2023-02-23,Fashion,Sneakers,72,0.040833030158736947,6,414.36013097142563
2023-02-23,Fashion,Backpack,45,0.03420460777293048,4,173.84317060087253
2023-02-23,Beauty,Face Serum,28,0.005331835153877244,8,222.8056689255315
2023-02-23,Beauty,Hair Dryer,55,0.06475801432465976,2,102.87661842428743
2023-02-23,Beauty,Perfume,60,0.06876058886008943,4,223.49745867357854
2023-02-24,Electronics,Wireless Headphones,65,0.06365223077078572,2,121.72520999979785
2023-02-24,Electronics,Smart Watch,85,0.002855959735721794,4,339.0289736898546
2023-02-24,Electronics,Bluetooth Speaker,48,0.09562197544517789,3,130.23043553589437
2023-02-24,Home,Air Fryer,110,0.0945306731895392,2,199.20325189830137
2023-02-24,Home,Coffee Maker,75,0.038077899424168046,0,0.0
2023-02-24,Home,LED Lamp,32,0.008510079041839883,5,158.63838735330563
2023-02-24,Fashion,Hoodie,38,0.02920597064342976,8,295.1213849243974
2023-02-24,Fashion,Sneakers,72,0.05668850715316385,2,135.8368549699444
2023-02-24,Fashion,Backpack,45,0.08079948508162556,10,413.64023171326846
2023-02-24,Beauty,Face Serum,28,0.05577524943138785,4,105.75317206368456
2023-02-24,Beauty,Hair Dryer,55,0.045554356867782766,3,157.48353111681584
2023-02-24,Beauty,Perfume,60,0.042033172735579896,4,229.91203854346082
2023-02-25,Electronics,Wireless Headphones,65,0.05214997662513039,4,246.44100607746608
2023-02-25,Electronics,Smart Watch,85,0.029727776404785286,3,247.41941701677976
2023-02-25,Electronics,Bluetooth Speaker,48,0.05228816098097153,3,136.4705048187401
2023-02-25,Home,Air Fryer,110,0.050258389079558874,1,104.47157720124852
2023-02-25,Home,Coffee Maker,75,0.007106042890542084,5,372.3352339160467
2023-02-25,Home,LED Lamp,32,0.024340038647120168,5,156.10559381646078
2023-02-25,Fashion,Hoodie,38,0.02192055044780096,4,148.66807633193426
2023-02-25,Fashion,Sneakers,72,0.058092972389476624,4,271.2692239518307
2023-02-25,Fashion,Backpack,45,0.025472821047093044,2,87.70744610576163
2023-02-25,Beauty,Face Serum,28,0.0,4,112.0
2023-02-25,Beauty,Hair Dryer,55,0.010037536699667927,1,54.447935481518265
2023-02-25,Beauty,Perfume,60,0.011942144234798509,5,296.4173567295604
2023-02-26,Electronics,Wireless Headphones,65,0.11115794647275809,1,57.77473347927072
2023-02-26,Electronics,Smart Watch,85,0.08381484774391364,3,233.62721382530202
2023-02-26,Electronics,Bluetooth Speaker,48,0.04209086442096391,4,183.91855403117495
2023-02-26,Home,Air Fryer,110,0.022459454260643455,4,430.1178401253169
2023-02-26,Home,Coffee Maker,75,0.014455948273822114,3,221.74741163839002
2023-02-26,Home,LED Lamp,32,0.07747959984463278,4,118.082611219887
2023-02-26,Fashion,Hoodie,38,0.05494329941777895,8,287.2972369769952
2023-02-26,Fashion,Sneakers,72,0.03182514068981633,6,418.25153922199934
2023-02-26,Fashion,Backpack,45,0.0,4,180.0
2023-02-26,Beauty,Face Serum,28,0.034548639830369814,11,297.3590189322461
2023-02-26,Beauty,Hair Dryer,55,0.09251981896070792,3,149.7342298714832
2023-02-26,Beauty,Perfume,60,0.058185277379938505,5,282.5444167860185
2023-02-27,Electronics,Wireless Headphones,65,0.06099809916719161,5,305.17561777066277
2023-02-27,Electronics,Smart Watch,85,0.033030295653945545,6,493.1545492164878
2023-02-27,Electronics,Bluetooth Speaker,48,0.05633011275738375,3,135.88846376293674
2023-02-27,Home,Air Fryer,110,0.061742417987133834,5,516.0416701070764
2023-02-27,Home,Coffee Maker,75,0.06717384169427042,3,209.88588561878916
2023-02-27,Home,LED Lamp,32,0.016085003726522155,8,251.88223904601034
2023-02-27,Fashion,Hoodie,38,0.06487381145442005,9,319.81315648258834
2023-02-27,Fashion,Sneakers,72,0.049216132483087455,7,479.19506922852395
2023-02-27,Fashion,Backpack,45,0.05152537138535514,5,213.40679143829507
2023-02-27,Beauty,Face Serum,28,0.03645999246415198,2,53.95824042200749
2023-02-27,Beauty,Hair Dryer,55,0.07164542507949549,3,153.17850486188325
2023-02-27,Beauty,Perfume,60,0.056123480676111705,2,113.2651823188666
2023-02-28,Electronics,Wireless Headphones,65,0.054535784948759054,2,122.91034795666131
2023-02-28,Electronics,Smart Watch,85,0.04451015026853101,4,324.8665489086995
2023-02-28,Electronics,Bluetooth Speaker,48,0.07769193348709401,8,354.1662975409559
2023-02-28,Home,Air Fryer,110,0.0070937830628862095,5,546.0984193154126
2023-02-28,Home,Coffee Maker,75,0.030866112121992393,3,218.0551247725517
2023-02-28,Home,LED Lamp,32,0.07044279015657282,3,89.23749214496901
2023-02-28,Fashion,Hoodie,38,0.09626030805937565,4,137.36843317497488
2023-02-28,Fashion,Sneakers,72,0.08671909361636454,3,197.26867577886526
2023-02-28,Fashion,Backpack,45,0.06367805763598351,3,126.40346221914223
2023-02-28,Beauty,Face Serum,28,0.03234061244710519,3,81.28338855444316
2023-02-28,Beauty,Hair Dryer,55,0.025000380479740073,2,107.2499581472286
2023-02-28,Beauty,Perfume,60,0.0752515924216232,2,110.96980890940522
2023-03-01,Electronics,Wireless Headphones,65,0.05874429544287649,4,244.7264831848521
2023-03-01,Electronics,Smart Watch,85,0.08457180597601835,2,155.62279298407688
2023-03-01,Electronics,Bluetooth Speaker,48,0.04634714921013638,2,91.55067367582691
2023-03-01,Home,Air Fryer,110,0.006667473883798028,8,874.1326229822577
2023-03-01,Home,Coffee Maker,75,0.08636295102397593,0,0.0
2023-03-01,Home,LED Lamp,32,0.05902994710134991,3,90.33312507827041
2023-03-01,Fashion,Hoodie,38,0.016708880998562922,2,74.73012504410922
2023-03-01,Fashion,Sneakers,72,0.07653796926034392,8,531.9141297060419
2023-03-01,Fashion,Backpack,45,0.05841559266568357,7,296.5990883103097
2023-03-01,Beauty,Face Serum,28,0.014574777172425356,3,82.77571871751627
2023-03-01,Beauty,Hair Dryer,55,0.04081011334599535,3,158.26633129791077
2023-03-01,Beauty,Perfume,60,0.06440722979295527,3,168.40669863726805
2023-03-02,Electronics,Wireless Headphones,65,0.057957280066327874,5,306.16388397844344
2023-03-02,Electronics,Smart Watch,85,0.050221132667423646,5,403.65601861634497
2023-03-02,Electronics,Bluetooth Speaker,48,0.05127550098742962,7,318.77143166822367
2023-03-02,Home,Air Fryer,110,0.032766368694566464,8,851.1655955487814
2023-03-02,Home,Coffee Maker,75,0.09875347460437547,1,67.59348940467184
2023-03-02,Home,LED Lamp,32,0.08519397013135496,4,117.09517182318656
2023-03-02,Fashion,Hoodie,38,0.055652700251109286,2,71.7703947809157
2023-03-02,Fashion,Sneakers,72,0.02197053339717748,3,211.25436478620966
2023-03-02,Fashion,Backpack,45,0.043307229323813146,8,344.4093974434273
2023-03-02,Beauty,Face Serum,28,0.006564451773447236,4,111.26478140137391
2023-03-02,Beauty,Hair Dryer,55,0.07169438801315454,6,306.340851955659
2023-03-02,Beauty,Perfume,60,0.07894922631413874,3,165.78913926345504
2023-03-03,Electronics,Wireless Headphones,65,0.04032758623371868,5,311.8935344740414
2023-03-03,Electronics,Smart Watch,85,0.04054286956589484,1,81.55385608689895
2023-03-03,Electronics,Bluetooth Speaker,48,0.09230787890294531,5,217.8461090632931
2023-03-03,Home,Air Fryer,110,0.010653526736602865,4,435.3124482358947
2023-03-03,Home,Coffee Maker,75,0.04346446982067406,3,215.22049429034834
2023-03-03,Home,LED Lamp,32,0.03891575301182183,2,61.509391807243404
2023-03-03,Fashion,Hoodie,38,0.0,7,266.0
2023-03-03,Fashion,Sneakers,72,0.04928304280813002,4,273.80648367125855
2023-03-03,Fashion,Backpack,45,0.03210356390546917,4,174.22135849701556
2023-03-03,Beauty,Face Serum,28,0.026669361232766624,2,54.506515770965066
2023-03-03,Beauty,Hair Dryer,55,0.0761266166442781,0,0.0
2023-03-03,Beauty,Perfume,60,0.06443331854461701,6,336.8040053239379
2023-03-04,Electronics,Wireless Headphones,65,0.07804460377461471,5,299.6355037732502
2023-03-04,Electronics,Smart Watch,85,0.027656091542638195,3,247.94769665662727
2023-03-04,Electronics,Bluetooth Speaker,48,0.031232551587395973,7,325.5058626666349
2023-03-04,Home,Air Fryer,110,0.05847486276187065,4,414.27106038477694
2023-03-04,Home,Coffee Maker,75,0.04552085016966467,4,286.3437449491006
2023-03-04,Home,LED Lamp,32,0.09428773206216866,4,115.93117029604241
2023-03-04,Fashion,Hoodie,38,0.06805685367945007,9,318.7245560416281
2023-03-04,Fashion,Sneakers,72,0.023114506084529543,6,422.0145333714832
2023-03-04,Fashion,Backpack,45,0.01833509325672894,5,220.87460401723598
2023-03-04,Beauty,Face Serum,28,0.047941858045181654,3,79.97288392420474
2023-03-04,Beauty,Hair Dryer,55,0.08570845765659782,4,201.14413931554847
2023-03-04,Beauty,Perfume,60,0.08089996206908484,4,220.58400910341962
2023-03-05,Electronics,Wireless Headphones,65,0.04528139467471931,10,620.5670934614325
2023-03-05,Electronics,Smart Watch,85,0.09769871233367204,5,383.4780472581894
2023-03-05,Electronics,Bluetooth Speaker,48,0.07045175233186216,1,44.61831588807061
2023-03-05,Home,Air Fryer,110,0.024493417697039485,4,429.22289621330265
2023-03-05,Home,Coffee Maker,75,0.06060620343637972,1,70.45453474227152
2023-03-05,Home,LED Lamp,32,0.08500914792203326,0,0.0
2023-03-05,Fashion,Hoodie,38,0.043305135658120435,7,254.48083391493995
2023-03-05,Fashion,Sneakers,72,0.03457551240613056,4,278.0422524270344
2023-03-05,Fashion,Backpack,45,0.03124452324394669,6,261.5639787241344
2023-03-05,Beauty,Face Serum,28,0.06281487483578072,2,52.48236700919628
2023-03-05,Beauty,Hair Dryer,55,0.09234415601906232,9,449.28964277056417
2023-03-05,Beauty,Perfume,60,0.02575454841845437,5,292.2736354744637
2023-03-06,Electronics,Wireless Headphones,65,0.032473979400304887,9,566.0027220508217
2023-03-06,Electronics,Smart Watch,85,0.045766437324465864,5,405.549264137102
2023-03-06,Electronics,Bluetooth Speaker,48,0.023593875183370108,7,328.07245793838763
2023-03-06,Home,Air Fryer,110,0.07598134024085151,2,203.28410514701267
2023-03-06,Home,Coffee Maker,75,0.08578692784818542,3,205.6979412341583
2023-03-06,Home,LED Lamp,32,0.049806842972357955,3,91.21854307465364
2023-03-06,Fashion,Hoodie,38,0.056808335028208215,5,179.20641634464045
2023-03-06,Fashion,Sneakers,72,0.04240483033683056,4,275.78740886299283
2023-03-06,Fashion,Backpack,45,0.058958816275350906,5,211.73426633804604
2023-03-06,Beauty,Face Serum,28,0.06978747330212062,3,78.13785224262186
2023-03-06,Beauty,Hair Dryer,55,0.0316481632964118,3,159.77805305609203
2023-03-06,Beauty,Perfume,60,0.06253020817785536,1,56.24818750932868
2023-03-07,Electronics,Wireless Headphones,65,0.06605382380748157,2,121.4130029050274
2023-03-07,Electronics,Smart Watch,85,0.05778432822804153,6,480.5299926036988
2023-03-07,Electronics,Bluetooth Speaker,48,0.07002945930704324,7,312.4701016728335
2023-03-07,Home,Air Fryer,110,0.03853979313617106,6,634.5637365301271
2023-03-07,Home,Coffee Maker,75,0.056001787816052015,1,70.7998659137961
2023-03-07,Home,LED Lamp,32,0.07171756688079207,3,89.11511357944396
2023-03-07,Fashion,Hoodie,38,0.06393491392984058,6,213.42283962399634
2023-03-07,Fashion,Sneakers,72,0.02149538182128304,3,211.35699752660287
2023-03-07,Fashion,Backpack,45,0.02493154969628533,7,307.14656184567013
2023-03-07,Beauty,Face Serum,28,0.05168636415169654,3,79.65834541125749
2023-03-07,Beauty,Hair Dryer,55,0.06967711105245511,3,153.5032766763449
2023-03-07,Beauty,Perfume,60,0.0060022782010888745,1,59.63986330793467
2023-03-08,Electronics,Wireless Headphones,65,0.0,4,260.0
2023-03-08,Electronics,Smart Watch,85,0.07202308657997995,4,315.5121505628068
2023-03-08,Electronics,Bluetooth Speaker,48,0.026384301670209998,6,280.4013211189795
2023-03-08,Home,Air Fryer,110,0.028310226568418154,4,427.543500309896
2023-03-08,Home,Coffee Maker,75,0.03447470612981564,0,0.0
2023-03-08,Home,LED Lamp,32,0.0641742664895931,2,59.89284694466604
2023-03-08,Fashion,Hoodie,38,0.05378792429369946,10,359.5605887683942
2023-03-08,Fashion,Sneakers,72,0.022615157769599083,4,281.48683456235545
2023-03-08,Fashion,Backpack,45,0.032276024473853956,4,174.1903155947063
2023-03-08,Beauty,Face Serum,28,0.05902502759078601,8,210.77839381966393
2023-03-08,Beauty,Hair Dryer,55,0.07697809448310523,1,50.76620480342921
2023-03-08,Beauty,Perfume,60,0.060554666535936004,6,338.20032004706303
2023-03-09,Electronics,Wireless Headphones,65,0.03541191553022399,6,376.18935294321267
2023-03-09,Electronics,Smart Watch,85,0.05386980611309596,3,241.2631994411605
2023-03-09,Electronics,Bluetooth Speaker,48,0.05617756412076052,3,135.9104307666105
2023-03-09,Home,Air Fryer,110,0.04183441666080492,3,316.19464250193437
2023-03-09,Home,Coffee Maker,75,0.0,2,150.0
2023-03-09,Home,LED Lamp,32,0.07249564580320708,2,59.360278668594745
2023-03-09,Fashion,Hoodie,38,0.04738033365880474,3,108.59864196289625
2023-03-09,Fashion,Sneakers,72,0.00628704926291191,5,357.7366622653517
2023-03-09,Fashion,Backpack,45,0.025325506105098206,7,307.0224655768941
2023-03-09,Beauty,Face Serum,28,0.08014182862979889,4,103.02411519346252
2023-03-09,Beauty,Hair Dryer,55,0.0900218780919273,3,150.146390114832
2023-03-09,Beauty,Perfume,60,0.044074403174005836,4,229.42214323823862
2023-03-10,Electronics,Wireless Headphones,65,0.05782914018330874,7,428.68774121659453
2023-03-10,Electronics,Smart Watch,85,0.0,6,510.0
2023-03-10,Electronics,Bluetooth Speaker,48,0.050631570777459764,8,364.55747682145545
2023-03-10,Home,Air Fryer,110,0.09942438420282951,4,396.253270950755
2023-03-10,Home,Coffee Maker,75,0.04900594421429565,5,356.62277091963915
2023-03-10,Home,LED Lamp,32,0.015547466461649395,4,126.00992429290888
2023-03-10,Fashion,Hoodie,38,0.0027536835242470345,8,303.1628802086289
2023-03-10,Fashion,Sneakers,72,0.0,5,360.0
2023-03-10,Fashion,Backpack,45,0.011597876023881896,4,177.91238231570128
2023-03-10,Beauty,Face Serum,28,0.07170441949316671,1,25.99227625419133
2023-03-10,Beauty,Hair Dryer,55,0.0315610783983014,1,53.26414068809343
2023-03-10,Beauty,Perfume,60,0.10092819742399534,2,107.88861630912056
2023-03-11,Electronics,Wireless Headphones,65,0.06665718206282861,8,485.33826532732917
2023-03-11,Electronics,Smart Watch,85,0.10383669817927195,4,304.69552261904755
2023-03-11,Electronics,Bluetooth Speaker,48,0.01620510184841726,2,94.44431022255193
2023-03-11,Home,Air Fryer,110,0.06445995495042098,3,308.72821486636104
2023-03-11,Home,Coffee Maker,75,0.04304083899247254,4,287.0877483022582
2023-03-11,Home,LED Lamp,32,0.022446574268411897,7,218.97196736387573
2023-03-11,Fashion,Hoodie,38,0.10265600744258332,10,340.99071717181835
2023-03-11,Fashion,Sneakers,72,0.04762888482678745,3,205.7121608774139
2023-03-11,Fashion,Backpack,45,0.006773221331443716,5,223.47602520042514
2023-03-11,Beauty,Face Serum,28,0.017123634774060516,5,137.60269113163153
2023-03-11,Beauty,Hair Dryer,55,0.06709071823699303,5,256.5500524848269
2023-03-11,Beauty,Perfume,60,0.056419594537846424,4,226.45929731091687
2023-03-12,Electronics,Wireless Headphones,65,0.03695949156604601,3,187.79289914462103
2023-03-12,Electronics,Smart Watch,85,0.04936764336087619,5,404.0187515716276
2023-03-12,Electronics,Bluetooth Speaker,48,0.10162560644252139,5,215.60985445379487
2023-03-12,Home,Air Fryer,110,0.0334162639583885,3,318.9726328937318
2023-03-12,Home,Coffee Maker,75,0.03779728061653496,1,72.16520395375987
2023-03-12,Home,LED Lamp,32,0.07472661553438849,7,207.26123812029698
2023-03-12,Fashion,Hoodie,38,0.007211515620419419,8,301.8076992513925
2023-03-12,Fashion,Sneakers,72,0.010990813151422613,6,427.25196871858543
2023-03-12,Fashion,Backpack,45,0.05124351663611496,6,256.164250508249
2023-03-12,Beauty,Face Serum,28,0.010233757543264548,5,138.56727394394298
2023-03-12,Beauty,Hair Dryer,55,0.01822617906486102,4,215.99024060573058
2023-03-12,Beauty,Perfume,60,0.026651488683843413,4,233.60364271587758
2023-03-13,Electronics,Wireless Headphones,65,0.0706185686636992,10,604.0979303685955
2023-03-13,Electronics,Smart Watch,85,0.08130108909246657,2,156.1788148542807
2023-03-13,Electronics,Bluetooth Speaker,48,0.07534742085256889,0,0.0
2023-03-13,Home,Air Fryer,110,0.029392519794559917,5,533.8341141129921
2023-03-13,Home,Coffee Maker,75,0.024766889460103882,4,292.56993316196883
2023-03-13,Home,LED Lamp,32,0.07737885203281493,4,118.09550693979969
2023-03-13,Fashion,Hoodie,38,0.04955378404269021,1,36.11695620637777
2023-03-13,Fashion,Sneakers,72,0.023789308936636857,3,210.86150926968642
2023-03-13,Fashion,Backpack,45,0.04261798818199872,2,86.16438106362011
2023-03-13,Beauty,Face Serum,28,0.08097124711683648,8,205.86244064582863
2023-03-13,Beauty,Hair Dryer,55,0.03286170967867372,3,159.57781790301883
2023-03-13,Beauty,Perfume,60,0.04447953036124177,2,114.66245635665099
2023-03-14,Electronics,Wireless Headphones,65,0.03165128020965169,2,125.88533357274528
2023-03-14,Electronics,Smart Watch,85,0.06273119961032714,5,398.339240165611
2023-03-14,Electronics,Bluetooth Speaker,48,0.026323429322651207,2,93.47295078502549
2023-03-14,Home,Air Fryer,110,0.09015497900041228,1,100.08295230995465
2023-03-14,Home,Coffee Maker,75,0.029586409345081967,2,145.5620385982377
2023-03-14,Home,LED Lamp,32,0.06988388534482692,6,178.58229401379322
2023-03-14,Fashion,Hoodie,38,0.06634965580587789,4,141.91485231750656
2023-03-14,Fashion,Sneakers,72,0.08704338986355319,4,262.9315037192967
2023-03-14,Fashion,Backpack,45,0.05032634814188601,5,213.67657166807567
2023-03-14,Beauty,Face Serum,28,0.06172174006354712,5,131.3589563911034
2023-03-14,Beauty,Hair Dryer,55,0.07697471600355947,2,101.53278123960847
2023-03-14,Beauty,Perfume,60,0.0338180518978171,11,637.6800857474408
2023-03-15,Electronics,Wireless Headphones,65,0.05441969094407882,5,307.3136004431744
2023-03-15,Electronics,Smart Watch,85,0.10579465363730979,4,304.02981776331467
2023-03-15,Electronics,Bluetooth Speaker,48,0.08483798774025153,6,263.56665953080756
2023-03-15,Home,Air Fryer,110,0.048492143672156166,3,313.99759258818847
2023-03-15,Home,Coffee Maker,75,0.06541269356169509,3,210.2821439486186
2023-03-15,Home,LED Lamp,32,0.0627849749043593,4,119.96352321224201
2023-03-15,Fashion,Hoodie,38,0.04450922120206462,6,217.85189756592928
2023-03-15,Fashion,Sneakers,72,0.024986857896065195,6,421.2056773888998
2023-03-15,Fashion,Backpack,45,0.03215012256913302,6,261.31946690633407
2023-03-15,Beauty,Face Serum,28,0.07314111553485232,3,77.8561462950724
2023-03-15,Beauty,Hair Dryer,55,0.05917860942215514,6,310.4710588906888
2023-03-15,Beauty,Perfume,60,0.0583961418221456,7,395.47362043469883
2023-03-16,Electronics,Wireless Headphones,65,0.07636334241355205,9,540.3274446880721
2023-03-16,Electronics,Smart Watch,85,0.08695822751100574,4,310.4342026462581
2023-03-16,Electronics,Bluetooth Speaker,48,0.05597896711443097,4,181.25203831402925
2023-03-16,Home,Air Fryer,110,0.062428406009652354,1,103.13287533893823
2023-03-16,Home,Coffee Maker,75,0.07181246255357635,6,417.6843918508907
2023-03-16,Home,LED Lamp,32,0.03347108178465896,2,61.857850765781826
2023-03-16,Fashion,Hoodie,38,0.05957177838428678,5,178.68136210698552
2023-03-16,Fashion,Sneakers,72,0.07318126268364716,5,333.654745433887
2023-03-16,Fashion,Backpack,45,0.11068680110844024,3,120.05728185036057
2023-03-16,Beauty,Face Serum,28,0.06548913015313856,3,78.49891306713636
2023-03-16,Beauty,Hair Dryer,55,0.04222001889421017,7,368.7452927257291
2023-03-16,Beauty,Perfume,60,0.062298255033907735,3,168.7863140938966
2023-03-17,Electronics,Wireless Headphones,65,0.06736721305993018,6,363.72678690662724
2023-03-17,Electronics,Smart Watch,85,0.0906963492173516,3,231.87243094957535
2023-03-17,Electronics,Bluetooth Speaker,48,0.0575935625612832,5,226.17754498529203
2023-03-17,Home,Air Fryer,110,0.06989302702201373,2,204.623534055157
2023-03-17,Home,Coffee Maker,75,0.054701850857475934,2,141.7947223713786
2023-03-17,Home,LED Lamp,32,0.047990040152353156,2,60.928637430249395
2023-03-17,Fashion,Hoodie,38,0.03587991622243934,4,146.5462527341892
2023-03-17,Fashion,Sneakers,72,0.049879290693084756,3,205.2260732102937
2023-03-17,Fashion,Backpack,45,0.04190193815178623,7,301.80088948218736
2023-03-17,Beauty,Face Serum,28,0.09454740564662316,4,101.41069056757821
2023-03-17,Beauty,Hair Dryer,55,0.04835923295283534,1,52.34024218759406
2023-03-17,Beauty,Perfume,60,0.049672214225083236,2,114.03933429299
2023-03-18,Electronics,Wireless Headphones,65,0.03328530356381276,6,377.01873161011304
2023-03-18,Electronics,Smart Watch,85,0.026734911132762194,4,330.9101302148609
2023-03-18,Electronics,Bluetooth Speaker,48,0.02928614616415994,4,186.3770599364813
2023-03-18,Home,Air Fryer,110,0.0646229499936676,3,308.6744265020897
2023-03-18,Home,Coffee Maker,75,0.07889377593746046,7,483.5807676328332
2023-03-18,Home,LED Lamp,32,0.022869117721446425,1,31.268188232913715
2023-03-18,Fashion,Hoodie,38,0.07357389390274158,10,352.04192031695817
2023-03-18,Fashion,Sneakers,72,0.07515976194049373,6,399.5309828417067
2023-03-18,Fashion,Backpack,45,0.02653638631726918,4,175.22345046289155
2023-03-18,Beauty,Face Serum,28,0.06209253484021284,3,78.78422707342213
2023-03-18,Beauty,Hair Dryer,55,0.07904336975036748,3,151.95784399118935
2023-03-18,Beauty,Perfume,60,0.0035994827528302575,10,597.8403103483018
2023-03-19,Electronics,Wireless Headphones,65,0.02342128224611443,4,253.91046661601027
2023-03-19,Electronics,Smart Watch,85,0.04257138156924645,6,488.2885953996843
2023-03-19,Electronics,Bluetooth Speaker,48,0.06588523252545726,5,224.18754419389023
2023-03-19,Home,Air Fryer,110,0.036681608174118134,2,211.930046201694
2023-03-19,Home,Coffee Maker,75,0.025353125625186358,5,365.49257789055514
2023-03-19,Home,LED Lamp,32,0.036385731702627204,3,92.50696975654779
2023-03-19,Fashion,Hoodie,38,0.03767439361543954,5,182.84186521306648
2023-03-19,Fashion,Sneakers,72,0.026365433016004622,3,210.305066468543
2023-03-19,Fashion,Backpack,45,0.0826101274233475,6,247.69526559569618
2023-03-19,Beauty,Face Serum,28,0.05187453044974591,3,79.64253944222135
2023-03-19,Beauty,Hair Dryer,55,0.02984831317621088,4,213.4333711012336
2023-03-19,Beauty,Perfume,60,0.044308059270354305,4,229.36606577511498
2023-03-20,Electronics,Wireless Headphones,65,0.0541612210987057,3,184.4385618857524
2023-03-20,Electronics,Smart Watch,85,0.01989957715409852,8,666.468287535213
2023-03-20,Electronics,Bluetooth Speaker,48,0.06796554063477633,5,223.6882702476537
2023-03-20,Home,Air Fryer,110,0.06401320688182112,0,0.0
2023-03-20,Home,Coffee Maker,75,0.035520125386877516,4,289.34396238393674
2023-03-20,Home,LED Lamp,32,0.06272793922627423,6,179.95623566855534
2023-03-20,Fashion,Hoodie,38,0.07161446128214687,3,105.83595141383526
2023-03-20,Fashion,Sneakers,72,0.07566064201368047,7,465.867036425105
2023-03-20,Fashion,Backpack,45,0.053948333720867395,4,170.28929993024389
2023-03-20,Beauty,Face Serum,28,0.0453150194774004,1,26.73117945463279
2023-03-20,Beauty,Hair Dryer,55,0.045294436967701746,6,315.05283580065844
2023-03-20,Beauty,Perfume,60,0.018471906716321623,7,412.24179917914495
2023-03-21,Electronics,Wireless Headphones,65,0.03292310981977472,5,314.29998930857323
2023-03-21,Electronics,Smart Watch,85,0.04743215133312754,3,242.9048014100525
2023-03-21,Electronics,Bluetooth Speaker,48,0.06656495376063128,3,134.41464665846908
2023-03-21,Home,Air Fryer,110,0.08072037506791513,1,101.12075874252935
2023-03-21,Home,Coffee Maker,75,0.0879846918911378,6,410.406888648988
2023-03-21,Home,LED Lamp,32,0.06462069092649034,6,179.59282734211385
2023-03-21,Fashion,Hoodie,38,0.05110474798890098,8,288.4641566113741
2023-03-21,Fashion,Sneakers,72,0.04169344609282315,6,413.9884312879004
2023-03-21,Fashion,Backpack,45,0.03383102708801072,9,391.2984340293557
2023-03-21,Beauty,Face Serum,28,0.03729697518960783,5,134.7784234734549
2023-03-21,Beauty,Hair Dryer,55,0.09738459063691669,4,198.57539005987832
2023-03-21,Beauty,Perfume,60,0.06501862907211896,5,280.4944112783643
2023-03-22,Electronics,Wireless Headphones,65,0.05621805650797549,6,368.07495796188954
2023-03-22,Electronics,Smart Watch,85,0.06497085431640173,4,317.9099095324234
2023-03-22,Electronics,Bluetooth Speaker,48,0.05416837924083398,4,181.5996711857599
2023-03-22,Home,Air Fryer,110,0.059571142721628625,2,206.8943486012417
2023-03-22,Home,Coffee Maker,75,0.04980222524688184,2,142.52966621296773
2023-03-22,Home,LED Lamp,32,0.06993181402923201,3,89.28654585319373
2023-03-22,Fashion,Hoodie,38,0.036413741817414406,4,146.465111243753
2023-03-22,Fashion,Sneakers,72,0.05105953071740314,4,273.2948551533879
2023-03-22,Fashion,Backpack,45,0.005456687522472491,3,134.2633471844662
2023-03-22,Beauty,Face Serum,28,0.06301802246754348,4,104.94198148363513
2023-03-22,Beauty,Hair Dryer,55,0.04675449570818617,3,157.28550820814928
2023-03-22,Beauty,Perfume,60,0.07871238246450878,2,110.55451410425896
2023-03-23,Electronics,Wireless Headphones,65,0.11028110099099211,5,289.15864217792756
2023-03-23,Electronics,Smart Watch,85,0.053312984645701444,3,241.40518891534614
2023-03-23,Electronics,Bluetooth Speaker,48,0.07775977430893657,6,265.6051849990263
2023-03-23,Home,Air Fryer,110,0.05426567709047704,2,208.06155104009505
2023-03-23,Home,Coffee Maker,75,0.09422708314425299,6,407.59781258508616
2023-03-23,Home,LED Lamp,32,0.07812332089261607,6,177.00032238861772
2023-03-23,Fashion,Hoodie,38,0.030609763018459895,4,147.3473160211941
2023-03-23,Fashion,Sneakers,72,0.046251609988310835,7,480.68918856589136
2023-03-23,Fashion,Backpack,45,0.07208498922331068,4,167.0247019398041
2023-03-23,Beauty,Face Serum,28,0.043274237893483496,2,53.57664267796493
2023-03-23,Beauty,Hair Dryer,55,0.016767531926955022,2,108.15557148803495
2023-03-23,Beauty,Perfume,60,0.04489326280481753,0,0.0
2023-03-24,Electronics,Wireless Headphones,65,0.05521604766217518,6,368.4657414117517
2023-03-24,Electronics,Smart Watch,85,0.045626752949904,1,81.12172599925816
2023-03-24,Electronics,Bluetooth Speaker,48,0.043010221162061824,5,229.67754692110518
2023-03-24,Home,Air Fryer,110,0.06424269703806744,5,514.6665166290629
2023-03-24,Home,Coffee Maker,75,0.013634310074097426,3,221.93228023332807
2023-03-24,Home,LED Lamp,32,0.038317369755332474,9,276.9645975104642
2023-03-24,Fashion,Hoodie,38,0.06151855025296159,4,142.64918036154984
2023-03-24,Fashion,Sneakers,72,0.05056200740384341,3,205.07860640076981
2023-03-24,Fashion,Backpack,45,0.033823809014781825,2,86.95585718866964
2023-03-24,Beauty,Face Serum,28,0.09937227713393397,8,201.7406099219988
2023-03-24,Beauty,Hair Dryer,55,0.09995722458353337,3,148.507057943717
2023-03-24,Beauty,Perfume,60,0.05128494635792731,6,341.53741931114615
2023-03-25,Electronics,Wireless Headphones,65,0.05131530189778452,6,369.987032259864
2023-03-25,Electronics,Smart Watch,85,0.06435885708198089,4,318.1179885921265
2023-03-25,Electronics,Bluetooth Speaker,48,0.04393758019804917,6,275.34597690296187
2023-03-25,Home,Air Fryer,110,0.04741778962403612,4,419.13617256542415
2023-03-25,Home,Coffee Maker,75,0.06322338867394747,2,140.51649169890788
2023-03-25,Home,LED Lamp,32,0.021960848468058528,4,125.1890113960885
2023-03-25,Fashion,Hoodie,38,0.012910832848709919,3,112.52816505524706
2023-03-25,Fashion,Sneakers,72,0.07622259287928956,5,332.5598665634558
2023-03-25,Fashion,Backpack,45,0.027207843091794078,7,306.42952942608486
2023-03-25,Beauty,Face Serum,28,0.08053390323283356,7,180.2153549663646
2023-03-25,Beauty,Hair Dryer,55,0.08815757999966099,2,100.3026662000373
2023-03-25,Beauty,Perfume,60,0.040125068217545634,5,287.9624795347363
2023-03-26,Electronics,Wireless Headphones,65,0.04483501848581259,4,248.34289519368872
2023-03-26,Electronics,Smart Watch,85,0.0545239989355283,4,321.4618403619204
2023-03-26,Electronics,Bluetooth Speaker,48,0.025845365698189068,4,187.0376897859477
2023-03-26,Home,Air Fryer,110,0.05507916191852596,2,207.8825843779243
2023-03-26,Home,Coffee Maker,75,0.04528816474066091,8,572.8271011556035
2023-03-26,Home,LED Lamp,32,0.051174404907487446,3,91.0872571288812
2023-03-26,Fashion,Hoodie,38,0.05222530634197557,12,432.1852603080592
2023-03-26,Fashion,Sneakers,72,0.034104936086309226,7,486.8111122125001
2023-03-26,Fashion,Backpack,45,0.07192077240160133,9,375.8720871773515
2023-03-26,Beauty,Face Serum,28,0.02007364111441909,4,109.75175219518506
2023-03-26,Beauty,Hair Dryer,55,0.023701804450504422,5,268.4820037761113
2023-03-26,Beauty,Perfume,60,0.028236700681764617,2,116.61159591818824
2023-03-27,Electronics,Wireless Headphones,65,0.058843761959312374,4,244.7006218905788
2023-03-27,Electronics,Smart Watch,85,0.016696356107708858,4,334.323238923379
2023-03-27,Electronics,Bluetooth Speaker,48,0.10138692146546546,3,129.40028330897297
2023-03-27,Home,Air Fryer,110,0.05905312439856744,4,414.0166252646303
2023-03-27,Home,Coffee Maker,75,0.06943387656844657,2,139.584918514733
2023-03-27,Home,LED Lamp,32,0.03702886716797056,5,154.0753812531247
2023-03-27,Fashion,Hoodie,38,0.03228721282952704,6,220.63851547486783
2023-03-27,Fashion,Sneakers,72,0.03197344713003018,6,418.187470839827
2023-03-27,Fashion,Backpack,45,0.06097041308404242,3,126.76899423365428
2023-03-27,Beauty,Face Serum,28,0.03908011099730426,3,80.71727067622645
2023-03-27,Beauty,Hair Dryer,55,0.04284216483032965,3,157.93104280299562
2023-03-27,Beauty,Perfume,60,0.04472925716609582,4,229.26497828013703
2023-03-28,Electronics,Wireless Headphones,65,0.04948761094567924,4,247.1332211541234
2023-03-28,Electronics,Smart Watch,85,0.03871922777733932,8,653.6709251114092
2023-03-28,Electronics,Bluetooth Speaker,48,0.033959189021549596,5,231.8497946348281
2023-03-28,Home,Air Fryer,110,0.008478328104947919,4,436.26953563382295
2023-03-28,Home,Coffee Maker,75,0.034085766815504126,3,217.33070246651158
2023-03-28,Home,LED Lamp,32,0.10208027397647586,6,172.40058739651664
2023-03-28,Fashion,Hoodie,38,0.0308051110067141,5,184.1470289087243
2023-03-28,Fashion,Sneakers,72,0.07524214346297055,6,399.4953940239967
2023-03-28,Fashion,Backpack,45,0.06385403712705433,13,547.6453882806733
2023-03-28,Beauty,Face Serum,28,0.04517098307653429,6,160.41127484314222
2023-03-28,Beauty,Hair Dryer,55,0.07565179925383833,3,152.51745312311667
2023-03-28,Beauty,Perfume,60,0.07484711508694811,4,222.03669237913246
2023-03-29,Electronics,Wireless Headphones,65,0.0726016237325065,4,241.1235778295483
2023-03-29,Electronics,Smart Watch,85,0.049249413804788214,6,484.88279895955804
2023-03-29,Electronics,Bluetooth Speaker,48,0.047503865653214086,4,182.87925779458288
2023-03-29,Home,Air Fryer,110,0.036733327756522674,5,529.7966697339125
2023-03-29,Home,Coffee Maker,75,0.037883895259607336,1,72.15870785552946
2023-03-29,Home,LED Lamp,32,0.05602849230000055,5,151.03544123199993
2023-03-29,Fashion,Hoodie,38,0.050308636435653496,6,216.529630892671
2023-03-29,Fashion,Sneakers,72,0.05128886408312398,5,341.53600893007535
2023-03-29,Fashion,Backpack,45,0.04493377516749479,3,128.93394035238822
2023-03-29,Beauty,Face Serum,28,0.047021874157091734,4,106.73355009440573
2023-03-29,Beauty,Hair Dryer,55,0.057045740610465356,7,363.0373898649708
2023-03-29,Beauty,Perfume,60,0.08715376614651238,5,273.8538701560463
2023-03-30,Electronics,Wireless Headphones,65,0.08926359001797537,7,414.38506654182123
2023-03-30,Electronics,Smart Watch,85,0.10243776535111421,5,381.4639497257765
2023-03-30,Electronics,Bluetooth Speaker,48,0.05740898595570229,6,271.46621204475775
2023-03-30,Home,Air Fryer,110,0.036690553767519174,3,317.8921172567187
2023-03-30,Home,Coffee Maker,75,0.11411283295731896,6,398.64922516920643
2023-03-30,Home,LED Lamp,32,0.04378941980072417,5,152.99369283188415
2023-03-30,Fashion,Hoodie,38,0.06555646870675516,8,284.07083351314645
2023-03-30,Fashion,Sneakers,72,0.06603582461834293,4,268.9816825099172
2023-03-30,Fashion,Backpack,45,0.07017742789137406,6,251.052094469329
2023-03-30,Beauty,Face Serum,28,0.07689088503197156,2,51.69411043820959
2023-03-30,Beauty,Hair Dryer,55,0.05086765167855306,2,104.40455831535915
2023-03-30,Beauty,Perfume,60,0.026447029453730703,3,175.23953469832847
2023-03-31,Electronics,Wireless Headphones,65,0.03348307640570489,4,251.29440013451674
2023-03-31,Electronics,Smart Watch,85,0.06819282280081904,6,475.2216603715823
2023-03-31,Electronics,Bluetooth Speaker,48,0.06053626851388345,5,225.47129555666797
2023-03-31,Home,Air Fryer,110,0.04366928243456383,4,420.78551572879195
2023-03-31,Home,Coffee Maker,75,0.07709326951518437,3,207.65401435908353
2023-03-31,Home,LED Lamp,32,0.09395277290535847,8,231.94809013622825
2023-03-31,Fashion,Hoodie,38,0.06602235396355309,9,319.42035494446486
2023-03-31,Fashion,Sneakers,72,0.04344213686047512,8,550.9773291683663
2023-03-31,Fashion,Backpack,45,0.0884616328507131,2,82.03845304343582
2023-03-31,Beauty,Face Serum,28,0.06959012735743249,3,78.15442930197567
2023-03-31,Beauty,Hair Dryer,55,0.05419128661816755,1,52.019479236000784
2023-03-31,Beauty,Perfume,60,0.09054810319888079,3,163.70134142420144
2023-04-01,Electronics,Wireless Headphones,65,0.04945728850280744,6,370.7116574839051
2023-04-01,Electronics,Smart Watch,85,0.05663560114099019,1,80.18597390301584
2023-04-01,Electronics,Bluetooth Speaker,48,0.05194903493650101,5,227.53223161523974
2023-04-01,Home,Air Fryer,110,0.086431771581964,3,301.4775153779519
2023-04-01,Home,Coffee Maker,75,0.02490776490917231,2,146.26383526362414
2023-04-01,Home,LED Lamp,32,0.03639195519318127,3,92.5063723014546
2023-04-01,Fashion,Hoodie,38,0.04929216660869333,7,252.88828368208758
2023-04-01,Fashion,Sneakers,72,0.07169949835870651,8,534.7010889453851
2023-04-01,Fashion,Backpack,45,0.03601908916512516,7,303.65398691298554
2023-04-01,Beauty,Face Serum,28,0.032826787503457064,3,81.2425498497096
2023-04-01,Beauty,Hair Dryer,55,0.07663198429247998,7,355.4966860473952
2023-04-01,Beauty,Perfume,60,0.059402384188849786,5,282.1792847433451
2023-04-02,Electronics,Wireless Headphones,65,0.02071387034934328,7,445.57518899104883
2023-04-02,Electronics,Smart Watch,85,0.06698506061816506,4,317.2250793898239
2023-04-02,Electronics,Bluetooth Speaker,48,0.03355784728018828,10,463.89223330550965
2023-04-02,Home,Air Fryer,110,0.0458558770836532,3,314.86756056239443
2023-04-02,Home,Coffee Maker,75,0.024724905157127292,6,438.8737926792927
2023-04-02,Home,LED Lamp,32,0.08718726444806238,3,87.63002261298601
2023-04-02,Fashion,Hoodie,38,0.06464014104524454,2,71.08734928056141
2023-04-02,Fashion,Sneakers,72,0.06039164924832793,5,338.25900627060196
2023-04-02,Fashion,Backpack,45,0.06965809170728948,7,293.0577011122038
2023-04-02,Beauty,Face Serum,28,0.05557247907509595,9,237.9957352730758
2023-04-02,Beauty,Hair Dryer,55,0.022957507057926985,6,322.4240226708841
2023-04-02,Beauty,Perfume,60,0.052038256980787234,3,170.6331137434583
2023-04-03,Electronics,Wireless Headphones,65,0.06274126908015701,9,548.2963575881082
2023-04-03,Electronics,Smart Watch,85,0.04104864301973288,3,244.53259602996812
2023-04-03,Electronics,Bluetooth Speaker,48,0.03582504160146895,9,416.52358202816544
2023-04-03,Home,Air Fryer,110,0.030342846958687934,2,213.32457366908866
2023-04-03,Home,Coffee Maker,75,0.07048515302161988,2,139.42722704675703
2023-04-03,Home,LED Lamp,32,0.08437269278669918,3,87.90022149247687
2023-04-03,Fashion,Hoodie,38,0.0,5,190.0
2023-04-03,Fashion,Sneakers,72,0.04718575232580023,4,274.41050333016955
2023-04-03,Fashion,Backpack,45,0.04005511485436068,8,345.58015865243016
2023-04-03,Beauty,Face Serum,28,0.0069512182613349835,6,166.83219533209572
2023-04-03,Beauty,Hair Dryer,55,0.09551581493014302,2,99.49326035768426
2023-04-03,Beauty,Perfume,60,0.03754518941414075,3,173.24186590545466
2023-04-04,Electronics,Wireless Headphones,65,0.030367310184106683,4,252.10449935213228
2023-04-04,Electronics,Smart Watch,85,0.03774509716304951,4,327.16666696456315
2023-04-04,Electronics,Bluetooth Speaker,48,0.03987859169145381,3,138.25748279643065
2023-04-04,Home,Air Fryer,110,0.048841157435480856,6,627.7648360925826
2023-04-04,Home,Coffee Maker,75,0.01507817726793035,2,147.73827340981043
2023-04-04,Home,LED Lamp,32,0.09578250801443502,3,86.80487923061423
2023-04-04,Fashion,Hoodie,38,0.03054564289305335,12,442.07118684076767
2023-04-04,Fashion,Sneakers,72,0.04640069726947174,9,617.9323481693823
2023-04-04,Fashion,Backpack,45,0.019771967382976104,4,176.4410458710643
2023-04-04,Beauty,Face Serum,28,0.04880805795965319,8,213.0669950170377
2023-04-04,Beauty,Hair Dryer,55,0.07705857636088119,6,304.57066980090923
2023-04-04,Beauty,Perfume,60,0.040851706823821325,7,402.84228313399507
2023-04-05,Electronics,Wireless Headphones,65,0.058892334552842776,6,367.0319895243913
2023-04-05,Electronics,Smart Watch,85,0.010861819313289042,5,420.38372679185215
2023-04-05,Electronics,Bluetooth Speaker,48,0.06528948412552016,3,134.59831428592508
2023-04-05,Home,Air Fryer,110,0.05873894871580151,5,517.6935782063091
2023-04-05,Home,Coffee Maker,75,0.05110469587398965,3,213.50144342835233
2023-04-05,Home,LED Lamp,32,0.05335011190419775,1,30.292796419065674
2023-04-05,Fashion,Hoodie,38,0.050359742328805815,15,541.2949468725807
2023-04-05,Fashion,Sneakers,72,0.09435455558759423,3,195.61941599307966
2023-04-05,Fashion,Backpack,45,0.06580788351168868,3,126.11593572592203
2023-04-05,Beauty,Face Serum,28,0.04244812917926544,5,134.05726191490285
2023-04-05,Beauty,Hair Dryer,55,0.02482404439287227,4,214.5387102335681
2023-04-05,Beauty,Perfume,60,0.049728406332545105,2,114.03259124009458
2023-04-06,Electronics,Wireless Headphones,65,0.06627792623892678,6,364.1516087668185
2023-04-06,Electronics,Smart Watch,85,0.019692064292701063,5,416.630872675602
2023-04-06,Electronics,Bluetooth Speaker,48,0.05303060459223392,3,136.3635929387183
2023-04-06,Home,Air Fryer,110,0.05406015127106817,4,416.21353344073003
2023-04-06,Home,Coffee Maker,75,0.049091346908327387,1,71.31814898187544
2023-04-06,Home,LED Lamp,32,0.04055536285398126,7,214.9155987207082
2023-04-06,Fashion,Hoodie,38,0.05098069819404391,9,324.56460121763695
2023-04-06,Fashion,Sneakers,72,0.009259097737892623,5,356.66672481435864
2023-04-06,Fashion,Backpack,45,0.07614576479401745,7,291.0140840898845
2023-04-06,Beauty,Face Serum,28,0.04425002009930545,2,53.52199887443889
2023-04-06,Beauty,Hair Dryer,55,0.014963721306895515,1,54.176995328120746
2023-04-06,Beauty,Perfume,60,0.036305909291328174,5,289.10822721260155
2023-04-07,Electronics,Wireless Headphones,65,0.07998886174564568,6,358.8043439191982
2023-04-07,Electronics,Smart Watch,85,0.06765950366061464,6,475.4936531330865
2023-04-07,Electronics,Bluetooth Speaker,48,0.045222344755502256,4,183.31730980694357
2023-04-07,Home,Air Fryer,110,0.06138951093341442,2,206.49430759464883
2023-04-07,Home,Coffee Maker,75,0.07717775496221915,4,276.84667351133425
2023-04-07,Home,LED Lamp,32,0.03882476350220363,11,338.3336832472243
2023-04-07,Fashion,Hoodie,38,0.05085525295831996,9,324.60750348825457
2023-04-07,Fashion,Sneakers,72,0.0617662396526018,4,270.2113229800507
2023-04-07,Fashion,Backpack,45,0.04165277971221344,7,301.87937439065274
2023-04-07,Beauty,Face Serum,28,0.04016755132444636,3,80.6259256887465
2023-04-07,Beauty,Hair Dryer,55,0.05310038296514013,5,260.39739468458646
2023-04-07,Beauty,Perfume,60,0.08728916291121916,4,219.0506009013074
2023-04-08,Electronics,Wireless Headphones,65,0.09200767764945839,4,236.07800381114083
2023-04-08,Electronics,Smart Watch,85,0.07745370630469368,5,392.08217482050514
2023-04-08,Electronics,Bluetooth Speaker,48,0.039367870070047266,4,184.44136894655094
2023-04-08,Home,Air Fryer,110,0.05684709845649206,2,207.49363833957176
2023-04-08,Home,Coffee Maker,75,0.09911588799707718,3,202.69892520065764
2023-04-08,Home,LED Lamp,32,0.03278802722835515,6,185.7046987721558
2023-04-08,Fashion,Hoodie,38,0.0795306691103748,11,384.7561803118634
2023-04-08,Fashion,Sneakers,72,0.046622174227334286,6,411.8592207337916
2023-04-08,Fashion,Backpack,45,0.07094633372170343,4,167.2296599300934
2023-04-08,Beauty,Face Serum,28,0.08099267267672809,5,128.66102582525806
2023-04-08,Beauty,Hair Dryer,55,0.045340573401080435,7,367.54387924058403
2023-04-08,Beauty,Perfume,60,0.07475666244262359,5,277.57300126721293
2023-04-09,Electronics,Wireless Headphones,65,0.0651823056246611,7,425.3420509407792
2023-04-09,Electronics,Smart Watch,85,0.03654574458628988,7,573.2552819711575
2023-04-09,Electronics,Bluetooth Speaker,48,0.11269311963767333,4,170.3629210295667
2023-04-09,Home,Air Fryer,110,0.02724902776997131,5,535.0130347265158
2023-04-09,Home,Coffee Maker,75,0.039005103762764816,1,72.07461721779264
2023-04-09,Home,LED Lamp,32,0.053368451087938834,6,181.75325739111574
2023-04-09,Fashion,Hoodie,38,0.05053268725887778,9,324.7178209574638
2023-04-09,Fashion,Sneakers,72,0.09476806846702927,3,195.5300972111217
2023-04-09,Fashion,Backpack,45,0.03778970859836159,2,86.59892622614746
2023-04-09,Beauty,Face Serum,28,0.05845264803765826,6,158.1799551296734
2023-04-09,Beauty,Hair Dryer,55,0.027342212676237373,5,267.48089151403474
2023-04-09,Beauty,Perfume,60,0.024699274977086606,8,468.14434801099844
2023-04-10,Electronics,Wireless Headphones,65,0.08224763816904176,6,357.9234211140737
2023-04-10,Electronics,Smart Watch,85,0.021794732357356246,3,249.44234324887415
2023-04-10,Electronics,Bluetooth Speaker,48,0.02618658334260786,1,46.74304399955483
2023-04-10,Home,Air Fryer,110,0.06442213276496625,8,823.3085231668297
2023-04-10,Home,Coffee Maker,75,0.01843313719954194,2,147.2350294200687
2023-04-10,Home,LED Lamp,32,0.033055757481779496,5,154.7110788029153
2023-04-10,Fashion,Hoodie,38,0.02644547507601737,6,221.97043168266805
2023-04-10,Fashion,Sneakers,72,0.07266145302030909,5,333.8418769126887
2023-04-10,Fashion,Backpack,45,0.042349746922579784,5,215.47130694241955
2023-04-10,Beauty,Face Serum,28,0.02396901909219716,2,54.65773493083696
2023-04-10,Beauty,Hair Dryer,55,0.06052947709160565,4,206.68351503984675
2023-04-10,Beauty,Perfume,60,0.06179251662656577,4,225.1697960096242
2023-04-11,Electronics,Wireless Headphones,65,0.0788145644725348,8,479.0164264742819
2023-04-11,Electronics,Smart Watch,85,0.01096007387183677,3,252.20518116268164
2023-04-11,Electronics,Bluetooth Speaker,48,0.028726419404710737,5,233.10565934286942
2023-04-11,Home,Air Fryer,110,0.04437699281235019,3,315.35559237192444
2023-04-11,Home,Coffee Maker,75,0.04888105896910512,7,499.33744404121984
2023-04-11,Home,LED Lamp,32,0.0046309562831200815,1,31.85180939894016
2023-04-11,Fashion,Hoodie,38,0.049605526990675976,8,288.91991979483447
2023-04-11,Fashion,Sneakers,72,0.06682468560411194,9,604.6976037285355
2023-04-11,Fashion,Backpack,45,0.04608020523260612,6,257.55834458719636
2023-04-11,Beauty,Face Serum,28,0.03787504804272829,2,53.878997309607215
2023-04-11,Beauty,Hair Dryer,55,0.051309158079753406,3,156.53398891684068
2023-04-11,Beauty,Perfume,60,0.041272645916502065,2,115.04728249001975
2023-04-12,Electronics,Wireless Headphones,65,0.05501767145404003,5,307.119256777437
2023-04-12,Electronics,Smart Watch,85,0.08088696493660368,7,546.8722558627209
2023-04-12,Electronics,Bluetooth Speaker,48,0.05197749551364554,0,0.0
2023-04-12,Home,Air Fryer,110,0.06515575514710864,4,411.33146773527216
2023-04-12,Home,Coffee Maker,75,0.016336769671646476,5,368.8737113731326
2023-04-12,Home,LED Lamp,32,0.05197313031708065,2,60.67371965970684
2023-04-12,Fashion,Hoodie,38,0.019109397516782912,6,223.6430573661735
2023-04-12,Fashion,Sneakers,72,0.016441141563344967,2,141.63247561487833
2023-04-12,Fashion,Backpack,45,0.0886781569885692,6,246.05689761308633
2023-04-12,Beauty,Face Serum,28,0.02720844059578117,8,217.905309306545
2023-04-12,Beauty,Hair Dryer,55,0.06372976235582582,9,463.4537676338662
2023-04-12,Beauty,Perfume,60,0.08377960821147501,7,384.8125645511805
2023-04-13,Electronics,Wireless Headphones,65,0.03137006322946344,5,314.80472945042436
2023-04-13,Electronics,Smart Watch,85,0.022159929209628067,3,249.34921805154485
2023-04-13,Electronics,Bluetooth Speaker,48,0.0,5,240.0
2023-04-13,Home,Air Fryer,110,0.05846201534222581,3,310.7075349370655
2023-04-13,Home,Coffee Maker,75,0.046143829315097654,4,286.15685120547073
2023-04-13,Home,LED Lamp,32,0.07099274841399918,5,148.64116025376012
2023-04-13,Fashion,Hoodie,38,0.0,9,342.0
2023-04-13,Fashion,Sneakers,72,0.07405889278335911,7,466.674318037187
2023-04-13,Fashion,Backpack,45,0.0371625937200486,9,389.9491495433803
2023-04-13,Beauty,Face Serum,28,0.03475276174508393,4,108.1076906845506
2023-04-13,Beauty,Hair Dryer,55,0.029972667691614045,2,106.70300655392246
2023-04-13,Beauty,Perfume,60,0.053957425930447896,4,227.0502177766925
2023-04-14,Electronics,Wireless Headphones,65,0.059438671339146334,6,366.81891817773294
2023-04-14,Electronics,Smart Watch,85,0.06052197549180924,4,319.42252833278485
2023-04-14,Electronics,Bluetooth Speaker,48,0.061326527647357555,6,270.337960037561
2023-04-14,Home,Air Fryer,110,0.02563043977878367,3,321.5419548730014
2023-04-14,Home,Coffee Maker,75,0.08981254084180741,3,204.79217831059333
2023-04-14,Home,LED Lamp,32,0.06712495181917068,4,119.40800616714616
2023-04-14,Fashion,Hoodie,38,0.03769457867060981,11,402.24366611568513
2023-04-14,Fashion,Sneakers,72,0.0,4,288.0
2023-04-14,Fashion,Backpack,45,0.08361012430225609,6,247.42526643839085
2023-04-14,Beauty,Face Serum,28,0.07791581640404018,4,103.2734285627475
2023-04-14,Beauty,Hair Dryer,55,0.0786526659762937,5,253.37051685651923
2023-04-14,Beauty,Perfume,60,0.022931492152601013,4,234.49644188337575
2023-04-15,Electronics,Wireless Headphones,65,0.020858466502357183,8,509.1535974187742
2023-04-15,Electronics,Smart Watch,85,0.036878037296449,4,327.4614673192073
2023-04-15,Electronics,Bluetooth Speaker,48,0.04585225362247301,7,320.5936427828491
2023-04-15,Home,Air Fryer,110,0.0424235953658578,5,526.6670225487782
2023-04-15,Home,Coffee Maker,75,0.09490236614130924,5,339.41161269700905
2023-04-15,Home,LED Lamp,32,0.0166950571677247,4,125.86303268253124
2023-04-15,Fashion,Hoodie,38,0.049507378603864956,8,288.94975690442504
2023-04-15,Fashion,Sneakers,72,0.039672840308477675,3,207.43066649336885
2023-04-15,Fashion,Backpack,45,0.032637162423255706,8,348.2506215276279
2023-04-15,Beauty,Face Serum,28,0.05066585451190581,5,132.9067803683332
2023-04-15,Beauty,Hair Dryer,55,0.0343452407718569,3,159.33303527264363
2023-04-15,Beauty,Perfume,60,0.04701270223900011,3,171.53771359697998
2023-04-16,Electronics,Wireless Headphones,65,0.038247143605778126,7,437.597549659371
2023-04-16,Electronics,Smart Watch,85,0.0347912849991886,3,246.1282223252069
2023-04-16,Electronics,Bluetooth Speaker,48,0.052277249169625686,6,272.9441522391478
2023-04-16,Home,Air Fryer,110,0.035905575525113226,4,424.2015467689502
2023-04-16,Home,Coffee Maker,75,0.015097520092328003,7,517.0738019515278
2023-04-16,Home,LED Lamp,32,0.0662261532238921,7,209.16534167784818
2023-04-16,Fashion,Hoodie,38,0.04935901675292069,8,288.99485890711213
2023-04-16,Fashion,Sneakers,72,0.0,4,288.0
2023-04-16,Fashion,Backpack,45,0.05465539655895337,5,212.70253577423549
2023-04-16,Beauty,Face Serum,28,0.03554143437846137,9,243.04355853662773
2023-04-16,Beauty,Hair Dryer,55,0.013888016471177732,3,162.70847728225567
2023-04-16,Beauty,Perfume,60,0.07647036167831987,4,221.64711319720323
2023-04-17,Electronics,Wireless Headphones,65,0.04838249796126191,3,185.56541289755393
2023-04-17,Electronics,Smart Watch,85,0.045380990736842305,2,162.2852315747368
2023-04-17,Electronics,Bluetooth Speaker,48,0.06557778289676998,14,627.9317298933706
2023-04-17,Home,Air Fryer,110,0.0742540368351495,3,305.49616784440065
2023-04-17,Home,Coffee Maker,75,0.071494101619902,2,139.2758847570147
2023-04-17,Home,LED Lamp,32,0.06178962019614719,3,90.06819646116986
2023-04-17,Fashion,Hoodie,38,0.07489414579158828,9,316.3862021392768
2023-04-17,Fashion,Sneakers,72,0.07880547491631675,5,331.63002903012597
2023-04-17,Fashion,Backpack,45,0.05684971182182499,8,339.534103744143
2023-04-17,Beauty,Face Serum,28,0.0,1,28.0
2023-04-17,Beauty,Hair Dryer,55,0.07487576945960016,2,101.76366535944398
2023-04-17,Beauty,Perfume,60,0.10295524531075494,5,269.1134264067735
2023-04-18,Electronics,Wireless Headphones,65,0.030337122150023002,13,819.3651317832305
2023-04-18,Electronics,Smart Watch,85,0.03593043988295723,4,327.78365043979454
2023-04-18,Electronics,Bluetooth Speaker,48,0.06897626413805524,4,178.7565572854934
2023-04-18,Home,Air Fryer,110,0.08802384333477659,2,200.63475446634914
2023-04-18,Home,Coffee Maker,75,0.0655387690114969,4,280.3383692965509
2023-04-18,Home,LED Lamp,32,0.03161235730892409,4,123.95361826445772
2023-04-18,Fashion,Hoodie,38,0.0711496044939198,4,141.18526011692418
2023-04-18,Fashion,Sneakers,72,0.014734747482226834,4,283.7563927251187
2023-04-18,Fashion,Backpack,45,0.007713897557453671,4,178.61149843965833
2023-04-18,Beauty,Face Serum,28,0.07788506657742364,6,154.9153088149928
2023-04-18,Beauty,Hair Dryer,55,0.030488646887283373,4,213.29249768479767
2023-04-18,Beauty,Perfume,60,0.07725415084226656,5,276.82375474732004
2023-04-19,Electronics,Wireless Headphones,65,0.0464335471683926,8,495.8545554724359
2023-04-19,Electronics,Smart Watch,85,0.0819441590897915,3,234.10423943210318
2023-04-19,Electronics,Bluetooth Speaker,48,0.04650975253835551,5,228.83765939079467
2023-04-19,Home,Air Fryer,110,0.026647831564560114,7,749.4811696952887
2023-04-19,Home,Coffee Maker,75,0.051893208951710276,3,213.3240279858652
2023-04-19,Home,LED Lamp,32,0.023285448182940767,8,250.03892526516717
2023-04-19,Fashion,Hoodie,38,0.05349585237537455,8,287.7372608778861
2023-04-19,Fashion,Sneakers,72,0.06064805744965275,7,473.43337904537503
2023-04-19,Fashion,Backpack,45,0.003397449196196403,6,269.08268871702694
2023-04-19,Beauty,Face Serum,28,0.007585782610609805,4,111.1503923476117
2023-04-19,Beauty,Hair Dryer,55,0.03067903232150588,6,319.875919333903
2023-04-19,Beauty,Perfume,60,0.07288170966616363,6,333.7625845201811
2023-04-20,Electronics,Wireless Headphones,65,0.05509998652776786,4,245.67400350278038
2023-04-20,Electronics,Smart Watch,85,0.03814788045132579,5,408.78715080818654
2023-04-20,Electronics,Bluetooth Speaker,48,0.05911289148182126,3,135.48774362661774
2023-04-20,Home,Air Fryer,110,0.07205494099857944,4,408.29582596062505
2023-04-20,Home,Coffee Maker,75,0.042108657278984656,1,71.84185070407615
2023-04-20,Home,LED Lamp,32,0.026155649015872817,5,155.81509615746035
2023-04-20,Fashion,Hoodie,38,0.0677131013527454,8,283.4152171887654
2023-04-20,Fashion,Sneakers,72,0.06542834805183964,5,336.4457947013377
2023-04-20,Fashion,Backpack,45,0.06535669920063117,7,294.4126397518012
2023-04-20,Beauty,Face Serum,28,0.01755342572519599,7,192.55952855786157
2023-04-20,Beauty,Hair Dryer,55,0.0944504019201822,3,149.41568368316993
2023-04-20,Beauty,Perfume,60,0.06781075296232592,5,279.6567741113022
2023-04-21,Electronics,Wireless Headphones,65,0.02919645245065159,5,315.5111529535382
2023-04-21,Electronics,Smart Watch,85,0.05631299775793035,5,401.0669759528796
2023-04-21,Electronics,Bluetooth Speaker,48,0.08128651772951562,4,176.392988595933
2023-04-21,Home,Air Fryer,110,0.017624008079215013,4,432.2454364451454
2023-04-21,Home,Coffee Maker,75,0.061357582643495154,4,281.59272520695146
2023-04-21,Home,LED Lamp,32,0.04902543079431176,6,182.58711728749213
2023-04-21,Fashion,Hoodie,38,0.05980642692677871,2,71.45471155356482
2023-04-21,Fashion,Sneakers,72,0.05088426535868607,6,410.0179973650476
2023-04-21,Fashion,Backpack,45,0.04921153044755583,6,256.71288677915993
2023-04-21,Beauty,Face Serum,28,0.03201132727604669,3,81.31104850881208
2023-04-21,Beauty,Hair Dryer,55,0.09591059268533558,6,298.3495044138392
2023-04-21,Beauty,Perfume,60,0.04687179929388155,3,171.56307612710134
2023-04-22,Electronics,Wireless Headphones,65,0.07764980687819903,8,479.6221004233365
2023-04-22,Electronics,Smart Watch,85,0.021909443261250355,10,831.3769732279372
2023-04-22,Electronics,Bluetooth Speaker,48,0.01777115861678715,6,282.8819063183653
2023-04-22,Home,Air Fryer,110,0.018654261438677218,4,431.79212496698204
2023-04-22,Home,Coffee Maker,75,0.05262158164854716,7,497.37366963451274
2023-04-22,Home,LED Lamp,32,0.039343378183055396,5,153.70505949071114
2023-04-22,Fashion,Hoodie,38,0.039708289688075146,7,255.437594942972
2023-04-22,Fashion,Sneakers,72,0.033263569669736294,5,348.02511491889493
2023-04-22,Fashion,Backpack,45,0.056317412219440255,9,382.19144805112666
2023-04-22,Beauty,Face Serum,28,0.06202314669319778,7,183.84346324813325
2023-04-22,Beauty,Hair Dryer,55,0.025177190652567946,4,214.46101805643505
2023-04-22,Beauty,Perfume,60,0.06017069637072939,1,56.38975821775624
2023-04-23,Electronics,Wireless Headphones,65,0.0452008564384378,9,558.5574989835138
2023-04-23,Electronics,Smart Watch,85,0.04333537788442157,5,406.58246439912085
2023-04-23,Electronics,Bluetooth Speaker,48,0.06297923596066103,6,269.86198004332965
2023-04-23,Home,Air Fryer,110,0.02982586429943448,6,640.3149295623732
2023-04-23,Home,Coffee Maker,75,0.0,2,150.0
2023-04-23,Home,LED Lamp,32,0.04452997324343178,8,244.60032684968147
2023-04-23,Fashion,Hoodie,38,0.09081748963666277,5,172.74467696903406
2023-04-23,Fashion,Sneakers,72,0.011162061443867326,3,213.58899472812465
2023-04-23,Fashion,Backpack,45,0.0709547276356342,12,501.6844470767576
2023-04-23,Beauty,Face Serum,28,0.05231815513059882,6,159.21054993805942
2023-04-23,Beauty,Hair Dryer,55,0.025577796590313964,8,428.7457695002618
2023-04-23,Beauty,Perfume,60,0.08459906415421398,2,109.84811230149431
2023-04-24,Electronics,Wireless Headphones,65,0.09808326698016148,4,234.49835058515802
2023-04-24,Electronics,Smart Watch,85,0.04467902973935824,3,243.60684741646367
2023-04-24,Electronics,Bluetooth Speaker,48,0.04099979106725222,4,184.12804011508757
2023-04-24,Home,Air Fryer,110,0.062466460240525046,5,515.6434468677112
2023-04-24,Home,Coffee Maker,75,0.06579774166394811,5,350.32584687601945
2023-04-24,Home,LED Lamp,32,0.0752198384810533,3,88.77889550581888
2023-04-24,Fashion,Hoodie,38,0.06058261210522754,9,321.2807466600122
2023-04-24,Fashion,Sneakers,72,0.05311510106863555,6,409.05427633834944
2023-04-24,Fashion,Backpack,45,0.045675711343376175,4,171.77837195819228
2023-04-24,Beauty,Face Serum,28,0.0744245682669658,3,77.74833626557488
2023-04-24,Beauty,Hair Dryer,55,0.06771984004763087,4,205.1016351895212
2023-04-24,Beauty,Perfume,60,0.07664142223700107,4,221.60605866311974
2023-04-25,Electronics,Wireless Headphones,65,0.059645461696799455,7,427.86131492795624
2023-04-25,Electronics,Smart Watch,85,0.06514831269116993,4,317.8495736850022
2023-04-25,Electronics,Bluetooth Speaker,48,0.08755888678189988,6,262.78304060681285
2023-04-25,Home,Air Fryer,110,0.05074311654572555,4,417.6730287198808
2023-04-25,Home,Coffee Maker,75,0.07849929965157312,2,138.22510505226404
2023-04-25,Home,LED Lamp,32,0.041246580650634176,2,61.360218838359415
2023-04-25,Fashion,Hoodie,38,0.039674216874638624,5,182.46189879381865
2023-04-25,Fashion,Sneakers,72,0.05524297285668309,5,340.1125297715941
2023-04-25,Fashion,Backpack,45,0.04270019346433307,3,129.23547388231503
2023-04-25,Beauty,Face Serum,28,0.04203924188835138,1,26.82290122712616
2023-04-25,Beauty,Hair Dryer,55,0.0419761749820914,1,52.691310375984976
2023-04-25,Beauty,Perfume,60,0.0500821446112273,3,170.9852139699791
2023-04-26,Electronics,Wireless Headphones,65,0.041894318751870205,6,373.6612156867706
2023-04-26,Electronics,Smart Watch,85,0.05723718163528131,5,400.6741978050054
2023-04-26,Electronics,Bluetooth Speaker,48,0.035600152444155674,1,46.291192682680524
2023-04-26,Home,Air Fryer,110,0.028270602281733698,4,427.56093499603713
2023-04-26,Home,Coffee Maker,75,0.09558404931750947,6,406.9871778071207
2023-04-26,Home,LED Lamp,32,0.08394443875759999,3,87.94133387927039
2023-04-26,Fashion,Hoodie,38,0.05530916319969864,7,251.28776258888016
2023-04-26,Fashion,Sneakers,72,0.023373890751111015,5,351.5853993296001
2023-04-26,Fashion,Backpack,45,0.09098810039368559,6,245.4332128937049
2023-04-26,Beauty,Face Serum,28,0.03212147678792798,7,189.7041905495661
2023-04-26,Beauty,Hair Dryer,55,0.04492930090850001,4,210.11555380013
2023-04-26,Beauty,Perfume,60,0.0635032741739556,2,112.37960709912532
2023-04-27,Electronics,Wireless Headphones,65,0.016521125631510612,8,511.40901467161444
2023-04-27,Electronics,Smart Watch,85,0.0,8,680.0
2023-04-27,Electronics,Bluetooth Speaker,48,0.06918355856740262,6,268.07513513258806
2023-04-27,Home,Air Fryer,110,0.08501181117994448,2,201.2974015404122
2023-04-27,Home,Coffee Maker,75,0.055633216787230086,4,283.31003496383096
2023-04-27,Home,LED Lamp,32,0.041720490148696276,8,245.31955452193375
2023-04-27,Fashion,Hoodie,38,0.019108160479625998,6,223.64333941064527
2023-04-27,Fashion,Sneakers,72,0.06711246007171612,4,268.6716114993458
2023-04-27,Fashion,Backpack,45,0.04398752603794014,6,258.1233679697562
2023-04-27,Beauty,Face Serum,28,0.05090506598149567,1,26.574658152518122
2023-04-27,Beauty,Hair Dryer,55,0.04504884573188053,5,262.6115674237329
2023-04-27,Beauty,Perfume,60,0.016168277682236838,2,118.05980667813158
2023-04-28,Electronics,Wireless Headphones,65,0.0558112861304976,5,306.8613320075883
2023-04-28,Electronics,Smart Watch,85,0.06480317877883447,2,158.98345960759815
2023-04-28,Electronics,Bluetooth Speaker,48,0.0660330347116339,4,179.3216573353663
2023-04-28,Home,Air Fryer,110,0.01965495784771967,4,431.35181854700335
2023-04-28,Home,Coffee Maker,75,0.06432070308469137,4,280.7037890745926
2023-04-28,Home,LED Lamp,32,0.03150363724380212,5,154.95941804099166
2023-04-28,Fashion,Hoodie,38,0.0739031978693764,8,281.53342784770956
2023-04-28,Fashion,Sneakers,72,0.020353244243876578,3,211.60369924332267
2023-04-28,Fashion,Backpack,45,0.04634125690398825,3,128.74393031796157
2023-04-28,Beauty,Face Serum,28,0.06080459061650606,5,131.48735731368916
2023-04-28,Beauty,Hair Dryer,55,0.08520076824764038,4,201.25583098551914
2023-04-28,Beauty,Perfume,60,0.0,1,60.0
2023-04-29,Electronics,Wireless Headphones,65,0.0803670962223233,6,358.6568324732939
2023-04-29,Electronics,Smart Watch,85,0.0851668552240244,5,388.80408652978963
2023-04-29,Electronics,Bluetooth Speaker,48,0.05329073278572937,1,45.44204482628499
2023-04-29,Home,Air Fryer,110,0.021212392215663897,8,861.3330948502158
2023-04-29,Home,Coffee Maker,75,0.04838228512725557,1,71.37132861545582
2023-04-29,Home,LED Lamp,32,0.060627578351585776,3,90.17975247824776
2023-04-29,Fashion,Hoodie,38,0.054152371531505254,7,251.5954691726196
2023-04-29,Fashion,Sneakers,72,0.06917812080043895,4,268.0767012094736
2023-04-29,Fashion,Backpack,45,0.04778920308894306,14,599.8928020539659
2023-04-29,Beauty,Face Serum,28,0.0686962338548293,2,52.15301090412956
2023-04-29,Beauty,Hair Dryer,55,0.06712345014255049,7,359.15747169511803
2023-04-29,Beauty,Perfume,60,0.08578116448225037,2,109.70626026212996
2023-04-30,Electronics,Wireless Headphones,65,0.00021252343875801522,5,324.93092988240363
2023-04-30,Electronics,Smart Watch,85,0.08676434348061535,7,543.3752156290338
2023-04-30,Electronics,Bluetooth Speaker,48,0.0881992794680754,9,393.89791126979145
2023-04-30,Home,Air Fryer,110,0.08493320156173736,4,402.6293913128356
2023-04-30,Home,Coffee Maker,75,0.086157872448348,2,137.07631913274778
2023-04-30,Home,LED Lamp,32,0.024166920926537352,3,93.67997559105241
2023-04-30,Fashion,Hoodie,38,0.08932947572183245,7,242.23835945799257
2023-04-30,Fashion,Sneakers,72,0.06458367665411507,9,606.1497775281334
2023-04-30,Fashion,Backpack,45,0.09062465120443375,8,327.3751255664038
2023-04-30,Beauty,Face Serum,28,0.06425431260271275,10,262.00879247124044
2023-04-30,Beauty,Hair Dryer,55,0.06412228517211607,2,102.94654863106723
2023-04-30,Beauty,Perfume,60,0.020787502163016842,2,117.50549974043798
2023-05-01,Electronics,Wireless Headphones,65,0.02516285162983954,6,380.18648786436256
2023-05-01,Electronics,Smart Watch,85,0.008978979918819366,2,168.47357341380072
2023-05-01,Electronics,Bluetooth Speaker,48,0.04819445944131894,3,137.05999784045008
2023-05-01,Home,Air Fryer,110,0.04079873465426781,4,422.0485567521222
2023-05-01,Home,Coffee Maker,75,0.06272604921483729,5,351.47773154443604
2023-05-01,Home,LED Lamp,32,0.04549751747551889,3,91.63223832235019
2023-05-01,Fashion,Hoodie,38,0.07510544922469731,5,175.72996464730753
2023-05-01,Fashion,Sneakers,72,0.058066910913424225,3,203.45754724270037
2023-05-01,Fashion,Backpack,45,0.0,10,450.0
2023-05-01,Beauty,Face Serum,28,0.0,3,84.0
2023-05-01,Beauty,Hair Dryer,55,0.03879108849818445,3,158.59947039779956
2023-05-01,Beauty,Perfume,60,0.05258185905522861,6,341.0705307401177
2023-05-02,Electronics,Wireless Headphones,65,0.021351560791497595,1,63.61214854855266
2023-05-02,Electronics,Smart Watch,85,0.02427020391822317,6,497.6221960017062
2023-05-02,Electronics,Bluetooth Speaker,48,0.035654519917676125,6,277.7314982637093
2023-05-02,Home,Air Fryer,110,0.07877863870234571,3,304.0030492282259
2023-05-02,Home,Coffee Maker,75,0.05089729785277151,5,355.9135133052107
2023-05-02,Home,LED Lamp,32,0.02521889220001193,6,187.1579726975977
2023-05-02,Fashion,Hoodie,38,0.0316200890459421,9,331.1859295462878
2023-05-02,Fashion,Sneakers,72,0.04701422330254565,7,480.304831455517
2023-05-02,Fashion,Backpack,45,0.07295204900875955,5,208.5857889730291
2023-05-02,Beauty,Face Serum,28,0.07649511062328418,6,155.14882141528827
2023-05-02,Beauty,Hair Dryer,55,0.03696132200671492,2,105.93425457926136
2023-05-02,Beauty,Perfume,60,0.04292239210859697,3,172.27396942045254
2023-05-03,Electronics,Wireless Headphones,65,0.010715843804722666,5,321.5173507634651
2023-05-03,Electronics,Smart Watch,85,0.07690434138211463,1,78.46313098252025
2023-05-03,Electronics,Bluetooth Speaker,48,0.08638070990980785,6,263.1223555459753
2023-05-03,Home,Air Fryer,110,0.015821007487538688,5,541.2984458818537
2023-05-03,Home,Coffee Maker,75,0.07078367627547834,2,139.38244855867825
2023-05-03,Home,LED Lamp,32,0.016986950165762515,3,94.3692527840868
2023-05-03,Fashion,Hoodie,38,0.06175674764661213,6,213.91946153657244
2023-05-03,Fashion,Sneakers,72,0.06487895016042139,3,201.98614676534896
2023-05-03,Fashion,Backpack,45,0.040352897540963134,6,259.10471766393994
2023-05-03,Beauty,Face Serum,28,0.03958324553309834,8,215.13335300058597
2023-05-03,Beauty,Hair Dryer,55,0.02293370689693107,4,214.95458448267516
2023-05-03,Beauty,Perfume,60,0.0777237643239107,7,387.3560189839575
2023-05-04,Electronics,Wireless Headphones,65,0.0783190576526663,5,299.54630626288343
2023-05-04,Electronics,Smart Watch,85,0.048454695227423766,6,485.2881054340139
2023-05-04,Electronics,Bluetooth Speaker,48,0.034424152627057183,9,417.1287660651113
2023-05-04,Home,Air Fryer,110,0.003414421288177885,5,548.1220682915022
2023-05-04,Home,Coffee Maker,75,0.02354507244144829,3,219.70235870067413
2023-05-04,Home,LED Lamp,32,0.04284906344407216,4,122.51531987915877
2023-05-04,Fashion,Hoodie,38,0.08005068209926186,6,209.7484444813683
2023-05-04,Fashion,Sneakers,72,0.049162180233492156,6,410.76193813913136
2023-05-04,Fashion,Backpack,45,0.06081187263671039,7,295.8442601194362
2023-05-04,Beauty,Face Serum,28,0.06791163010776022,5,130.49237178491356
2023-05-04,Beauty,Hair Dryer,55,0.06534199948386135,2,102.81238005677525
2023-05-04,Beauty,Perfume,60,0.04418667001383185,3,172.04639939751027
2023-05-05,Electronics,Wireless Headphones,65,0.0668332291514371,5,303.2792005257829
2023-05-05,Electronics,Smart Watch,85,0.07019269006753587,2,158.06724268851892
2023-05-05,Electronics,Bluetooth Speaker,48,0.02163852679384977,9,422.6521564250569
2023-05-05,Home,Air Fryer,110,0.04549069368679234,6,629.9761421667171
2023-05-05,Home,Coffee Maker,75,0.018269885715934436,2,147.25951714260984
2023-05-05,Home,LED Lamp,32,0.04890393422437597,4,121.74029641927987
2023-05-05,Fashion,Hoodie,38,0.021995347867473043,6,222.98506068621614
2023-05-05,Fashion,Sneakers,72,0.05963269176782297,6,406.23867715630047
2023-05-05,Fashion,Backpack,45,0.04615779828706244,3,128.76869723124656
2023-05-05,Beauty,Face Serum,28,0.024491778308898305,3,81.94269062205255
2023-05-05,Beauty,Hair Dryer,55,0.06993412472998702,6,306.92173883910425
2023-05-05,Beauty,Perfume,60,0.10425310357327112,2,107.48962757120746
2023-05-06,Electronics,Wireless Headphones,65,0.07173248864922127,8,482.699105902405
2023-05-06,Electronics,Smart Watch,85,0.03975910427710766,2,163.2409522728917
2023-05-06,Electronics,Bluetooth Speaker,48,0.033485328370577785,3,139.1781127146368
2023-05-06,Home,Air Fryer,110,0.05017736188314029,2,208.96098038570915
2023-05-06,Home,Coffee Maker,75,0.053646510770617724,4,283.9060467688147
2023-05-06,Home,LED Lamp,32,0.03735968243467935,4,123.21796064836104
2023-05-06,Fashion,Hoodie,38,0.0,3,114.0
2023-05-06,Fashion,Sneakers,72,0.04526299672534778,5,343.70532117887484
2023-05-06,Fashion,Backpack,45,0.020057289669295115,7,308.68195375417207
2023-05-06,Beauty,Face Serum,28,0.0326559368613028,6,162.51380260730113
2023-05-06,Beauty,Hair Dryer,55,0.02594077512939843,8,428.5860589430647
2023-05-06,Beauty,Perfume,60,0.0905728047022612,1,54.565631717864335
2023-05-07,Electronics,Wireless Headphones,65,0.024057832808232555,9,570.9261678071839
2023-05-07,Electronics,Smart Watch,85,0.06775772879916445,6,475.44355831242615
2023-05-07,Electronics,Bluetooth Speaker,48,0.02079195212853497,4,188.00794519132128
2023-05-07,Home,Air Fryer,110,0.028139289773059403,4,427.61871249985387
2023-05-07,Home,Coffee Maker,75,0.02765461266370212,6,437.555424301334
2023-05-07,Home,LED Lamp,32,0.01803975149900941,5,157.1136397601585
2023-05-07,Fashion,Hoodie,38,0.03943352323732027,12,438.0183134037819
2023-05-07,Fashion,Sneakers,72,0.05317681656073773,4,272.68507683050757
2023-05-07,Fashion,Backpack,45,0.008729818431910431,5,223.03579085282016
2023-05-07,Beauty,Face Serum,28,0.04329740767439019,4,107.1506903404683
2023-05-07,Beauty,Hair Dryer,55,0.11435059063183431,1,48.710717515249115
2023-05-07,Beauty,Perfume,60,0.03952325732135606,4,230.51441824287454
2023-05-08,Electronics,Wireless Headphones,65,0.0043022695320696636,6,388.3221148824928
2023-05-08,Electronics,Smart Watch,85,0.0962771054126705,3,230.449338119769
2023-05-08,Electronics,Bluetooth Speaker,48,0.07333547010457916,6,266.8793846098812
2023-05-08,Home,Air Fryer,110,0.023566653913083376,4,429.6306722782433
2023-05-08,Home,Coffee Maker,75,0.03861199690308379,1,72.10410023226872
2023-05-08,Home,LED Lamp,32,0.04802564547456306,10,304.6317934481398
2023-05-08,Fashion,Hoodie,38,0.0,5,190.0
2023-05-08,Fashion,Sneakers,72,0.10880784743280973,3,192.49750495451312
2023-05-08,Fashion,Backpack,45,0.07565390701930531,6,249.57344510478757
2023-05-08,Beauty,Face Serum,28,0.038358167592933465,5,134.6298565369893
2023-05-08,Beauty,Hair Dryer,55,0.053080830753788645,5,260.40277154270814
2023-05-08,Beauty,Perfume,60,0.04354752817551192,3,172.16144492840786
2023-05-09,Electronics,Wireless Headphones,65,0.04381648900115842,2,124.3038564298494
2023-05-09,Electronics,Smart Watch,85,0.03811218754030537,2,163.5209281181481
2023-05-09,Electronics,Bluetooth Speaker,48,0.08853525095210255,2,87.50061590859815
2023-05-09,Home,Air Fryer,110,0.06431914071047395,5,514.6244726092393
2023-05-09,Home,Coffee Maker,75,0.03343376124850554,4,289.9698716254484
2023-05-09,Home,LED Lamp,32,0.049267804771734064,1,30.42343024730451
2023-05-09,Fashion,Hoodie,38,0.0709049528920217,7,247.13928253072223
2023-05-09,Fashion,Sneakers,72,0.016823548940962295,8,566.3096358100057
2023-05-09,Fashion,Backpack,45,0.05770241336285201,7,296.8237397907016
2023-05-09,Beauty,Face Serum,28,0.04756673226153724,3,80.00439449003088
2023-05-09,Beauty,Hair Dryer,55,0.09675121271140537,3,149.03604990261812
2023-05-09,Beauty,Perfume,60,0.030441063299565987,5,290.8676810101302
2023-05-10,Electronics,Wireless Headphones,65,0.04099284708104756,3,187.00639481919572
2023-05-10,Electronics,Smart Watch,85,0.06262640865499067,2,159.35351052865158
2023-05-10,Electronics,Bluetooth Speaker,48,0.09042272996885034,6,261.9582537689711
2023-05-10,Home,Air Fryer,110,0.06844681476580229,2,204.9417007515235
2023-05-10,Home,Coffee Maker,75,0.041567824803951076,4,287.5296525588147
2023-05-10,Home,LED Lamp,32,0.04313313339385156,2,61.2394794627935
2023-05-10,Fashion,Hoodie,38,0.08165521945236426,10,348.97101660810154
2023-05-10,Fashion,Sneakers,72,0.07861350348269738,7,464.37879424472055
2023-05-10,Fashion,Backpack,45,0.06447734758771846,5,210.49259679276335
2023-05-10,Beauty,Face Serum,28,0.03529400930857963,2,54.02353547871954
2023-05-10,Beauty,Hair Dryer,55,0.07392003174787178,1,50.93439825386705
2023-05-10,Beauty,Perfume,60,0.06482848826359927,3,168.33087211255213
2023-05-11,Electronics,Wireless Headphones,65,0.07104870831331564,7,422.6728377174414
2023-05-11,Electronics,Smart Watch,85,0.07098491792749778,2,157.93256395232538
2023-05-11,Electronics,Bluetooth Speaker,48,0.08360187394183863,3,131.96133015237524
2023-05-11,Home,Air Fryer,110,0.08076394939829254,5,505.5798278309391
2023-05-11,Home,Coffee Maker,75,0.01952168955380979,3,220.60761985039278
2023-05-11,Home,LED Lamp,32,0.012762652441722824,1,31.59159512186487
2023-05-11,Fashion,Hoodie,38,0.05534772523736657,6,215.38071864588042
2023-05-11,Fashion,Sneakers,72,0.06112516402852531,4,270.39595275978473
2023-05-11,Fashion,Backpack,45,0.02992337139303721,5,218.26724143656662
2023-05-11,Beauty,Face Serum,28,0.04512493961274057,4,106.94600676337306
2023-05-11,Beauty,Hair Dryer,55,0.0,3,165.0
2023-05-11,Beauty,Perfume,60,0.06303189826135222,4,224.87234441727546
2023-05-12,Electronics,Wireless Headphones,65,0.0042517459417654585,4,258.89454605514095
2023-05-12,Electronics,Smart Watch,85,0.03376231274409178,2,164.2604068335044
2023-05-12,Electronics,Bluetooth Speaker,48,0.06105044749270699,5,225.34789260175035
2023-05-12,Home,Air Fryer,110,0.04505815293295245,3,315.1308095321257
2023-05-12,Home,Coffee Maker,75,0.05967144835928503,5,352.6232068652681
2023-05-12,Home,LED Lamp,32,0.008858494406892473,6,190.29916907387664
2023-05-12,Fashion,Hoodie,38,0.043165244531250806,7,254.5180449546873
2023-05-12,Fashion,Sneakers,72,0.047054847811476945,4,274.44820383029463
2023-05-12,Fashion,Backpack,45,0.039242050938194516,8,345.87286166225
2023-05-12,Beauty,Face Serum,28,0.04413508725722427,4,107.05687022719088
2023-05-12,Beauty,Hair Dryer,55,0.06867808095574439,3,153.66811664230218
2023-05-12,Beauty,Perfume,60,0.058717549950465964,3,169.43084100891613
2023-05-13,Electronics,Wireless Headphones,65,0.05535852688425773,7,429.81187026766275
2023-05-13,Electronics,Smart Watch,85,0.0005703489012602453,5,424.75760171696436
2023-05-13,Electronics,Bluetooth Speaker,48,0.02756487142825767,10,466.7688617144363
2023-05-13,Home,Air Fryer,110,0.03403926981828614,2,212.51136063997706
2023-05-13,Home,Coffee Maker,75,0.023857248266790938,4,292.84282551996273
2023-05-13,Home,LED Lamp,32,0.0343748988450132,2,61.800006473919154
2023-05-13,Fashion,Hoodie,38,0.048967567116485936,3,108.4176973487206
2023-05-13,Fashion,Sneakers,72,0.11918563489595832,6,380.511805724946
2023-05-13,Fashion,Backpack,45,0.08082887315790842,1,41.36270070789412
2023-05-13,Beauty,Face Serum,28,0.06108263103140019,4,105.15874532448318
2023-05-13,Beauty,Hair Dryer,55,0.09595780949216964,4,198.8892819117227
2023-05-13,Beauty,Perfume,60,0.08197912257413315,6,330.4875158733121
2023-05-14,Electronics,Wireless Headphones,65,0.06966499336651136,8,483.77420344941413
2023-05-14,Electronics,Smart Watch,85,0.024443916646435044,4,331.6890683402121
2023-05-14,Electronics,Bluetooth Speaker,48,0.04586308616431019,5,228.99285932056554
2023-05-14,Home,Air Fryer,110,0.09333807596105277,3,299.1984349328526
2023-05-14,Home,Coffee Maker,75,0.050180461418129416,3,213.7093961809209
2023-05-14,Home,LED Lamp,32,0.08149444642258932,8,235.13742171581714
2023-05-14,Fashion,Hoodie,38,0.03322272768205978,5,183.68768174040864
2023-05-14,Fashion,Sneakers,72,0.024018109269210892,0,0.0
2023-05-14,Fashion,Backpack,45,0.0738628711650709,3,125.02851239271544
2023-05-14,Beauty,Face Serum,28,0.0905026534864661,9,229.19333132141054
2023-05-14,Beauty,Hair Dryer,55,0.024615537151084273,5,268.2307272834518
2023-05-14,Beauty,Perfume,60,0.051640003708564856,3,170.70479933245832
2023-05-15,Electronics,Wireless Headphones,65,0.04516874982920417,4,248.25612504440693
2023-05-15,Electronics,Smart Watch,85,0.020851076841050382,5,416.1382923425536
2023-05-15,Electronics,Bluetooth Speaker,48,0.01021255910200941,7,332.5685801417248
2023-05-15,Home,Air Fryer,110,0.06377455714864176,3,308.95439614094823
2023-05-15,Home,Coffee Maker,75,0.025641826584577226,4,292.3074520246268
2023-05-15,Home,LED Lamp,32,0.10353180538635039,3,86.06094668291036
2023-05-15,Fashion,Hoodie,38,0.0750915622184448,9,316.3186857212919
2023-05-15,Fashion,Sneakers,72,0.06281370074187549,5,337.38706773292483
2023-05-15,Fashion,Backpack,45,0.06872574977791433,9,377.16607133994466
2023-05-15,Beauty,Face Serum,28,0.006222103462860069,1,27.825781103039915
2023-05-15,Beauty,Hair Dryer,55,0.09480979696009731,7,348.49822817036255
2023-05-15,Beauty,Perfume,60,0.04824790497430859,3,171.31537710462445
2023-05-16,Electronics,Wireless Headphones,65,0.051970056011811046,6,369.7316781553937
2023-05-16,Electronics,Smart Watch,85,0.007011597728355405,6,506.4240851585388
2023-05-16,Electronics,Bluetooth Speaker,48,0.016218706397591175,2,94.44300418583126
2023-05-16,Home,Air Fryer,110,0.031906033130611446,4,425.96134542253094
2023-05-16,Home,Coffee Maker,75,0.04083237044637307,6,431.6254332991321
2023-05-16,Home,LED Lamp,32,0.016476215489104745,2,62.9455222086973
2023-05-16,Fashion,Hoodie,38,0.06986564530784982,5,176.72552739150854
2023-05-16,Fashion,Sneakers,72,0.0734447884631263,6,400.27185138392946
2023-05-16,Fashion,Backpack,45,0.04508927694984573,4,171.88393014902775
2023-05-16,Beauty,Face Serum,28,0.06918381386637712,5,130.3142660587072
2023-05-16,Beauty,Hair Dryer,55,0.05707747298373238,2,103.72147797178944
2023-05-16,Beauty,Perfume,60,0.02592715281335442,6,350.6662249871924
2023-05-17,Electronics,Wireless Headphones,65,0.048315723819241284,3,185.57843385524794
2023-05-17,Electronics,Smart Watch,85,0.044857121024762935,4,324.7485788515806
2023-05-17,Electronics,Bluetooth Speaker,48,0.07675184025926149,4,177.2636466702218
2023-05-17,Home,Air Fryer,110,0.019980628351923314,3,323.40639264386533
2023-05-17,Home,Coffee Maker,75,0.04977198868684311,0,0.0
2023-05-17,Home,LED Lamp,32,0.030842471994517895,4,124.0521635847017
2023-05-17,Fashion,Hoodie,38,0.0,7,266.0
2023-05-17,Fashion,Sneakers,72,0.043840673906299234,1,68.84347147874645
2023-05-17,Fashion,Backpack,45,0.03796847298826961,7,303.0399310086951
2023-05-17,Beauty,Face Serum,28,0.09934152235457144,3,75.65531212221599
2023-05-17,Beauty,Hair Dryer,55,0.06086769671925995,3,154.95683004132212
2023-05-17,Beauty,Perfume,60,0.07033243384800518,5,278.9002698455985
2023-05-18,Electronics,Wireless Headphones,65,0.0687061335707164,5,302.6705065895172
2023-05-18,Electronics,Smart Watch,85,0.07919895790030898,3,234.8042657354212
2023-05-18,Electronics,Bluetooth Speaker,48,0.06436217347862791,8,359.2849253842069
2023-05-18,Home,Air Fryer,110,0.03126125215086869,3,319.68378679021333
2023-05-18,Home,Coffee Maker,75,0.043274320992211984,4,287.0177037023364
2023-05-18,Home,LED Lamp,32,0.07827436069515678,6,176.9713227465299
2023-05-18,Fashion,Hoodie,38,0.028345339671700217,7,258.46013964732776
2023-05-18,Fashion,Sneakers,72,0.042269231901237894,5,344.78307651555434
2023-05-18,Fashion,Backpack,45,0.043974113936300366,9,387.19048385579833
2023-05-18,Beauty,Face Serum,28,0.014700185571244404,7,193.1187636280361
2023-05-18,Beauty,Hair Dryer,55,0.03364887412551009,1,53.149311923096946
2023-05-18,Beauty,Perfume,60,0.05189437070047144,4,227.54535103188687
2023-05-19,Electronics,Wireless Headphones,65,0.020363209158807904,6,382.0583484280649
2023-05-19,Electronics,Smart Watch,85,0.05349651451898588,7,563.1695738612034
2023-05-19,Electronics,Bluetooth Speaker,48,0.07117903732673758,4,178.33362483326638
2023-05-19,Home,Air Fryer,110,0.03783023208104058,5,529.1933723554276
2023-05-19,Home,Coffee Maker,75,0.03658842139703162,4,289.0234735808905
2023-05-19,Home,LED Lamp,32,0.002638846302071521,7,223.40889842833596
2023-05-19,Fashion,Hoodie,38,0.0495988093979163,7,252.80671670015428
2023-05-19,Fashion,Sneakers,72,0.01082358875794047,9,640.9863144848546
2023-05-19,Fashion,Backpack,45,0.008990948986005505,4,178.38162918251902
2023-05-19,Beauty,Face Serum,28,0.06342606333401715,6,157.34442135988513
2023-05-19,Beauty,Hair Dryer,55,0.013918415308166926,7,379.64141010635575
2023-05-19,Beauty,Perfume,60,0.05754186797024296,4,226.1899516871417
2023-05-20,Electronics,Wireless Headphones,65,0.06492333078499334,9,547.0198514907789
2023-05-20,Electronics,Smart Watch,85,0.07570297739940275,1,78.56524692105076
2023-05-20,Electronics,Bluetooth Speaker,48,0.033225009650591,8,371.24159629417306
2023-05-20,Home,Air Fryer,110,0.030213843531795813,11,1173.441249326527
2023-05-20,Home,Coffee Maker,75,0.06791832519263553,2,139.81225122110467
2023-05-20,Home,LED Lamp,32,0.05624700565816985,7,211.40067073256995
2023-05-20,Fashion,Hoodie,38,0.04353021126031084,10,363.45851972108187
2023-05-20,Fashion,Sneakers,72,0.05772126395759411,2,135.68813799010644
2023-05-20,Fashion,Backpack,45,0.030305027784333166,8,349.09018999764004
2023-05-20,Beauty,Face Serum,28,0.021069654924577783,7,191.87034763478275
2023-05-20,Beauty,Hair Dryer,55,0.045665828615358874,3,157.4651382784658
2023-05-20,Beauty,Perfume,60,0.06668440609583558,5,279.99467817124935
2023-05-21,Electronics,Wireless Headphones,65,0.0,9,585.0
2023-05-21,Electronics,Smart Watch,85,0.023341660703021218,6,498.09575304145915
2023-05-21,Electronics,Bluetooth Speaker,48,0.03982058298933519,6,276.53167209907144
2023-05-21,Home,Air Fryer,110,0.027742392102817582,5,534.7416843434503
2023-05-21,Home,Coffee Maker,75,0.03290580894619293,1,72.53206432903553
2023-05-21,Home,LED Lamp,32,0.02397032071740647,7,218.63064815930096
2023-05-21,Fashion,Hoodie,38,0.05688932247406364,4,143.35282298394233
2023-05-21,Fashion,Sneakers,72,0.035754739391930024,6,416.55395258268624
2023-05-21,Fashion,Backpack,45,0.09356350758356015,5,203.94821079369896
2023-05-21,Beauty,Face Serum,28,0.05354071934529759,4,106.00343943332668
2023-05-21,Beauty,Hair Dryer,55,0.0645226341382443,5,257.2562756119828
2023-05-21,Beauty,Perfume,60,0.06693144075883033,3,167.95234066341055
2023-05-22,Electronics,Wireless Headphones,65,0.06441185349577194,6,364.87937713664894
2023-05-22,Electronics,Smart Watch,85,0.06107602935639771,3,239.4256125141186
2023-05-22,Electronics,Bluetooth Speaker,48,0.060639756259206694,8,360.7143335964646
2023-05-22,Home,Air Fryer,110,0.04195253965535825,3,316.15566191373176
2023-05-22,Home,Coffee Maker,75,0.018867112273746517,1,73.58496657946901
2023-05-22,Home,LED Lamp,32,0.013347955944008921,6,189.43719245875027
2023-05-22,Fashion,Hoodie,38,0.04419804811604058,8,290.5637933727237
2023-05-22,Fashion,Sneakers,72,0.0943024745857355,3,195.63066548948115
2023-05-22,Fashion,Backpack,45,0.08456117329688052,6,247.16848320984226
2023-05-22,Beauty,Face Serum,28,0.07078353425270718,4,104.0722441636968
2023-05-22,Beauty,Hair Dryer,55,0.07077366698416537,1,51.107448315870904
2023-05-22,Beauty,Perfume,60,0.030255941914665928,10,581.8464348512005
2023-05-23,Electronics,Wireless Headphones,65,0.05251958979525146,8,492.6898133064692
2023-05-23,Electronics,Smart Watch,85,0.04048274605683839,4,326.23586634067493
2023-05-23,Electronics,Bluetooth Speaker,48,0.04931056715991703,12,547.5971133158878
2023-05-23,Home,Air Fryer,110,0.03657407666665163,9,953.7916641000149
2023-05-23,Home,Coffee Maker,75,0.03691638954311006,4,288.92508313706696
2023-05-23,Home,LED Lamp,32,0.069787704298663,7,208.36755423709948
2023-05-23,Fashion,Hoodie,38,0.046944097467310174,5,181.08062148121107
2023-05-23,Fashion,Sneakers,72,0.04670545442612688,4,274.54882912527546
2023-05-23,Fashion,Backpack,45,0.041577976915121044,10,431.28991038819555
2023-05-23,Beauty,Face Serum,28,0.0915094704743243,8,203.50187861375136
2023-05-23,Beauty,Hair Dryer,55,0.05288865431025267,5,260.4556200646805
2023-05-23,Beauty,Perfume,60,0.06605320740461293,7,392.25765289006256
2023-05-24,Electronics,Wireless Headphones,65,0.08577832537573121,10,594.2440885057747
2023-05-24,Electronics,Smart Watch,85,0.007088162148483693,7,590.7825435216522
2023-05-24,Electronics,Bluetooth Speaker,48,0.026791105229409612,4,186.85610779595333
2023-05-24,Home,Air Fryer,110,0.035919323076365105,4,424.19549784639935
2023-05-24,Home,Coffee Maker,75,0.03105508233991644,3,218.0126064735188
2023-05-24,Home,LED Lamp,32,0.02364774524675661,5,156.21636076051894
2023-05-24,Fashion,Hoodie,38,0.04973838014223844,5,180.5497077729747
2023-05-24,Fashion,Sneakers,72,0.039330891941786614,9,622.5135820217223
2023-05-24,Fashion,Backpack,45,0.0697502774652958,3,125.58371254218507
2023-05-24,Beauty,Face Serum,28,0.04413454903697756,2,53.528465253929255
2023-05-24,Beauty,Hair Dryer,55,0.05507258327683025,5,259.85503959887166
2023-05-24,Beauty,Perfume,60,0.01749434137166602,4,235.80135807080015
2023-05-25,Electronics,Wireless Headphones,65,0.055129990448848545,5,307.0827531041242
2023-05-25,Electronics,Smart Watch,85,0.0,5,425.0
2023-05-25,Electronics,Bluetooth Speaker,48,0.044609712626265105,3,137.5762013818178
2023-05-25,Home,Air Fryer,110,0.0889026059596383,7,701.5449934110785
2023-05-25,Home,Coffee Maker,75,0.0441222712897963,2,143.38165930653057
2023-05-25,Home,LED Lamp,32,0.08472998264663437,2,58.5772811106154
2023-05-25,Fashion,Hoodie,38,0.03504549569872009,5,183.3413558172432
2023-05-25,Fashion,Sneakers,72,0.05000222577409096,5,341.9991987213273
2023-05-25,Fashion,Backpack,45,0.0,4,180.0
2023-05-25,Beauty,Face Serum,28,0.0805186610582216,6,154.47286494221876
2023-05-25,Beauty,Hair Dryer,55,0.025342621135689122,4,214.4246233501484
2023-05-25,Beauty,Perfume,60,0.05411793174925082,4,227.01169638017979
2023-05-26,Electronics,Wireless Headphones,65,0.03727025424720593,6,375.46460084358966
2023-05-26,Electronics,Smart Watch,85,0.0013852344024109717,1,84.88225507579506
2023-05-26,Electronics,Bluetooth Speaker,48,0.07492178925565801,3,133.21126234718525
2023-05-26,Home,Air Fryer,110,0.04409303411292029,4,420.59906499031507
2023-05-26,Home,Coffee Maker,75,0.03397261543147881,1,72.45205384263909
2023-05-26,Home,LED Lamp,32,0.04536234004525699,5,152.7420255927589
2023-05-26,Fashion,Hoodie,38,0.04403831406652779,3,108.97963219641584
2023-05-26,Fashion,Sneakers,72,0.08751257784044734,5,328.49547197743897
2023-05-26,Fashion,Backpack,45,0.04966927404470896,7,299.35417867591667
2023-05-26,Beauty,Face Serum,28,0.05703809012732318,5,132.01466738217476
2023-05-26,Beauty,Hair Dryer,55,0.06159708249255985,3,154.83648138872763
2023-05-26,Beauty,Perfume,60,0.09107044169621173,1,54.5357734982273
2023-05-27,Electronics,Wireless Headphones,65,0.05542321713542464,6,368.3849453171844
2023-05-27,Electronics,Smart Watch,85,0.05783848954014172,3,240.25118516726386
2023-05-27,Electronics,Bluetooth Speaker,48,0.08886423629828095,3,131.20354997304753
2023-05-27,Home,Air Fryer,110,0.0783257704680411,2,202.76833049703095
2023-05-27,Home,Coffee Maker,75,0.09813032694398137,3,202.9206764376042
2023-05-27,Home,LED Lamp,32,0.06955476759903323,7,208.41973205781656
2023-05-27,Fashion,Hoodie,38,0.07774576905600078,14,490.6392508622076
2023-05-27,Fashion,Sneakers,72,0.08244616103841379,4,264.25550562093684
2023-05-27,Fashion,Backpack,45,0.06074703932903708,3,126.79914969058001
2023-05-27,Beauty,Face Serum,28,0.02598139717106122,6,163.63512527526171
2023-05-27,Beauty,Hair Dryer,55,0.0576644384416142,5,259.1422794285561
2023-05-27,Beauty,Perfume,60,0.06163507068278967,4,225.20758303613047
2023-05-28,Electronics,Wireless Headphones,65,0.03179940012950559,5,314.66519495791067
2023-05-28,Electronics,Smart Watch,85,0.048375475475238024,3,242.6642537538143
2023-05-28,Electronics,Bluetooth Speaker,48,0.08781208616661008,5,218.92509932001357
2023-05-28,Home,Air Fryer,110,0.06557714333789626,5,513.932571164157
2023-05-28,Home,Coffee Maker,75,0.029153782687349833,4,291.25386519379504
2023-05-28,Home,LED Lamp,32,0.05642687996687325,1,30.194339841060057
2023-05-28,Fashion,Hoodie,38,0.05133013581122244,7,252.34618387421483
2023-05-28,Fashion,Sneakers,72,0.008556078989402457,4,285.53584925105207
2023-05-28,Fashion,Backpack,45,0.06073406270983195,10,422.66967178057564
2023-05-28,Beauty,Face Serum,28,0.027282913972241193,6,163.41647045266348
2023-05-28,Beauty,Hair Dryer,55,0.04678968542921733,9,471.8391057125374
2023-05-28,Beauty,Perfume,60,0.011683138578822139,2,118.59802337054136
2023-05-29,Electronics,Wireless Headphones,65,0.04230838002041046,3,186.74986589601997
2023-05-29,Electronics,Smart Watch,85,0.05134652418289585,5,403.17772722226925
2023-05-29,Electronics,Bluetooth Speaker,48,0.058249602304425836,4,180.81607635755023
2023-05-29,Home,Air Fryer,110,0.04314919342935704,0,0.0
2023-05-29,Home,Coffee Maker,75,0.03490804565845786,5,361.90948287807834
2023-05-29,Home,LED Lamp,32,0.03897668093642759,2,61.505492420068634
2023-05-29,Fashion,Hoodie,38,0.05242776026057908,3,108.02323533029399
2023-05-29,Fashion,Sneakers,72,0.06899853538452119,8,536.2568436185159
2023-05-29,Fashion,Backpack,45,0.0659270525072249,2,84.06656527434976
2023-05-29,Beauty,Face Serum,28,0.0419002240617207,7,187.78755608390276
2023-05-29,Beauty,Hair Dryer,55,0.06136033264796402,4,206.5007268174479
2023-05-29,Beauty,Perfume,60,0.012144852916475352,1,59.271308825011474
2023-05-30,Electronics,Wireless Headphones,65,0.04089589074163982,3,187.02530130538025
2023-05-30,Electronics,Smart Watch,85,0.05156333532084427,6,483.70269898636946
2023-05-30,Electronics,Bluetooth Speaker,48,0.051581756371031046,5,227.62037847095255
2023-05-30,Home,Air Fryer,110,0.05825963736553934,4,414.3657595591627
2023-05-30,Home,Coffee Maker,75,0.044377276703784795,2,143.34340849443228
2023-05-30,Home,LED Lamp,32,0.07069467371732867,6,178.4266226462729
2023-05-30,Fashion,Hoodie,38,0.0668416734447184,4,141.8400656364028
2023-05-30,Fashion,Sneakers,72,0.06984521224603407,5,334.85572359142776
2023-05-30,Fashion,Backpack,45,0.022064798905401497,6,264.0425042955416
2023-05-30,Beauty,Face Serum,28,0.055639337430714336,8,211.53678841552
2023-05-30,Beauty,Hair Dryer,55,0.069965981526216,3,153.45561304817434
2023-05-30,Beauty,Perfume,60,0.022419330877761785,6,351.92904088400576
2023-05-31,Electronics,Wireless Headphones,65,0.010797096521636122,7,450.0873210826556
2023-05-31,Electronics,Smart Watch,85,0.05541936991732026,3,240.86806067108336
2023-05-31,Electronics,Bluetooth Speaker,48,0.03354276523434739,5,231.94973634375663
2023-05-31,Home,Air Fryer,110,0.04463197828497842,3,315.2714471659571
2023-05-31,Home,Coffee Maker,75,0.044785025049165865,2,143.28224624262512
2023-05-31,Home,LED Lamp,32,0.015696198797000516,2,62.99544327699196
2023-05-31,Fashion,Hoodie,38,0.04281736544149725,6,218.23764067933863
2023-05-31,Fashion,Sneakers,72,0.019563078678447345,6,423.54875001091074
2023-05-31,Fashion,Backpack,45,0.021323902395031732,6,264.2425463533414
2023-05-31,Beauty,Face Serum,28,0.0,7,196.0
2023-05-31,Beauty,Hair Dryer,55,0.028583448625960274,3,160.28373097671656
2023-05-31,Beauty,Perfume,60,0.029884713591700567,5,291.03458592248984
2023-06-01,Electronics,Wireless Headphones,65,0.05232993949289706,6,369.59132359777016
2023-06-01,Electronics,Smart Watch,85,0.06155439056875528,8,638.1430144132464
2023-06-01,Electronics,Bluetooth Speaker,48,0.008548707079120088,0,0.0
2023-06-01,Home,Air Fryer,110,0.036018529503256284,4,424.15184701856725
2023-06-01,Home,Coffee Maker,75,0.08945907672258742,5,341.4528462290297
2023-06-01,Home,LED Lamp,32,0.06219461614380538,4,120.03908913359291
2023-06-01,Fashion,Hoodie,38,0.0626903191258263,9,320.5599108589674
2023-06-01,Fashion,Sneakers,72,0.025435987730890057,4,280.67443553350364
2023-06-01,Fashion,Backpack,45,0.10195037609082529,6,242.4733984554772
2023-06-01,Beauty,Face Serum,28,0.043927107209372346,3,80.31012299441272
2023-06-01,Beauty,Hair Dryer,55,0.06448735219838843,1,51.45319562908864
2023-06-01,Beauty,Perfume,60,0.022099032120006037,5,293.37029036399815
2023-06-02,Electronics,Wireless Headphones,65,0.060003824097167716,9,549.8977629031568
2023-06-02,Electronics,Smart Watch,85,0.0592555546547291,4,319.8531114173921
2023-06-02,Electronics,Bluetooth Speaker,48,0.05934546396909615,7,316.0599241063837
2023-06-02,Home,Air Fryer,110,0.07562198082066604,2,203.36316421945347
2023-06-02,Home,Coffee Maker,75,0.08978514529305592,1,68.26611410302081
2023-06-02,Home,LED Lamp,32,0.05944913938808805,4,120.39051015832473
2023-06-02,Fashion,Hoodie,38,0.09605624391186242,0,0.0
2023-06-02,Fashion,Sneakers,72,0.08273565754863782,3,198.12909796949424
2023-06-02,Fashion,Backpack,45,0.05146198557645749,2,85.36842129811882
2023-06-02,Beauty,Face Serum,28,0.030144890460007897,6,162.93565840271867
2023-06-02,Beauty,Hair Dryer,55,0.03783759043505585,3,158.75679757821578
2023-06-02,Beauty,Perfume,60,0.02924364693131815,8,465.96304947296727
2023-06-03,Electronics,Wireless Headphones,65,0.031460049836840046,8,503.6407740848432
2023-06-03,Electronics,Smart Watch,85,0.038726218499414176,7,571.9578999928485
2023-06-03,Electronics,Bluetooth Speaker,48,0.020502565880931203,4,188.0635073508612
2023-06-03,Home,Air Fryer,110,0.055292468986745294,3,311.753485234374
2023-06-03,Home,Coffee Maker,75,0.039730237189986486,7,504.1416254752571
2023-06-03,Home,LED Lamp,32,0.09381771106041537,4,115.99133298426683
2023-06-03,Fashion,Hoodie,38,0.022469816572576774,12,445.753763642905
2023-06-03,Fashion,Sneakers,72,0.05252145249760952,3,204.65536626051633
2023-06-03,Fashion,Backpack,45,0.014868213819365983,3,132.99279113438558
2023-06-03,Beauty,Face Serum,28,0.06066594544487665,7,184.10947469280416
2023-06-03,Beauty,Hair Dryer,55,0.07732218894602269,0,0.0
2023-06-03,Beauty,Perfume,60,0.05166910303682213,3,170.699561453372
2023-06-04,Electronics,Wireless Headphones,65,0.04248185919540617,5,311.193395761493
2023-06-04,Electronics,Smart Watch,85,0.003989707586970079,9,761.9478736959679
2023-06-04,Electronics,Bluetooth Speaker,48,0.04113477460456512,10,460.2553081898087
2023-06-04,Home,Air Fryer,110,0.05504893174656485,6,623.6677050472672
2023-06-04,Home,Coffee Maker,75,0.016279091989579712,7,516.4534767054706
2023-06-04,Home,LED Lamp,32,0.044136465021234764,4,122.35053247728194
2023-06-04,Fashion,Hoodie,38,0.07341484497138598,9,316.892123019786
2023-06-04,Fashion,Sneakers,72,0.0354587663991942,4,277.7878752770321
2023-06-04,Fashion,Backpack,45,0.03170407919244363,7,305.0132150543802
2023-06-04,Beauty,Face Serum,28,0.03509353207438207,4,108.0695244076692
2023-06-04,Beauty,Hair Dryer,55,0.06310570714326125,2,103.05837221424126
2023-06-04,Beauty,Perfume,60,0.013558816075381806,5,295.9323551773855
2023-06-05,Electronics,Wireless Headphones,65,0.03368431682330372,3,188.43155821945578
2023-06-05,Electronics,Smart Watch,85,0.03404763830814948,4,328.4238029752292
2023-06-05,Electronics,Bluetooth Speaker,48,0.04774275061625063,3,137.1250439112599
2023-06-05,Home,Air Fryer,110,0.044062893938379075,2,210.3061633335566
2023-06-05,Home,Coffee Maker,75,0.08270360233765123,1,68.79722982467615
2023-06-05,Home,LED Lamp,32,0.0535996839827893,6,181.70886067530446
2023-06-05,Fashion,Hoodie,38,0.027396964823947465,9,332.63023803020997
2023-06-05,Fashion,Sneakers,72,0.07425444079521754,5,333.2684013137217
2023-06-05,Fashion,Backpack,45,0.01502331148233678,3,132.97185294988452
2023-06-05,Beauty,Face Serum,28,0.07637796828995548,4,103.44566755152499
2023-06-05,Beauty,Hair Dryer,55,0.05137024649558255,5,260.8731822137148
2023-06-05,Beauty,Perfume,60,0.03846022502135159,4,230.7695459948756
2023-06-06,Electronics,Wireless Headphones,65,0.007421338111313992,5,322.58806511382295
2023-06-06,Electronics,Smart Watch,85,0.0819199297423619,3,234.11041791569772
2023-06-06,Electronics,Bluetooth Speaker,48,0.04258909983129923,5,229.7786160404882
2023-06-06,Home,Air Fryer,110,0.06663044360212322,3,308.01195361129936
2023-06-06,Home,Coffee Maker,75,0.058086462377734314,2,141.28703064333985
2023-06-06,Home,LED Lamp,32,0.08820665918022463,3,87.53216071869844
2023-06-06,Fashion,Hoodie,38,0.08131726492600229,7,244.36960752968338
2023-06-06,Fashion,Sneakers,72,0.07103540955335916,1,66.88545051215814
2023-06-06,Fashion,Backpack,45,0.009749180151472955,5,222.80643446591858
2023-06-06,Beauty,Face Serum,28,0.05390661078845527,2,52.9812297958465
2023-06-06,Beauty,Hair Dryer,55,0.01390459544423947,5,271.17623625283414
2023-06-06,Beauty,Perfume,60,0.03284882857101442,5,290.1453514286957
2023-06-07,Electronics,Wireless Headphones,65,0.06514527002842799,8,486.12445958521744
2023-06-07,Electronics,Smart Watch,85,0.0422212642380161,3,244.2335776193059
2023-06-07,Electronics,Bluetooth Speaker,48,0.014465556418125136,6,283.83391975157997
2023-06-07,Home,Air Fryer,110,0.05103077413147194,0,0.0
2023-06-07,Home,Coffee Maker,75,0.10385495583392342,2,134.4217566249115
2023-06-07,Home,LED Lamp,32,0.03862606880440146,6,184.58379478955493
2023-06-07,Fashion,Hoodie,38,0.10815480340785695,9,305.0110572345129
2023-06-07,Fashion,Sneakers,72,0.06436786817789981,1,67.36551349119121
2023-06-07,Fashion,Backpack,45,0.010192063486254704,3,133.6240714293556
2023-06-07,Beauty,Face Serum,28,0.052424904428455814,3,79.59630802800972
2023-06-07,Beauty,Hair Dryer,55,0.11052617590717045,8,391.36848260084497
2023-06-07,Beauty,Perfume,60,0.02572651942309001,3,175.3692265038438
2023-06-08,Electronics,Wireless Headphones,65,0.0062229166863819255,4,258.3820416615407
2023-06-08,Electronics,Smart Watch,85,0.09706622556631789,5,383.7468541343149
2023-06-08,Electronics,Bluetooth Speaker,48,0.049713389458496564,1,45.613757305992166
2023-06-08,Home,Air Fryer,110,0.06333678781534813,4,412.1318133612468
2023-06-08,Home,Coffee Maker,75,0.0538956267410052,6,425.74696796654763
2023-06-08,Home,LED Lamp,32,0.05049376057648404,7,212.68939763086757
2023-06-08,Fashion,Hoodie,38,0.06062212989753706,2,71.39271812778719
2023-06-08,Fashion,Sneakers,72,0.029579918354240953,1,69.87024587849466
2023-06-08,Fashion,Backpack,45,0.05251148177082238,6,255.82189992187799
2023-06-08,Beauty,Face Serum,28,0.05763827521891039,1,26.38612829387051
2023-06-08,Beauty,Hair Dryer,55,0.021851122357895714,3,161.39456481094723
2023-06-08,Beauty,Perfume,60,0.026664436554983337,5,292.000669033505
2023-06-09,Electronics,Wireless Headphones,65,0.07413353230785157,7,421.26924279992755
2023-06-09,Electronics,Smart Watch,85,0.021580337723657396,6,498.9940277609347
2023-06-09,Electronics,Bluetooth Speaker,48,0.021943397819649213,3,140.8401507139705
2023-06-09,Home,Air Fryer,110,0.04124143810190404,5,527.3172090439527
2023-06-09,Home,Coffee Maker,75,0.07253396456867232,3,208.67985797204872
2023-06-09,Home,LED Lamp,32,0.0,6,192.0
2023-06-09,Fashion,Hoodie,38,0.023526457794212714,4,148.42397841527966
2023-06-09,Fashion,Sneakers,72,0.004053521201213252,4,286.83258589405057
2023-06-09,Fashion,Backpack,45,0.05158357884237112,6,256.0724337125598
2023-06-09,Beauty,Face Serum,28,0.0638047371358663,3,78.64040208058722
2023-06-09,Beauty,Hair Dryer,55,0.01137172737220897,4,217.49821997811404
2023-06-09,Beauty,Perfume,60,0.061388758685119456,5,281.58337239446416
2023-06-10,Electronics,Wireless Headphones,65,0.018692794027579764,8,510.27974710565854
2023-06-10,Electronics,Smart Watch,85,0.06826641514530296,1,79.19735471264924
2023-06-10,Electronics,Bluetooth Speaker,48,0.036142182219670804,4,185.0607010138232
2023-06-10,Home,Air Fryer,110,0.030597142745068754,5,533.1715714902122
2023-06-10,Home,Coffee Maker,75,0.02032783813348219,5,367.3770606999442
2023-06-10,Home,LED Lamp,32,0.08200323172429023,3,88.12768975446814
2023-06-10,Fashion,Hoodie,38,0.09358145937174227,14,482.21466361423313
2023-06-10,Fashion,Sneakers,72,0.05257211268065999,1,68.21480788699247
2023-06-10,Fashion,Backpack,45,0.03023713233684282,4,174.5573161793683
2023-06-10,Beauty,Face Serum,28,0.025169213749663508,5,136.4763100750471
2023-06-10,Beauty,Hair Dryer,55,0.054458239681580936,4,208.01918727005219
2023-06-10,Beauty,Perfume,60,0.04389105860095487,6,344.19921890365623
2023-06-11,Electronics,Wireless Headphones,65,0.06331175635144394,10,608.8473583715614
2023-06-11,Electronics,Smart Watch,85,0.02623040136494567,4,331.08166353591844
2023-06-11,Electronics,Bluetooth Speaker,48,0.001692351091020769,5,239.59383573815504
2023-06-11,Home,Air Fryer,110,0.08751436610887393,2,200.74683945604772
2023-06-11,Home,Coffee Maker,75,0.07011693570330788,7,488.18860875576337
2023-06-11,Home,LED Lamp,32,0.04998676216235338,5,152.00211805402344
2023-06-11,Fashion,Hoodie,38,0.004353655854171197,8,302.67648862033195
2023-06-11,Fashion,Sneakers,72,0.0386948651735585,4,276.8558788300152
2023-06-11,Fashion,Backpack,45,0.07668708040661529,3,124.64724414510694
2023-06-11,Beauty,Face Serum,28,0.031197541191700803,6,162.75881307979427
2023-06-11,Beauty,Hair Dryer,55,0.07023863788875312,5,255.68437458059287
2023-06-11,Beauty,Perfume,60,0.06340656533552974,1,56.19560607986821
2023-06-12,Electronics,Wireless Headphones,65,0.0737389449761208,6,361.2418114593129
2023-06-12,Electronics,Smart Watch,85,0.05879064997558374,4,320.01117900830155
2023-06-12,Electronics,Bluetooth Speaker,48,0.04073238492781445,4,184.1793820938596
2023-06-12,Home,Air Fryer,110,0.042781456252015286,5,526.4701990613917
2023-06-12,Home,Coffee Maker,75,0.08350141536865746,3,206.21218154205206
2023-06-12,Home,LED Lamp,32,0.08284716314921087,5,146.74445389612626
2023-06-12,Fashion,Hoodie,38,0.09620121977276383,9,309.09918283771475
2023-06-12,Fashion,Sneakers,72,0.03209590342068384,5,348.4454747685538
2023-06-12,Fashion,Backpack,45,0.05348680839625099,11,468.52402984385577
2023-06-12,Beauty,Face Serum,28,0.045353515779395184,6,160.38060934906161
2023-06-12,Beauty,Hair Dryer,55,0.06621072327035112,4,205.43364088052274
2023-06-12,Beauty,Perfume,60,0.07253191848899188,4,222.59233956264194
2023-06-13,Electronics,Wireless Headphones,65,0.03167134379840367,9,566.4722638779339
2023-06-13,Electronics,Smart Watch,85,0.0618179906842194,5,398.7273539592067
2023-06-13,Electronics,Bluetooth Speaker,48,0.03843855154913953,5,230.7747476282065
2023-06-13,Home,Air Fryer,110,0.04140248523051887,3,316.3371798739288
2023-06-13,Home,Coffee Maker,75,0.06616314364648726,2,140.07552845302692
2023-06-13,Home,LED Lamp,32,0.01487208644828765,5,157.620466168274
2023-06-13,Fashion,Hoodie,38,0.06805177981352496,5,177.07016183543027
2023-06-13,Fashion,Sneakers,72,0.0649975108495725,6,403.92107531298467
2023-06-13,Fashion,Backpack,45,0.030704161183831718,5,218.09156373363788
2023-06-13,Beauty,Face Serum,28,0.012444314585519096,2,55.30311838321093
2023-06-13,Beauty,Hair Dryer,55,0.08099307410887939,2,101.09076184802328
2023-06-13,Beauty,Perfume,60,0.04544122856188398,8,458.18821029029573
2023-06-14,Electronics,Wireless Headphones,65,0.0862155471140981,6,356.37593662550177
2023-06-14,Electronics,Smart Watch,85,0.03337712929901614,4,328.6517760383345
2023-06-14,Electronics,Bluetooth Speaker,48,0.04430146311316209,4,183.49411908227287
2023-06-14,Home,Air Fryer,110,0.07136532987661072,1,102.14981371357283
2023-06-14,Home,Coffee Maker,75,0.09524233198592016,1,67.85682510105599
2023-06-14,Home,LED Lamp,32,0.014772835236662708,5,157.63634636213396
2023-06-14,Fashion,Hoodie,38,0.028181063538825837,8,295.43295668419694
2023-06-14,Fashion,Sneakers,72,0.021671492621403894,4,281.75861012503566
2023-06-14,Fashion,Backpack,45,0.06377161014230592,6,252.7816652615774
2023-06-14,Beauty,Face Serum,28,0.050527673472127124,6,159.51135085668264
2023-06-14,Beauty,Hair Dryer,55,0.04606714473295709,2,104.93261407937473
2023-06-14,Beauty,Perfume,60,0.060993534890079464,3,169.0211637197857
2023-06-15,Electronics,Wireless Headphones,65,0.019947231029087478,2,127.40685996621863
2023-06-15,Electronics,Smart Watch,85,0.10333326826080486,4,304.8666887913264
2023-06-15,Electronics,Bluetooth Speaker,48,0.008468202430671666,6,285.56115769996654
2023-06-15,Home,Air Fryer,110,0.07247733766556377,0,0.0
2023-06-15,Home,Coffee Maker,75,0.06450818614862544,2,140.3237720777062
2023-06-15,Home,LED Lamp,32,0.053649968964103845,4,121.1328039725947
2023-06-15,Fashion,Hoodie,38,0.045471863768695296,7,253.90448423752704
2023-06-15,Fashion,Sneakers,72,0.03668534537889147,6,416.1519307963189
2023-06-15,Fashion,Backpack,45,0.0928418559792076,5,204.1105824046783
2023-06-15,Beauty,Face Serum,28,0.054530853859496096,3,79.41940827580233
2023-06-15,Beauty,Hair Dryer,55,0.07163407398317237,2,102.12025186185105
2023-06-15,Beauty,Perfume,60,0.03593130421707545,6,347.06473048185285
2023-06-16,Electronics,Wireless Headphones,65,0.052616634138764454,6,369.47951268588184
2023-06-16,Electronics,Smart Watch,85,0.039356748236272075,1,81.65467639991687
2023-06-16,Electronics,Bluetooth Speaker,48,0.05188006024586818,5,227.54878554099162
2023-06-16,Home,Air Fryer,110,0.06042253097709598,2,206.70704318503888
2023-06-16,Home,Coffee Maker,75,0.0602460744566567,2,140.9630888315015
2023-06-16,Home,LED Lamp,32,0.08005434578577242,5,147.1913046742764
2023-06-16,Fashion,Hoodie,38,0.04591684295461452,10,362.5515996772465
2023-06-16,Fashion,Sneakers,72,0.044555807800831626,4,275.1679273533605
2023-06-16,Fashion,Backpack,45,0.0242167661478463,8,351.2819641867753
2023-06-16,Beauty,Face Serum,28,0.030140596503653888,2,54.312126595795384
2023-06-16,Beauty,Hair Dryer,55,0.054827745036370654,5,259.92237011499805
2023-06-16,Beauty,Perfume,60,0.052249711727720825,5,284.32508648168374
2023-06-17,Electronics,Wireless Headphones,65,0.06500223888156505,3,182.3245634180948
2023-06-17,Electronics,Smart Watch,85,0.04441782313979313,5,406.1224251655879
2023-06-17,Electronics,Bluetooth Speaker,48,0.058877686832896174,7,316.21709722414687
2023-06-17,Home,Air Fryer,110,0.021513394421279686,3,322.90057984097774
2023-06-17,Home,Coffee Maker,75,0.02550111257538446,4,292.34966622738466
2023-06-17,Home,LED Lamp,32,0.03721792190948136,8,246.47221199117277
2023-06-17,Fashion,Hoodie,38,0.06160623934178959,5,178.29481452506
2023-06-17,Fashion,Sneakers,72,0.021428388180240787,5,352.2857802551133
2023-06-17,Fashion,Backpack,45,0.010381924544676971,5,222.66406697744767
2023-06-17,Beauty,Face Serum,28,0.01798967467632591,6,164.97773465437723
2023-06-17,Beauty,Hair Dryer,55,0.06762950814925209,6,307.6822623107468
2023-06-17,Beauty,Perfume,60,0.11476714590153732,6,318.68382747544655
2023-06-18,Electronics,Wireless Headphones,65,0.027538528510564084,6,379.25997388088
2023-06-18,Electronics,Smart Watch,85,0.0031053970980711165,2,169.47208249332792
2023-06-18,Electronics,Bluetooth Speaker,48,0.09672082932877646,3,130.0722005766562
2023-06-18,Home,Air Fryer,110,0.04956070598670834,1,104.54832234146208
2023-06-18,Home,Coffee Maker,75,0.09874905746765388,6,405.5629241395558
2023-06-18,Home,LED Lamp,32,0.027355101585975525,7,217.87245724474147
2023-06-18,Fashion,Hoodie,38,0.06758796908885105,4,141.72662869849464
2023-06-18,Fashion,Sneakers,72,0.05612026657803505,7,475.71538564467033
2023-06-18,Fashion,Backpack,45,0.10431766559049803,5,201.52852524213793
2023-06-18,Beauty,Face Serum,28,0.10029813407342136,3,75.57495673783261
2023-06-18,Beauty,Hair Dryer,55,0.07782500515116275,5,253.59812358343024
2023-06-18,Beauty,Perfume,60,0.08685019325305857,5,273.9449420240824
2023-06-19,Electronics,Wireless Headphones,65,0.06177877033325222,4,243.93751971335442
2023-06-19,Electronics,Smart Watch,85,0.05848595963293708,1,80.02869343120034
2023-06-19,Electronics,Bluetooth Speaker,48,0.029615930190420733,7,326.0490474560186
2023-06-19,Home,Air Fryer,110,0.08315462408573948,1,100.85299135056866
2023-06-19,Home,Coffee Maker,75,0.05198965612081826,4,284.4031031637545
2023-06-19,Home,LED Lamp,32,0.010966585162443192,5,158.2453463740091
2023-06-19,Fashion,Hoodie,38,0.06379852544393433,7,249.02959223191345
2023-06-19,Fashion,Sneakers,72,0.06728267325231899,2,134.31129505166606
2023-06-19,Fashion,Backpack,45,0.05007894306846264,2,85.49289512383837
2023-06-19,Beauty,Face Serum,28,0.020609874792233064,1,27.422923505817472
2023-06-19,Beauty,Hair Dryer,55,0.07482291650504819,2,101.76947918444469
2023-06-19,Beauty,Perfume,60,0.060090729319947606,8,451.1564499264251
2023-06-20,Electronics,Wireless Headphones,65,0.03099746397301882,4,251.94065936701512
2023-06-20,Electronics,Smart Watch,85,0.09758650749552863,4,306.8205874515203
2023-06-20,Electronics,Bluetooth Speaker,48,0.05011672238940122,2,91.18879465061748
2023-06-20,Home,Air Fryer,110,0.08195387318406752,5,504.9253697487629
2023-06-20,Home,Coffee Maker,75,0.0887177624165246,2,136.6923356375213
2023-06-20,Home,LED Lamp,32,0.03215656052030992,4,123.88396025340033
2023-06-20,Fashion,Hoodie,38,0.043294535323930315,4,145.4192306307626
2023-06-20,Fashion,Sneakers,72,0.03624445621408026,1,69.39039915258623
2023-06-20,Fashion,Backpack,45,0.08935699647503159,8,327.8314812689886
2023-06-20,Beauty,Face Serum,28,0.06748011728877573,6,156.66334029548568
2023-06-20,Beauty,Hair Dryer,55,0.04572571777417661,4,209.94034208968117
2023-06-20,Beauty,Perfume,60,0.038386390949969366,5,288.4840827150092
2023-06-21,Electronics,Wireless Headphones,65,0.034235690210669495,4,251.09872054522592
2023-06-21,Electronics,Smart Watch,85,0.06431521405433102,3,238.59962041614557
2023-06-21,Electronics,Bluetooth Speaker,48,0.03348879548481211,6,278.35522690037413
2023-06-21,Home,Air Fryer,110,0.01289275531158731,2,217.16359383145078
2023-06-21,Home,Coffee Maker,75,0.03952569208955675,1,72.03557309328323
2023-06-21,Home,LED Lamp,32,0.0782936202651499,3,88.48381245454561
2023-06-21,Fashion,Hoodie,38,0.07138681481137872,8,282.29840829734087
2023-06-21,Fashion,Sneakers,72,0.0,6,432.0
2023-06-21,Fashion,Backpack,45,0.045380906999741254,10,429.5785918501164
2023-06-21,Beauty,Face Serum,28,0.0378592866606442,4,107.75975989400786
2023-06-21,Beauty,Hair Dryer,55,0.044826812625389956,6,315.2071518336213
2023-06-21,Beauty,Perfume,60,0.07191766443439661,3,167.0548204018086
2023-06-22,Electronics,Wireless Headphones,65,0.06783308331012416,4,242.3633983393677
2023-06-22,Electronics,Smart Watch,85,0.05751276192062806,1,80.11141523674662
2023-06-22,Electronics,Bluetooth Speaker,48,0.05206385096550795,5,227.5046757682781
2023-06-22,Home,Air Fryer,110,0.10719935936836737,3,294.6242114084388
2023-06-22,Home,Coffee Maker,75,0.0253914558446557,3,219.28692243495246
2023-06-22,Home,LED Lamp,32,0.015905904804250796,1,31.491011046263974
2023-06-22,Fashion,Hoodie,38,0.029551248118204792,6,221.26231542904932
2023-06-22,Fashion,Sneakers,72,0.03041432779898093,6,418.86101039084025
2023-06-22,Fashion,Backpack,45,0.0693596696730858,2,83.75762972942228
2023-06-22,Beauty,Face Serum,28,0.03405048134921858,4,108.18634608888752
2023-06-22,Beauty,Hair Dryer,55,0.04450448526915038,1,52.552253310196726
2023-06-22,Beauty,Perfume,60,0.03013102970742547,4,232.7685528702179
2023-06-23,Electronics,Wireless Headphones,65,0.05709397510881177,5,306.44445808963616
2023-06-23,Electronics,Smart Watch,85,0.04327148876904957,8,650.5753876370463
2023-06-23,Electronics,Bluetooth Speaker,48,0.009056249170461557,4,190.26120015927137
2023-06-23,Home,Air Fryer,110,0.06492622641405049,2,205.7162301889089
2023-06-23,Home,Coffee Maker,75,0.0591012559374444,2,141.13481160938335
2023-06-23,Home,LED Lamp,32,0.03576585990767298,3,92.5664774488634
2023-06-23,Fashion,Hoodie,38,0.06717527395280955,9,319.0260563081391
2023-06-23,Fashion,Sneakers,72,0.02865869888015739,7,489.5560157644007
2023-06-23,Fashion,Backpack,45,0.04247920946680396,3,129.26530672198146
2023-06-23,Beauty,Face Serum,28,0.02352647647313304,4,109.36503463500911
2023-06-23,Beauty,Hair Dryer,55,0.06741249810738655,2,102.58462520818748
2023-06-23,Beauty,Perfume,60,0.053159488859731374,4,227.24172267366447
2023-06-24,Electronics,Wireless Headphones,65,0.026613671350883866,6,379.6206681731553
2023-06-24,Electronics,Smart Watch,85,0.09301263036514028,3,231.28177925688922
2023-06-24,Electronics,Bluetooth Speaker,48,0.07011873325426417,3,133.90290241138595
2023-06-24,Home,Air Fryer,110,0.044520994005556244,6,630.616143956333
2023-06-24,Home,Coffee Maker,75,0.05362330630191765,3,212.93475608206853
2023-06-24,Home,LED Lamp,32,0.05902371785871699,8,240.88992822816846
2023-06-24,Fashion,Hoodie,38,0.0369049724713097,6,219.5856662765414
2023-06-24,Fashion,Sneakers,72,0.049776191505694484,5,342.08057105795
2023-06-24,Fashion,Backpack,45,0.025968039442383455,5,219.15719112546373
2023-06-24,Beauty,Face Serum,28,0.08123136095228724,5,128.6276094666798
2023-06-24,Beauty,Hair Dryer,55,0.07151966174623081,4,204.2656744158292
2023-06-24,Beauty,Perfume,60,0.08679423138738832,7,383.5464228172969
2023-06-25,Electronics,Wireless Headphones,65,0.01803599417210007,5,319.13830189406747
2023-06-25,Electronics,Smart Watch,85,0.0645212856566878,3,238.54707215754462
2023-06-25,Electronics,Bluetooth Speaker,48,0.017028144024330415,6,283.09589452099283
2023-06-25,Home,Air Fryer,110,0.04666045175064884,5,524.3367515371432
2023-06-25,Home,Coffee Maker,75,0.032983707146509875,2,145.0524439280235
2023-06-25,Home,LED Lamp,32,0.0363384846367844,8,246.6973479329832
2023-06-25,Fashion,Hoodie,38,0.11346263912460669,9,303.1957774193845
2023-06-25,Fashion,Sneakers,72,0.03640430076808769,5,346.89445172348843
2023-06-25,Fashion,Backpack,45,0.06728980044018204,3,125.91587694057542
2023-06-25,Beauty,Face Serum,28,0.07698921962250606,7,180.91011295398883
2023-06-25,Beauty,Hair Dryer,55,0.034710498402795505,1,53.09092258784625
2023-06-25,Beauty,Perfume,60,0.06870918458968668,5,279.387244623094
2023-06-26,Electronics,Wireless Headphones,65,0.04958816579881236,6,370.6606153384632
2023-06-26,Electronics,Smart Watch,85,0.05440161659289608,1,80.37586258960383
2023-06-26,Electronics,Bluetooth Speaker,48,0.04220384132914253,4,183.89686246480463
2023-06-26,Home,Air Fryer,110,0.06680854622054058,4,410.60423966296213
2023-06-26,Home,Coffee Maker,75,0.051819196598034,2,142.2271205102949
2023-06-26,Home,LED Lamp,32,0.004795210541836174,5,159.2327663133062
2023-06-26,Fashion,Hoodie,38,0.07381688962650698,11,387.14454013612004
2023-06-26,Fashion,Sneakers,72,0.019781457380983577,5,352.8786753428459
2023-06-26,Fashion,Backpack,45,0.10554980722961319,1,40.25025867466741
2023-06-26,Beauty,Face Serum,28,0.05238130993618652,3,79.59996996536033
2023-06-26,Beauty,Hair Dryer,55,0.08461157212049594,1,50.346363533372724
2023-06-26,Beauty,Perfume,60,0.07280065833159627,2,111.26392100020844
2023-06-27,Electronics,Wireless Headphones,65,0.07660925406048558,3,180.0611954582053
2023-06-27,Electronics,Smart Watch,85,0.0,2,170.0
2023-06-27,Electronics,Bluetooth Speaker,48,0.0875612979565724,4,175.1882307923381
2023-06-27,Home,Air Fryer,110,0.04164001490381863,4,421.6783934423198
2023-06-27,Home,Coffee Maker,75,0.055978371558300946,2,141.60324426625485
2023-06-27,Home,LED Lamp,32,0.043539988613296915,7,214.2470425506215
2023-06-27,Fashion,Hoodie,38,0.05174380710558715,11,396.3710886298646
2023-06-27,Fashion,Sneakers,72,0.04243955450385946,8,551.554816605777
2023-06-27,Fashion,Backpack,45,0.06020476173550435,5,211.4539286095115
2023-06-27,Beauty,Face Serum,28,0.06034722474035746,5,131.55138853634995
2023-06-27,Beauty,Hair Dryer,55,0.06081326374422297,4,206.62108197627097
2023-06-27,Beauty,Perfume,60,0.012989520746531903,5,296.10314377604044
2023-06-28,Electronics,Wireless Headphones,65,0.02444932840880078,3,190.23238096028385
2023-06-28,Electronics,Smart Watch,85,0.04910667329298274,3,242.4777983102894
2023-06-28,Electronics,Bluetooth Speaker,48,0.0439361958995424,6,275.34637558093175
2023-06-28,Home,Air Fryer,110,0.030872932591004733,3,319.81193224496843
2023-06-28,Home,Coffee Maker,75,0.0646467914219376,2,140.30298128670935
2023-06-28,Home,LED Lamp,32,0.08060277229798901,4,117.68284514585741
2023-06-28,Fashion,Hoodie,38,0.04130839472109977,11,400.73309100658025
2023-06-28,Fashion,Sneakers,72,0.09208889280599494,3,196.1087991539051
2023-06-28,Fashion,Backpack,45,0.05107481548071052,6,256.20979982020816
2023-06-28,Beauty,Face Serum,28,0.04589440490162417,6,160.28973997652713
2023-06-28,Beauty,Hair Dryer,55,0.0,3,165.0
2023-06-28,Beauty,Perfume,60,0.0582225292321183,3,169.5199447382187
2023-06-29,Electronics,Wireless Headphones,65,0.07545246618698412,7,420.66912788492226
2023-06-29,Electronics,Smart Watch,85,0.048402249433971166,4,323.5432351924498
2023-06-29,Electronics,Bluetooth Speaker,48,0.03839492054204256,3,138.4711314419459
2023-06-29,Home,Air Fryer,110,0.039178584714092184,3,317.0710670443496
2023-06-29,Home,Coffee Maker,75,0.05925124208163607,5,352.7807842193865
2023-06-29,Home,LED Lamp,32,0.05431684942460265,6,181.57116491047628
2023-06-29,Fashion,Hoodie,38,0.05877859942614524,5,178.8320661090324
2023-06-29,Fashion,Sneakers,72,0.0023748835461545464,5,359.1450419233844
2023-06-29,Fashion,Backpack,45,0.07837276080942984,3,124.41967729072698
2023-06-29,Beauty,Face Serum,28,0.060999289053779486,8,210.3361592519534
2023-06-29,Beauty,Hair Dryer,55,0.07339286614284984,7,356.74374653500286
2023-06-29,Beauty,Perfume,60,0.022473526718844616,6,351.9095303812159
2023-06-30,Electronics,Wireless Headphones,65,0.05489265318806792,6,368.59186525665353
2023-06-30,Electronics,Smart Watch,85,0.03156112136947975,6,493.90382810156535
2023-06-30,Electronics,Bluetooth Speaker,48,0.032779257695404976,7,324.9861694143439
2023-06-30,Home,Air Fryer,110,0.037762639718574485,2,211.6922192619136
2023-06-30,Home,Coffee Maker,75,0.012171516211256152,3,222.26140885246738
2023-06-30,Home,LED Lamp,32,0.0032474757493930057,7,223.27256543213596
2023-06-30,Fashion,Hoodie,38,0.07787574060951766,3,105.122165570515
2023-06-30,Fashion,Sneakers,72,0.0018805911517276314,4,287.4583897483024
2023-06-30,Fashion,Backpack,45,0.10332277653213325,5,201.75237528027
2023-06-30,Beauty,Face Serum,28,0.07996822513191505,11,283.36978665937016
2023-06-30,Beauty,Hair Dryer,55,0.007953850777335056,5,272.8126910362329
2023-06-30,Beauty,Perfume,60,0.014372235230001161,6,354.82599531719956
2023-07-01,Electronics,Wireless Headphones,65,0.09822543643458231,11,644.7688129492736
2023-07-01,Electronics,Smart Watch,85,0.06700635010756842,3,237.91338072257005
2023-07-01,Electronics,Bluetooth Speaker,48,0.024351789071514765,5,234.15557062283645
2023-07-01,Home,Air Fryer,110,0.07694386948891856,1,101.53617435621896
2023-07-01,Home,Coffee Maker,75,0.02742339555515941,7,510.6027173335413
2023-07-01,Home,LED Lamp,32,0.0386699588494312,6,184.5753679009092
2023-07-01,Fashion,Hoodie,38,0.047589311752192984,6,217.1496369205
2023-07-01,Fashion,Sneakers,72,0.06350519893662263,3,202.2828770296895
2023-07-01,Fashion,Backpack,45,0.06694518543317954,5,209.9373332775346
2023-07-01,Beauty,Face Serum,28,0.04718069866134281,6,160.0736426248944
2023-07-01,Beauty,Hair Dryer,55,0.10826776723625664,4,196.18109120802353
2023-07-01,Beauty,Perfume,60,0.0970545073418255,2,108.35345911898094
2023-07-02,Electronics,Wireless Headphones,65,0.04235557553574803,3,186.74066277052916
2023-07-02,Electronics,Smart Watch,85,0.06825541904903085,7,554.3880256658266
2023-07-02,Electronics,Bluetooth Speaker,48,0.04324394811504062,10,459.2429049047805
2023-07-02,Home,Air Fryer,110,0.07791776376613474,7,710.0033219000762
2023-07-02,Home,Coffee Maker,75,0.06010721155661991,2,140.983918266507
2023-07-02,Home,LED Lamp,32,0.07440181704930349,8,236.9531348353783
2023-07-02,Fashion,Hoodie,38,0.04283727361554522,9,327.3496524234835
2023-07-02,Fashion,Sneakers,72,0.0701251870914069,6,401.7059191765122
2023-07-02,Fashion,Backpack,45,0.061441724448758825,5,211.17561199902926
2023-07-02,Beauty,Face Serum,28,0.0650303962747875,8,209.4331912344476
2023-07-02,Beauty,Hair Dryer,55,0.00914634381230569,6,326.9817065419391
2023-07-02,Beauty,Perfume,60,0.032267795229550145,3,174.191796858681
2023-07-03,Electronics,Wireless Headphones,65,0.06577002333561204,4,242.8997939327409
2023-07-03,Electronics,Smart Watch,85,0.07736460789543465,5,392.1200416444403
2023-07-03,Electronics,Bluetooth Speaker,48,0.06569913535983442,5,224.23220751363974
2023-07-03,Home,Air Fryer,110,0.029364046195280477,4,427.0798196740766
2023-07-03,Home,Coffee Maker,75,0.0680916053685479,2,139.78625919471781
2023-07-03,Home,LED Lamp,32,0.03754800431254212,3,92.39539158599595
2023-07-03,Fashion,Hoodie,38,0.06356031852977047,3,106.75412368760617
2023-07-03,Fashion,Sneakers,72,0.11477655419780924,1,63.73608809775774
2023-07-03,Fashion,Backpack,45,0.028403090626130487,5,218.60930460912064
2023-07-03,Beauty,Face Serum,28,0.046794746587424385,12,320.2769651466254
2023-07-03,Beauty,Hair Dryer,55,0.08628216761175878,2,100.50896156270653
2023-07-03,Beauty,Perfume,60,0.02182567069053001,4,234.7618390342728
2023-07-04,Electronics,Wireless Headphones,65,0.07955600425192483,7,418.8020180653742
2023-07-04,Electronics,Smart Watch,85,0.04399686865546255,4,325.0410646571427
2023-07-04,Electronics,Bluetooth Speaker,48,0.06060737311405902,6,270.54507654315097
2023-07-04,Home,Air Fryer,110,0.0,3,330.0
2023-07-04,Home,Coffee Maker,75,0.08193730657868709,6,413.12821203959084
2023-07-04,Home,LED Lamp,32,0.014542247630160841,4,126.13859230333941
2023-07-04,Fashion,Hoodie,38,0.024065349983694913,2,74.17103340123919
2023-07-04,Fashion,Sneakers,72,0.02474641114537689,4,280.87303359013146
2023-07-04,Fashion,Backpack,45,0.04545872178441073,5,214.7717875985076
2023-07-04,Beauty,Face Serum,28,0.04983569380071598,2,53.20920114715991
2023-07-04,Beauty,Hair Dryer,55,0.03948824479893274,3,158.4844396081761
2023-07-04,Beauty,Perfume,60,0.05592481258498316,3,169.93353373470302
2023-07-05,Electronics,Wireless Headphones,65,0.06907675950384398,11,665.6101169547516
2023-07-05,Electronics,Smart Watch,85,0.06355232360863879,5,397.9902624663285
2023-07-05,Electronics,Bluetooth Speaker,48,0.04443626957882926,2,91.73411812043238
2023-07-05,Home,Air Fryer,110,0.029836411124563866,3,320.1539843288939
2023-07-05,Home,Coffee Maker,75,0.05918564614669537,4,282.24430615599135
2023-07-05,Home,LED Lamp,32,0.06201179401314422,3,90.04686777473816
2023-07-05,Fashion,Hoodie,38,0.07974275006624013,9,314.7279794773459
2023-07-05,Fashion,Sneakers,72,0.03539817152284345,5,347.25665825177634
2023-07-05,Fashion,Backpack,45,0.0755321940984365,6,249.60630759342214
2023-07-05,Beauty,Face Serum,28,0.053325573013191595,4,106.02753582252254
2023-07-05,Beauty,Hair Dryer,55,0.0862452957592739,2,100.51301746647988
2023-07-05,Beauty,Perfume,60,0.06157644901056358,2,112.61082611873238
2023-07-06,Electronics,Wireless Headphones,65,0.02553181593133741,8,506.7234557157046
2023-07-06,Electronics,Smart Watch,85,0.03696595695795977,3,245.57368097572026
2023-07-06,Electronics,Bluetooth Speaker,48,0.04761169727490901,6,274.2878311848262
2023-07-06,Home,Air Fryer,110,0.057767830043572777,3,310.936616085621
2023-07-06,Home,Coffee Maker,75,0.04087648840667557,1,71.93426336949933
2023-07-06,Home,LED Lamp,32,0.03517369269392354,3,92.62332550138333
2023-07-06,Fashion,Hoodie,38,0.06931536657691464,8,282.92812856061795
2023-07-06,Fashion,Sneakers,72,0.05705617804417876,8,543.1356414465531
2023-07-06,Fashion,Backpack,45,0.05053266394526434,7,299.0822108572417
2023-07-06,Beauty,Face Serum,28,0.08078132198390033,8,205.90498387560632
2023-07-06,Beauty,Hair Dryer,55,0.06272446586380766,3,154.65046313247174
2023-07-06,Beauty,Perfume,60,0.02186586520577304,5,293.44024043826806
2023-07-07,Electronics,Wireless Headphones,65,0.03436059086538015,5,313.83280796875147
2023-07-07,Electronics,Smart Watch,85,0.07057438065861373,6,474.007065864107
2023-07-07,Electronics,Bluetooth Speaker,48,0.0621901430912221,2,90.02974626324269
2023-07-07,Home,Air Fryer,110,0.04278513345784875,1,105.29363531963664
2023-07-07,Home,Coffee Maker,75,0.016515835592686344,3,221.2839369916456
2023-07-07,Home,LED Lamp,32,0.04418341267363342,6,183.51678476666237
2023-07-07,Fashion,Hoodie,38,0.08484277872043297,6,208.65584645174127
2023-07-07,Fashion,Sneakers,72,0.07710390058527161,3,199.34555747358132
2023-07-07,Fashion,Backpack,45,0.027570588964856275,6,262.5559409794888
2023-07-07,Beauty,Face Serum,28,0.061361374712476685,7,183.97317055635457
2023-07-07,Beauty,Hair Dryer,55,0.005283615398147062,2,109.41880230620383
2023-07-07,Beauty,Perfume,60,0.047194947860832,9,514.5147281551507
2023-07-08,Electronics,Wireless Headphones,65,0.018456522736307733,4,255.20130408856
2023-07-08,Electronics,Smart Watch,85,0.01423156855998644,4,335.16126668960464
2023-07-08,Electronics,Bluetooth Speaker,48,0.06645868214630546,7,313.66988279884134
2023-07-08,Home,Air Fryer,110,0.04853494090974789,6,627.9669389995664
2023-07-08,Home,Coffee Maker,75,0.00852910058345345,6,446.1619047374459
2023-07-08,Home,LED Lamp,32,0.02539940493240454,6,187.12331425297833
2023-07-08,Fashion,Hoodie,38,0.09045127102632096,8,276.5028136079984
2023-07-08,Fashion,Sneakers,72,0.11720280582157305,2,127.12279596169348
2023-07-08,Fashion,Backpack,45,0.032171387473855804,5,217.76143781838243
2023-07-08,Beauty,Face Serum,28,0.03461722565920646,9,243.27645913387997
2023-07-08,Beauty,Hair Dryer,55,0.04649923385115577,5,262.21271069093217
2023-07-08,Beauty,Perfume,60,0.04809796758875003,7,399.798853612725
2023-07-09,Electronics,Wireless Headphones,65,0.07876461942482565,2,119.76059947477266
2023-07-09,Electronics,Smart Watch,85,0.061756699180789576,5,398.7534028481644
2023-07-09,Electronics,Bluetooth Speaker,48,0.0636258572133675,3,134.8378765612751
2023-07-09,Home,Air Fryer,110,0.029398270760002843,4,427.0647608655987
2023-07-09,Home,Coffee Maker,75,0.11630729219967358,3,198.83085925507345
2023-07-09,Home,LED Lamp,32,0.0,4,128.0
2023-07-09,Fashion,Hoodie,38,0.05446654956741971,13,467.09352451369466
2023-07-09,Fashion,Sneakers,72,0.06727593506945816,6,402.9367960499941
2023-07-09,Fashion,Backpack,45,0.061531563671806996,6,253.3864778086121
2023-07-09,Beauty,Face Serum,28,0.025845435844046298,4,109.10531118546682
2023-07-09,Beauty,Hair Dryer,55,0.025987348136361884,3,160.7120875575003
2023-07-09,Beauty,Perfume,60,0.03298327806875393,0,0.0
2023-07-10,Electronics,Wireless Headphones,65,0.03042755701033424,7,441.1554615602979
2023-07-10,Electronics,Smart Watch,85,0.07739880684243958,7,548.9477099287484
2023-07-10,Electronics,Bluetooth Speaker,48,0.029198775589817812,3,139.79537631506625
2023-07-10,Home,Air Fryer,110,0.033845465977243194,3,318.8309962275098
2023-07-10,Home,Coffee Maker,75,0.03315240778576761,0,0.0
2023-07-10,Home,LED Lamp,32,0.02379945296815933,2,62.4768350100378
2023-07-10,Fashion,Hoodie,38,0.02349587820517487,5,185.5357831410168
2023-07-10,Fashion,Sneakers,72,0.044780044839426984,6,412.6550206293675
2023-07-10,Fashion,Backpack,45,0.035178431768008174,7,303.91879399307743
2023-07-10,Beauty,Face Serum,28,0.0707425153932539,1,26.01920956898889
2023-07-10,Beauty,Hair Dryer,55,0.03637270389085549,2,105.9990025720059
2023-07-10,Beauty,Perfume,60,0.0,3,180.0
2023-07-11,Electronics,Wireless Headphones,65,0.056697978108753745,7,429.20241996051703
2023-07-11,Electronics,Smart Watch,85,0.04034075100651545,3,244.71310849333855
2023-07-11,Electronics,Bluetooth Speaker,48,0.030954715436008695,2,93.02834731814316
2023-07-11,Home,Air Fryer,110,0.020140155186435728,5,538.9229146474603
2023-07-11,Home,Coffee Maker,75,0.05221801034294156,3,213.25094767283815
2023-07-11,Home,LED Lamp,32,0.061361465573586356,2,60.072866203290474
2023-07-11,Fashion,Hoodie,38,0.09800737263080471,9,308.4814785602648
2023-07-11,Fashion,Sneakers,72,0.032973241380826065,1,69.62592662058053
2023-07-11,Fashion,Backpack,45,0.0551514878796525,4,170.07273218166256
2023-07-11,Beauty,Face Serum,28,0.05495097900601832,4,105.84549035132595
2023-07-11,Beauty,Hair Dryer,55,0.09677256988618053,2,99.35501731252015
2023-07-11,Beauty,Perfume,60,0.07951319787822267,6,331.37524876383986
2023-07-12,Electronics,Wireless Headphones,65,0.06056293840744813,5,305.31704501757935
2023-07-12,Electronics,Smart Watch,85,0.05807380997617093,2,160.12745230405093
2023-07-12,Electronics,Bluetooth Speaker,48,0.04098875867099264,2,92.06507916758471
2023-07-12,Home,Air Fryer,110,0.037482699403765245,4,423.5076122623433
2023-07-12,Home,Coffee Maker,75,0.09486784228536471,1,67.88491182859765
2023-07-12,Home,LED Lamp,32,0.059612108333252936,7,210.64688773335135
2023-07-12,Fashion,Hoodie,38,0.06903041375453822,4,141.5073771093102
2023-07-12,Fashion,Sneakers,72,0.08377046667604776,11,725.6537903925703
2023-07-12,Fashion,Backpack,45,0.06785698094233657,4,167.7857434303794
2023-07-12,Beauty,Face Serum,28,0.06078188268295028,8,210.38485827901914
2023-07-12,Beauty,Hair Dryer,55,0.07045477262681979,4,204.49995002209965
2023-07-12,Beauty,Perfume,60,0.01931127455919542,3,176.52397057934482
2023-07-13,Electronics,Wireless Headphones,65,0.056111489981699146,5,306.76376575594776
2023-07-13,Electronics,Smart Watch,85,0.0,7,595.0
2023-07-13,Electronics,Bluetooth Speaker,48,0.053910866708837435,9,408.71050558178223
2023-07-13,Home,Air Fryer,110,0.08804144992617378,2,200.63088101624177
2023-07-13,Home,Coffee Maker,75,0.008031889633034243,0,0.0
2023-07-13,Home,LED Lamp,32,0.023402627505678116,3,93.7533477594549
2023-07-13,Fashion,Hoodie,38,0.03829013341429398,4,146.1798997210273
2023-07-13,Fashion,Sneakers,72,0.06970696702053217,11,736.7920821197386
2023-07-13,Fashion,Backpack,45,0.02694540213224786,7,306.5121983283419
2023-07-13,Beauty,Face Serum,28,0.05006692818774728,2,53.19625202148615
2023-07-13,Beauty,Hair Dryer,55,0.0,3,165.0
2023-07-13,Beauty,Perfume,60,0.043644644568554575,5,286.9066066294336
2023-07-14,Electronics,Wireless Headphones,65,0.0593288118363103,4,244.57450892255932
2023-07-14,Electronics,Smart Watch,85,0.0,7,595.0
2023-07-14,Electronics,Bluetooth Speaker,48,0.06020634571367478,1,45.11009540574361
2023-07-14,Home,Air Fryer,110,0.08872948111769939,4,400.9590283082123
2023-07-14,Home,Coffee Maker,75,0.03880108661874107,2,144.17983700718884
2023-07-14,Home,LED Lamp,32,0.052900709932171774,3,90.92153184651151
2023-07-14,Fashion,Hoodie,38,0.028470622133520557,6,221.5086981535573
2023-07-14,Fashion,Sneakers,72,0.036927191624284754,4,277.36496881220603
2023-07-14,Fashion,Backpack,45,0.04010629384852838,3,129.58565033044866
2023-07-14,Beauty,Face Serum,28,0.03469384482570452,3,81.08571703464082
2023-07-14,Beauty,Hair Dryer,55,0.07452549817149301,3,152.70329280170364
2023-07-14,Beauty,Perfume,60,0.08978168014160326,3,163.83929757451142
2023-07-15,Electronics,Wireless Headphones,65,0.0,5,325.0
2023-07-15,Electronics,Smart Watch,85,0.013717193979472547,3,251.50211553523448
2023-07-15,Electronics,Bluetooth Speaker,48,0.05468410602628164,5,226.8758145536924
2023-07-15,Home,Air Fryer,110,0.0339396146527069,1,106.26664238820224
2023-07-15,Home,Coffee Maker,75,0.03588602908920011,6,433.85128690985994
2023-07-15,Home,LED Lamp,32,0.0317888646964658,3,92.94826898913928
2023-07-15,Fashion,Hoodie,38,0.11197836436813338,6,202.4689329240656
2023-07-15,Fashion,Sneakers,72,0.03970789977885878,4,276.5641248636887
2023-07-15,Fashion,Backpack,45,0.03434406416466396,8,347.636136900721
2023-07-15,Beauty,Face Serum,28,0.04963525223929714,2,53.220425874599364
2023-07-15,Beauty,Hair Dryer,55,0.043967357932918213,4,210.327181254758
2023-07-15,Beauty,Perfume,60,0.04859097246952699,6,342.50724991097024
2023-07-16,Electronics,Wireless Headphones,65,0.0022715670929329412,5,324.2617406947968
2023-07-16,Electronics,Smart Watch,85,0.026677740089556413,7,579.126744646714
2023-07-16,Electronics,Bluetooth Speaker,48,0.07119804385207107,4,178.32997558040236
2023-07-16,Home,Air Fryer,110,0.026527281490417588,3,321.2459971081622
2023-07-16,Home,Coffee Maker,75,0.044195969133111475,3,215.0559069450499
2023-07-16,Home,LED Lamp,32,0.023777552342553833,2,62.47823665007655
2023-07-16,Fashion,Hoodie,38,0.03830773933567556,6,219.26583543146597
2023-07-16,Fashion,Sneakers,72,0.05828476671295203,7,474.6244775766722
2023-07-16,Fashion,Backpack,45,0.04410112875399323,5,215.07724603035155
2023-07-16,Beauty,Face Serum,28,0.006611562166030184,3,83.44462877805346
2023-07-16,Beauty,Hair Dryer,55,0.037644567577451715,2,105.85909756648032
2023-07-16,Beauty,Perfume,60,0.04512178889734576,4,229.17077066463702
2023-07-17,Electronics,Wireless Headphones,65,0.023005152361778514,8,508.0373207718752
2023-07-17,Electronics,Smart Watch,85,0.03506781510262336,3,246.05770714883104
2023-07-17,Electronics,Bluetooth Speaker,48,0.0702221244009392,3,133.88801408626475
2023-07-17,Home,Air Fryer,110,0.03560272457425169,3,318.2511008904969
2023-07-17,Home,Coffee Maker,75,0.0933231939558806,1,68.00076045330896
2023-07-17,Home,LED Lamp,32,0.03986042397672125,5,153.6223321637246
2023-07-17,Fashion,Hoodie,38,0.030443326949408257,6,221.05892145553491
2023-07-17,Fashion,Sneakers,72,0.07812045065764603,4,265.5013102105979
2023-07-17,Fashion,Backpack,45,0.06048186658500648,10,422.7831600367471
2023-07-17,Beauty,Face Serum,28,0.0740339540578332,4,103.70819714552269
2023-07-17,Beauty,Hair Dryer,55,0.060320657678911,1,51.68236382765989
2023-07-17,Beauty,Perfume,60,0.024276959387948934,4,234.17352974689226
2023-07-18,Electronics,Wireless Headphones,65,0.07531799547896756,4,240.41732117546843
2023-07-18,Electronics,Smart Watch,85,0.044600972461641034,5,406.04458670380257
2023-07-18,Electronics,Bluetooth Speaker,48,0.05511429124250819,4,181.4180560814384
2023-07-18,Home,Air Fryer,110,0.03457312865054901,2,212.3939116968792
2023-07-18,Home,Coffee Maker,75,0.07146086139491206,5,348.202176976908
2023-07-18,Home,LED Lamp,32,0.05996526408671029,2,60.16222309845054
2023-07-18,Fashion,Hoodie,38,0.05397778891382436,2,71.89768804254935
2023-07-18,Fashion,Sneakers,72,0.05487624950487696,3,204.1467301069466
2023-07-18,Fashion,Backpack,45,0.027311582574502155,7,306.3968514890318
2023-07-18,Beauty,Face Serum,28,0.04587200874568963,6,160.29350253072414
2023-07-18,Beauty,Hair Dryer,55,0.04949996281633218,4,209.1100081804069
2023-07-18,Beauty,Perfume,60,0.07182941070041508,4,222.7609414319004
2023-07-19,Electronics,Wireless Headphones,65,0.05224402188049302,5,308.0206928888398
2023-07-19,Electronics,Smart Watch,85,0.03245159193419268,1,82.24161468559362
2023-07-19,Electronics,Bluetooth Speaker,48,0.06386260210360267,6,269.60757059416244
2023-07-19,Home,Air Fryer,110,0.08984205823685351,1,100.11737359394611
2023-07-19,Home,Coffee Maker,75,0.07145068110372749,2,139.28239783444087
2023-07-19,Home,LED Lamp,32,0.06808822116822015,5,149.10588461308478
2023-07-19,Fashion,Hoodie,38,0.08494925603960099,7,243.40349789346612
2023-07-19,Fashion,Sneakers,72,0.07754398153323193,7,464.9178333072511
2023-07-19,Fashion,Backpack,45,0.04605462950705761,4,171.71016668872963
2023-07-19,Beauty,Face Serum,28,0.08266396102468361,4,102.74163636523544
2023-07-19,Beauty,Hair Dryer,55,0.03411799375337153,2,106.24702068712914
2023-07-19,Beauty,Perfume,60,0.07240821371857366,6,333.93304306131347
2023-07-20,Electronics,Wireless Headphones,65,0.0770445916791031,3,179.97630462257487
2023-07-20,Electronics,Smart Watch,85,0.024965806041435515,4,331.51162594591193
2023-07-20,Electronics,Bluetooth Speaker,48,0.07086048105687873,6,267.5921814556189
2023-07-20,Home,Air Fryer,110,0.07979749610447112,5,506.11137714254085
2023-07-20,Home,Coffee Maker,75,0.03412483677032146,2,144.88127448445178
2023-07-20,Home,LED Lamp,32,0.05037017545575657,5,151.94077192707894
2023-07-20,Fashion,Hoodie,38,0.023559490134360785,6,222.62843624936573
2023-07-20,Fashion,Sneakers,72,0.002233032568657506,2,143.67844331011332
2023-07-20,Fashion,Backpack,45,0.06066070385314991,3,126.81080497982477
2023-07-20,Beauty,Face Serum,28,0.03545195970119112,3,81.02203538509995
2023-07-20,Beauty,Hair Dryer,55,0.03645909636280528,2,105.98949940009142
2023-07-20,Beauty,Perfume,60,0.029523091803422098,4,232.91445796717872
2023-07-21,Electronics,Wireless Headphones,65,0.05426501693043339,3,184.41832169856548
2023-07-21,Electronics,Smart Watch,85,0.04119412202513353,2,162.9969992557273
2023-07-21,Electronics,Bluetooth Speaker,48,0.04990700837280266,2,91.20892719621094
2023-07-21,Home,Air Fryer,110,0.04384014011977596,3,315.5327537604739
2023-07-21,Home,Coffee Maker,75,0.07230628692436444,3,208.73108544201799
2023-07-21,Home,LED Lamp,32,0.05287140095715539,6,181.84869101622616
2023-07-21,Fashion,Hoodie,38,0.03585819106999854,6,219.82433243604032
2023-07-21,Fashion,Sneakers,72,0.0619830092386322,1,67.53722333481848
2023-07-21,Fashion,Backpack,45,0.02070969714165276,4,176.27225451450252
2023-07-21,Beauty,Face Serum,28,0.07894783073212785,3,77.36838221850127
2023-07-21,Beauty,Hair Dryer,55,0.03773057393108082,7,370.4737290365339
2023-07-21,Beauty,Perfume,60,0.04721957190668328,6,343.00095411359405
2023-07-22,Electronics,Wireless Headphones,65,0.0,4,260.0
2023-07-22,Electronics,Smart Watch,85,0.06374534450928306,3,238.7449371501328
2023-07-22,Electronics,Bluetooth Speaker,48,0.03300559049010586,4,185.66292662589967
2023-07-22,Home,Air Fryer,110,0.032087965246986525,1,106.47032382283147
2023-07-22,Home,Coffee Maker,75,0.015233581288247998,4,295.4299256135256
2023-07-22,Home,LED Lamp,32,0.07879758598160765,6,176.87086349153134
2023-07-22,Fashion,Hoodie,38,0.08056933718705786,2,69.8767303737836
2023-07-22,Fashion,Sneakers,72,0.04122185655437333,5,345.16013164042556
2023-07-22,Fashion,Backpack,45,0.02776138051534899,7,306.2551651376651
2023-07-22,Beauty,Face Serum,28,0.03618465105696904,9,242.88146793364382
2023-07-22,Beauty,Hair Dryer,55,0.04664795999659073,3,157.30308660056252
2023-07-22,Beauty,Perfume,60,0.03330292125531019,2,116.00364944936277
2023-07-23,Electronics,Wireless Headphones,65,0.05378150552739349,5,307.52101070359714
2023-07-23,Electronics,Smart Watch,85,0.06473327028744923,3,238.49301607670046
2023-07-23,Electronics,Bluetooth Speaker,48,0.05844492186592479,5,225.97321875217807
2023-07-23,Home,Air Fryer,110,0.08009217167107487,0,0.0
2023-07-23,Home,Coffee Maker,75,0.06725827512511538,3,209.86688809684904
2023-07-23,Home,LED Lamp,32,0.09892820289095215,3,86.50289252246858
2023-07-23,Fashion,Hoodie,38,0.08437162014270619,4,139.17551373830867
2023-07-23,Fashion,Sneakers,72,0.06551789326799347,3,201.8481350541134
2023-07-23,Fashion,Backpack,45,0.02522018815021251,7,307.05564073268306
2023-07-23,Beauty,Face Serum,28,0.06348131450645206,0,0.0
2023-07-23,Beauty,Hair Dryer,55,0.03555642144517282,7,371.31077774360847
2023-07-23,Beauty,Perfume,60,0.05864479803145497,5,282.4065605905635
2023-07-24,Electronics,Wireless Headphones,65,0.06795439056736849,2,121.1659292262421
2023-07-24,Electronics,Smart Watch,85,0.014776789378301347,5,418.71986451422197
2023-07-24,Electronics,Bluetooth Speaker,48,0.05620846334414424,6,271.81196255688644
2023-07-24,Home,Air Fryer,110,0.03544148178999517,5,530.5071850155026
2023-07-24,Home,Coffee Maker,75,0.03440811126518505,1,72.41939165511113
2023-07-24,Home,LED Lamp,32,0.045707524216532076,5,152.68679612535487
2023-07-24,Fashion,Hoodie,38,0.025867751179516337,10,370.1702545517838
2023-07-24,Fashion,Sneakers,72,0.04562898740104142,3,206.14413872137507
2023-07-24,Fashion,Backpack,45,0.06313193016244727,9,379.4315682842089
2023-07-24,Beauty,Face Serum,28,0.04190078219046927,1,26.82677809866686
2023-07-24,Beauty,Hair Dryer,55,0.07177651460286827,4,204.20916678736899
2023-07-24,Beauty,Perfume,60,0.043471493631022234,3,172.175131146416
2023-07-25,Electronics,Wireless Headphones,65,0.009186871592089599,4,257.6114133860567
2023-07-25,Electronics,Smart Watch,85,0.03448823029214347,5,410.342502125839
2023-07-25,Electronics,Bluetooth Speaker,48,0.045420324567603976,5,229.09912210377507
2023-07-25,Home,Air Fryer,110,0.04413755640719481,3,315.43460638562567
2023-07-25,Home,Coffee Maker,75,0.0265206741975972,1,73.01094943518021
2023-07-25,Home,LED Lamp,32,0.027136210180974285,6,186.78984764525296
2023-07-25,Fashion,Hoodie,38,0.03759270255290549,5,182.85738651494796
2023-07-25,Fashion,Sneakers,72,0.017661032504632627,5,353.64202829833226
2023-07-25,Fashion,Backpack,45,0.05580695078135931,2,84.97737442967767
2023-07-25,Beauty,Face Serum,28,0.02198808754137384,4,109.53733419536613
2023-07-25,Beauty,Hair Dryer,55,0.049422733282711497,5,261.40874834725435
2023-07-25,Beauty,Perfume,60,0.04195596600275003,6,344.89585223901
2023-07-26,Electronics,Wireless Headphones,65,0.02110184889443152,8,509.0270385748956
2023-07-26,Electronics,Smart Watch,85,0.06101034219349491,2,159.62824182710588
2023-07-26,Electronics,Bluetooth Speaker,48,0.0697785159623559,2,89.30126246761384
2023-07-26,Home,Air Fryer,110,0.028965330425605573,2,213.62762730636678
2023-07-26,Home,Coffee Maker,75,0.08253624343048763,3,206.42934522814028
2023-07-26,Home,LED Lamp,32,0.04640045125444601,6,183.09111335914636
2023-07-26,Fashion,Hoodie,38,0.0559691534713389,8,286.98537734471296
2023-07-26,Fashion,Sneakers,72,0.06793896031569165,1,67.1083948572702
2023-07-26,Fashion,Backpack,45,0.07186440074200975,14,584.7254275325339
2023-07-26,Beauty,Face Serum,28,0.0227242415456628,4,109.45488494688577
2023-07-26,Beauty,Hair Dryer,55,0.07381251348980167,3,152.82093527418272
2023-07-26,Beauty,Perfume,60,0.056813897866493,8,452.7293290240833
2023-07-27,Electronics,Wireless Headphones,65,0.0247910157164365,8,507.108671827453
2023-07-27,Electronics,Smart Watch,85,0.05945929595249394,4,319.78383937615206
2023-07-27,Electronics,Bluetooth Speaker,48,0.08132146422894784,5,220.48284858505252
2023-07-27,Home,Air Fryer,110,0.027213162463592427,1,107.00655212900483
2023-07-27,Home,Coffee Maker,75,0.054441915194055016,6,425.5011381626752
2023-07-27,Home,LED Lamp,32,0.06516645937102147,3,89.74401990038194
2023-07-27,Fashion,Hoodie,38,0.03311697754338376,6,220.4493291201085
2023-07-27,Fashion,Sneakers,72,0.07043569568089168,4,267.7145196439032
2023-07-27,Fashion,Backpack,45,0.02027761366053696,7,308.6125516969309
2023-07-27,Beauty,Face Serum,28,0.043577220561735595,5,133.899189121357
2023-07-27,Beauty,Hair Dryer,55,0.03673315191472234,5,264.89838322345133
2023-07-27,Beauty,Perfume,60,0.08029322730280022,4,220.72962544732795
2023-07-28,Electronics,Wireless Headphones,65,0.013238611890460543,5,320.6974511356003
2023-07-28,Electronics,Smart Watch,85,0.027991715679165946,2,165.2414083345418
2023-07-28,Electronics,Bluetooth Speaker,48,0.08115911773690498,2,88.20872469725713
2023-07-28,Home,Air Fryer,110,0.0461874493446233,4,419.67752228836576
2023-07-28,Home,Coffee Maker,75,0.0,3,225.0
2023-07-28,Home,LED Lamp,32,0.02846157468411117,1,31.089229610108443
2023-07-28,Fashion,Hoodie,38,0.07565985735254964,6,210.7495525236187
2023-07-28,Fashion,Sneakers,72,0.06126285532826771,9,608.3016697472825
2023-07-28,Fashion,Backpack,45,0.034912402112639476,5,217.14470952465612
2023-07-28,Beauty,Face Serum,28,0.027631828609296798,6,163.35785279363813
2023-07-28,Beauty,Hair Dryer,55,0.014221355127037844,3,162.65347640403877
2023-07-28,Beauty,Perfume,60,0.004654941322928277,4,238.8828140824972
2023-07-29,Electronics,Wireless Headphones,65,0.08173741233015225,2,119.37413639708022
2023-07-29,Electronics,Smart Watch,85,0.055434408098472894,6,481.72845186977884
2023-07-29,Electronics,Bluetooth Speaker,48,0.019506181173986066,7,329.4459231255407
2023-07-29,Home,Air Fryer,110,0.01782649233043098,3,324.1172575309578
2023-07-29,Home,Coffee Maker,75,0.019346669223914977,4,294.1959992328255
2023-07-29,Home,LED Lamp,32,0.06956814167197925,1,29.773819466496665
2023-07-29,Fashion,Hoodie,38,0.08473050919140604,5,173.90120325363287
2023-07-29,Fashion,Sneakers,72,0.09146528922195814,2,130.828998352038
2023-07-29,Fashion,Backpack,45,0.07554322682914914,6,249.60332875612974
2023-07-29,Beauty,Face Serum,28,0.06450560338247069,7,183.35690173703574
2023-07-29,Beauty,Hair Dryer,55,0.02377260019157412,2,107.38501397892685
2023-07-29,Beauty,Perfume,60,0.025982321263110616,4,233.76424289685346
2023-07-30,Electronics,Wireless Headphones,65,0.05388498241628476,5,307.48738071470746
2023-07-30,Electronics,Smart Watch,85,0.037609567198625536,4,327.21274715246733
2023-07-30,Electronics,Bluetooth Speaker,48,0.06727894520277752,4,179.0824425210667
2023-07-30,Home,Air Fryer,110,0.0,10,1100.0
2023-07-30,Home,Coffee Maker,75,0.11361916931880245,6,398.8713738065389
2023-07-30,Home,LED Lamp,32,0.0825541068261469,4,117.43307432625319
2023-07-30,Fashion,Hoodie,38,0.0,8,304.0
2023-07-30,Fashion,Sneakers,72,0.09247848607324895,3,196.02464700817822
2023-07-30,Fashion,Backpack,45,0.0652494861593263,5,210.3188656141516
2023-07-30,Beauty,Face Serum,28,0.02347182579680489,8,218.74231102151572
2023-07-30,Beauty,Hair Dryer,55,0.044715925228422215,3,157.62187233731035
2023-07-30,Beauty,Perfume,60,0.05903278186469639,5,282.29016544059107
2023-07-31,Electronics,Wireless Headphones,65,0.02328072254786199,4,253.9470121375559
2023-07-31,Electronics,Smart Watch,85,0.029478274717563174,4,329.9773865960285
2023-07-31,Electronics,Bluetooth Speaker,48,0.016937786946226704,6,283.1219173594867
2023-07-31,Home,Air Fryer,110,0.04820439741466402,1,104.69751628438696
2023-07-31,Home,Coffee Maker,75,0.010672098498471075,5,370.99796306307337
2023-07-31,Home,LED Lamp,32,0.04491014968639434,4,122.25150084014152
2023-07-31,Fashion,Hoodie,38,0.10881499207861428,8,270.9202424081012
2023-07-31,Fashion,Sneakers,72,0.10052104282598902,5,323.8124245826439
2023-07-31,Fashion,Backpack,45,0.07221171389770192,2,83.50094574920683
2023-07-31,Beauty,Face Serum,28,0.03661652712829272,6,161.8484234424468
2023-07-31,Beauty,Hair Dryer,55,0.043323034031680065,3,157.8516993847728
2023-07-31,Beauty,Perfume,60,0.04393723533653898,2,114.72753175961532
2023-08-01,Electronics,Wireless Headphones,65,0.009979167768914693,4,257.40541638008216
2023-08-01,Electronics,Smart Watch,85,0.06111430598100912,6,478.8317039496854
2023-08-01,Electronics,Bluetooth Speaker,48,0.050790348871443645,5,227.81031627085352
2023-08-01,Home,Air Fryer,110,0.032837846462835385,6,638.3270213345287
2023-08-01,Home,Coffee Maker,75,0.03768391613043258,4,288.69482516087027
2023-08-01,Home,LED Lamp,32,0.08388698499033878,6,175.89369888185496
2023-08-01,Fashion,Hoodie,38,0.09003042259253032,6,207.47306364890306
2023-08-01,Fashion,Sneakers,72,0.07041834788496151,3,200.78963685684832
2023-08-01,Fashion,Backpack,45,0.05987340532073622,3,126.91709028170061
2023-08-01,Beauty,Face Serum,28,0.004884747499070516,3,83.58968121007807
2023-08-01,Beauty,Hair Dryer,55,0.08112512384495904,5,252.69059094263625
2023-08-01,Beauty,Perfume,60,0.0387977643797824,2,115.34426827442611
2023-08-02,Electronics,Wireless Headphones,65,0.02984946134395681,1,63.059785012642806
2023-08-02,Electronics,Smart Watch,85,0.04333455446324082,4,325.2662514824981
2023-08-02,Electronics,Bluetooth Speaker,48,0.0,3,144.0
2023-08-02,Home,Air Fryer,110,0.026889855078455458,5,535.2105797068496
2023-08-02,Home,Coffee Maker,75,0.010274719444766552,2,148.458792083285
2023-08-02,Home,LED Lamp,32,0.060430611360488246,2,60.132440872928754
2023-08-02,Fashion,Hoodie,38,0.04858054307153141,1,36.15393936328181
2023-08-02,Fashion,Sneakers,72,0.019991962163017674,2,141.12115744852545
2023-08-02,Fashion,Backpack,45,0.05550407435572354,4,170.00926661596975
2023-08-02,Beauty,Face Serum,28,0.0666983916795133,5,130.66222516486815
2023-08-02,Beauty,Hair Dryer,55,0.043133502879808945,1,52.62765734161051
2023-08-02,Beauty,Perfume,60,0.06519971945429025,1,56.08801683274258
2023-08-03,Electronics,Wireless Headphones,65,0.05316439505687925,5,307.72157160651426
2023-08-03,Electronics,Smart Watch,85,0.0,3,255.0
2023-08-03,Electronics,Bluetooth Speaker,48,0.08202323838197645,4,176.25153823066051
2023-08-03,Home,Air Fryer,110,0.05008261085209434,1,104.49091280626962
2023-08-03,Home,Coffee Maker,75,0.04059425971578791,2,143.9108610426318
2023-08-03,Home,LED Lamp,32,0.03921892096017868,3,92.23498358782285
2023-08-03,Fashion,Hoodie,38,0.0869889911409566,10,346.9441833664365
2023-08-03,Fashion,Sneakers,72,0.0452335459707701,3,206.22955407031367
2023-08-03,Fashion,Backpack,45,0.05194387157539903,1,42.66252577910704
2023-08-03,Beauty,Face Serum,28,0.07771841690671558,5,129.11942163305983
2023-08-03,Beauty,Hair Dryer,55,0.02044622980114005,4,215.5018294437492
2023-08-03,Beauty,Perfume,60,0.08802433544953965,6,328.3112392381657
2023-08-04,Electronics,Wireless Headphones,65,0.07870381627323038,5,299.4212597112001
2023-08-04,Electronics,Smart Watch,85,0.00739327819916754,3,253.11471405921228
2023-08-04,Electronics,Bluetooth Speaker,48,0.0,5,240.0
2023-08-04,Home,Air Fryer,110,0.0244665612011465,6,643.8520696072433
2023-08-04,Home,Coffee Maker,75,0.04827066676383525,5,356.8984999635618
2023-08-04,Home,LED Lamp,32,0.0,4,128.0
2023-08-04,Fashion,Hoodie,38,0.07474240119762354,5,175.79894377245154
2023-08-04,Fashion,Sneakers,72,0.023858563617558167,3,210.84655025860744
2023-08-04,Fashion,Backpack,45,0.05663598201927145,5,212.25690404566393
2023-08-04,Beauty,Face Serum,28,0.040630806767810425,1,26.862337410501308
2023-08-04,Beauty,Hair Dryer,55,0.05649897510375915,3,155.67766910787975
2023-08-04,Beauty,Perfume,60,0.02889802631558409,3,174.79835526319485
2023-08-05,Electronics,Wireless Headphones,65,0.05517550320699545,6,368.48155374927177
2023-08-05,Electronics,Smart Watch,85,0.013284938711948462,9,754.8370218853594
2023-08-05,Electronics,Bluetooth Speaker,48,0.043235671871278324,4,183.69875100071457
2023-08-05,Home,Air Fryer,110,0.04081467777244572,4,422.04154178012385
2023-08-05,Home,Coffee Maker,75,0.035558479640832925,5,361.66557013468764
2023-08-05,Home,LED Lamp,32,0.08813494172186476,4,116.71872745960131
2023-08-05,Fashion,Hoodie,38,0.08364030716035645,8,278.57334662325167
2023-08-05,Fashion,Sneakers,72,0.0382942222067221,1,69.24281600111601
2023-08-05,Fashion,Backpack,45,0.06631386756033837,3,126.04762787935431
2023-08-05,Beauty,Face Serum,28,0.0050063917058650875,6,167.15892619341466
2023-08-05,Beauty,Hair Dryer,55,0.012432976201080033,4,217.26474523576238
2023-08-05,Beauty,Perfume,60,0.043998398365039874,4,229.44038439239046
2023-08-06,Electronics,Wireless Headphones,65,0.03881268250607213,11,687.2489320081584
2023-08-06,Electronics,Smart Watch,85,0.029457246845901005,0,0.0
2023-08-06,Electronics,Bluetooth Speaker,48,0.029313503610914476,2,93.18590365335221
2023-08-06,Home,Air Fryer,110,0.07745318668508588,2,202.96029892928112
2023-08-06,Home,Coffee Maker,75,0.0785552887385412,4,276.43341337843765
2023-08-06,Home,LED Lamp,32,0.04900350667224319,5,152.1594389324411
2023-08-06,Fashion,Hoodie,38,0.0499633276615298,5,180.50696774430935
2023-08-06,Fashion,Sneakers,72,0.02402386988927371,4,281.08112547188915
2023-08-06,Fashion,Backpack,45,0.04542044600982238,5,214.78039964778995
2023-08-06,Beauty,Face Serum,28,0.07104195340256829,5,130.05412652364043
2023-08-06,Beauty,Hair Dryer,55,0.061685526683835805,2,103.21459206477806
2023-08-06,Beauty,Perfume,60,0.115839889513484,3,159.14881988757287
2023-08-07,Electronics,Wireless Headphones,65,0.03676202408580487,5,313.0523421721134
2023-08-07,Electronics,Smart Watch,85,0.02590957338122296,2,165.59537252519212
2023-08-07,Electronics,Bluetooth Speaker,48,0.05269536815632185,6,272.82373397097933
2023-08-07,Home,Air Fryer,110,0.07716769055163734,3,304.53466211795967
2023-08-07,Home,Coffee Maker,75,0.06444932795771308,4,280.6652016126861
2023-08-07,Home,LED Lamp,32,0.05049711774656726,4,121.53636892843939
2023-08-07,Fashion,Hoodie,38,0.04824111043488448,8,289.33470242779515
2023-08-07,Fashion,Sneakers,72,0.042606861150314174,3,206.79691799153213
2023-08-07,Fashion,Backpack,45,0.011561603737295992,7,311.35809482275175
2023-08-07,Beauty,Face Serum,28,0.09689410069581932,6,151.72179108310237
2023-08-07,Beauty,Hair Dryer,55,0.0964276104765811,5,248.4824071189402
2023-08-07,Beauty,Perfume,60,0.052725099739489856,4,227.34597606252242
2023-08-08,Electronics,Wireless Headphones,65,0.04488701847331423,4,248.32937519693832
2023-08-08,Electronics,Smart Watch,85,0.06424028519061792,5,397.6978787939874
2023-08-08,Electronics,Bluetooth Speaker,48,0.03118992398591198,6,279.01730189205733
2023-08-08,Home,Air Fryer,110,0.026383216745467442,2,214.19569231599718
2023-08-08,Home,Coffee Maker,75,0.0601168338731055,4,281.9649498380683
2023-08-08,Home,LED Lamp,32,0.02262109800217923,0,0.0
2023-08-08,Fashion,Hoodie,38,0.09380310276661026,5,172.17741047434404
2023-08-08,Fashion,Sneakers,72,0.03245450416977824,5,348.3163784988798
2023-08-08,Fashion,Backpack,45,0.043557085965308606,4,172.15972452624445
2023-08-08,Beauty,Face Serum,28,0.05661443111576244,4,105.6591837150346
2023-08-08,Beauty,Hair Dryer,55,0.06155254143796267,2,103.22922044182411
2023-08-08,Beauty,Perfume,60,0.030618558506062588,4,232.651545958545
2023-08-09,Electronics,Wireless Headphones,65,0.0004072839499015199,5,324.867632716282
2023-08-09,Electronics,Smart Watch,85,0.04323705171534058,3,243.97455181258817
2023-08-09,Electronics,Bluetooth Speaker,48,0.05279489796991133,4,181.86337958977703
2023-08-09,Home,Air Fryer,110,0.08178990914321518,3,303.009329982739
2023-08-09,Home,Coffee Maker,75,0.07649176593374653,5,346.3155877748451
2023-08-09,Home,LED Lamp,32,0.056247234856981465,4,120.80035393830637
2023-08-09,Fashion,Hoodie,38,0.06120203367437642,3,107.0229681611211
2023-08-09,Fashion,Sneakers,72,0.02062824658564931,3,211.54429873749976
2023-08-09,Fashion,Backpack,45,0.09419829857453961,6,244.5664593848743
2023-08-09,Beauty,Face Serum,28,0.06135698634636296,3,78.8460131469055
2023-08-09,Beauty,Hair Dryer,55,0.08974324611783496,3,150.19236439055723
2023-08-09,Beauty,Perfume,60,0.051724651757912535,7,398.27564626167674
2023-08-10,Electronics,Wireless Headphones,65,0.03936786987154311,1,62.441088458349704
2023-08-10,Electronics,Smart Watch,85,0.042950959923881406,3,244.04750521941023
2023-08-10,Electronics,Bluetooth Speaker,48,0.05667076508224349,3,135.83940982815693
2023-08-10,Home,Air Fryer,110,0.008000180815310072,3,327.35994033094767
2023-08-10,Home,Coffee Maker,75,0.06075182988775096,4,281.7744510336747
2023-08-10,Home,LED Lamp,32,0.06125393297377115,3,90.11962243451796
2023-08-10,Fashion,Hoodie,38,0.0598846521224095,6,214.34629931609064
2023-08-10,Fashion,Sneakers,72,0.0809089229519326,4,264.6982301898434
2023-08-10,Fashion,Backpack,45,0.017766839219190568,3,132.60147670540928
2023-08-10,Beauty,Face Serum,28,0.022646426959242117,9,246.29310040627098
2023-08-10,Beauty,Hair Dryer,55,0.06766569959593835,2,102.55677304444677
2023-08-10,Beauty,Perfume,60,0.04945060921049402,3,171.09889034211108
2023-08-11,Electronics,Wireless Headphones,65,0.001341711025838653,5,324.56394391660245
2023-08-11,Electronics,Smart Watch,85,0.05521389787262393,2,160.61363736165393
2023-08-11,Electronics,Bluetooth Speaker,48,0.05347048416014285,4,181.73366704125257
2023-08-11,Home,Air Fryer,110,0.03743089574847391,2,211.76520293533574
2023-08-11,Home,Coffee Maker,75,0.05926013558673558,3,211.6664694929845
2023-08-11,Home,LED Lamp,32,0.027780484222685666,3,93.33307351462219
2023-08-11,Fashion,Hoodie,38,0.05157888420107985,9,324.3600216032307
2023-08-11,Fashion,Sneakers,72,0.04444486187072784,3,206.39990983592278
2023-08-11,Fashion,Backpack,45,0.06176009920486407,4,168.8831821431245
2023-08-11,Beauty,Face Serum,28,0.01511358260333627,8,220.61455749685268
2023-08-11,Beauty,Hair Dryer,55,0.02042484494197518,2,107.75326705638273
2023-08-11,Beauty,Perfume,60,0.06492117065298948,4,224.41891904328253
2023-08-12,Electronics,Wireless Headphones,65,0.07470188036298485,6,360.8662666584359
2023-08-12,Electronics,Smart Watch,85,0.026960409408242642,4,330.83346080119753
2023-08-12,Electronics,Bluetooth Speaker,48,0.048093683654497454,4,182.76601273833649
2023-08-12,Home,Air Fryer,110,0.08564218087298285,3,301.73808031191567
2023-08-12,Home,Coffee Maker,75,0.03500014033249239,3,217.1249684251892
2023-08-12,Home,LED Lamp,32,0.06848937770522304,2,59.61667982686573
2023-08-12,Fashion,Hoodie,38,0.022857889282556273,4,148.52560082905146
2023-08-12,Fashion,Sneakers,72,0.04801074676580531,6,411.2593573971721
2023-08-12,Fashion,Backpack,45,0.042454911250607574,4,172.35811597489064
2023-08-12,Beauty,Face Serum,28,0.07442739297229439,10,259.16032996775755
2023-08-12,Beauty,Hair Dryer,55,0.10181357161752004,5,247.00126780518198
2023-08-12,Beauty,Perfume,60,0.006961931475150576,1,59.582284111490964
2023-08-13,Electronics,Wireless Headphones,65,0.05112232081557068,5,308.38524573493953
2023-08-13,Electronics,Smart Watch,85,0.04545873845626917,4,324.5440289248685
2023-08-13,Electronics,Bluetooth Speaker,48,0.056806177040688396,6,271.63982101228174
2023-08-13,Home,Air Fryer,110,0.04636682600363905,0,0.0
2023-08-13,Home,Coffee Maker,75,0.05813119248162975,3,211.92048169163328
2023-08-13,Home,LED Lamp,32,0.11514965720898321,6,169.89126581587522
2023-08-13,Fashion,Hoodie,38,0.06139695044890238,4,142.66766353176683
2023-08-13,Fashion,Sneakers,72,0.0302686776519696,2,139.64131041811638
2023-08-13,Fashion,Backpack,45,0.029283976877449616,9,393.13998936463287
2023-08-13,Beauty,Face Serum,28,0.014738093150976204,5,137.93666695886333
2023-08-13,Beauty,Hair Dryer,55,0.030033071619558413,6,320.0890863655457
2023-08-13,Beauty,Perfume,60,0.07965347587193192,1,55.220791447684086
2023-08-14,Electronics,Wireless Headphones,65,0.05513974474788071,5,307.07958295693874
2023-08-14,Electronics,Smart Watch,85,0.07387112215197214,5,393.60477308541186
2023-08-14,Electronics,Bluetooth Speaker,48,0.07547315527918239,0,0.0
2023-08-14,Home,Air Fryer,110,0.04383452816989467,2,210.3564038026232
2023-08-14,Home,Coffee Maker,75,0.06175929285817477,0,0.0
2023-08-14,Home,LED Lamp,32,0.053188650239587305,3,90.89388957699961
2023-08-14,Fashion,Hoodie,38,0.042402446626966225,4,145.55482811270113
2023-08-14,Fashion,Sneakers,72,0.06797018927907447,2,134.21229274381326
2023-08-14,Fashion,Backpack,45,0.09818274839164784,5,202.90888161187922
2023-08-14,Beauty,Face Serum,28,0.07771567993652916,5,129.1198048088859
2023-08-14,Beauty,Hair Dryer,55,0.03589306345224641,2,106.05176302025289
2023-08-14,Beauty,Perfume,60,0.025554343652588785,1,58.46673938084467
2023-08-15,Electronics,Wireless Headphones,65,0.041080241159011516,5,311.64892162332126
2023-08-15,Electronics,Smart Watch,85,0.09893575004794983,3,229.7713837377728
2023-08-15,Electronics,Bluetooth Speaker,48,0.059035945084120564,6,270.9976478157733
2023-08-15,Home,Air Fryer,110,0.04130694412670061,5,527.2811807303146
2023-08-15,Home,Coffee Maker,75,0.055940346523411275,2,141.60894802148832
2023-08-15,Home,LED Lamp,32,0.05488320412581509,6,181.46242480784352
2023-08-15,Fashion,Hoodie,38,0.07550971828204947,4,140.5225228211285
2023-08-15,Fashion,Sneakers,72,0.04073650281041348,4,276.2678871906009
2023-08-15,Fashion,Backpack,45,0.08102654812522009,4,165.41522133746037
2023-08-15,Beauty,Face Serum,28,0.04033420664089951,4,107.48256885621926
2023-08-15,Beauty,Hair Dryer,55,0.038591137542290925,4,211.509949740696
2023-08-15,Beauty,Perfume,60,0.08852099220509543,5,273.4437023384714
2023-08-16,Electronics,Wireless Headphones,65,0.044231026290605886,4,248.49993316444247
2023-08-16,Electronics,Smart Watch,85,0.03238911301495841,3,246.74077618118562
2023-08-16,Electronics,Bluetooth Speaker,48,0.10884470191155783,4,171.1018172329809
2023-08-16,Home,Air Fryer,110,0.06796873998339947,1,102.52343860182606
2023-08-16,Home,Coffee Maker,75,0.05506395989278696,2,141.74040601608195
2023-08-16,Home,LED Lamp,32,0.05425875649811786,5,151.31859896030113
2023-08-16,Fashion,Hoodie,38,0.10491731890826117,8,272.1051350518886
2023-08-16,Fashion,Sneakers,72,0.03332468705757843,4,278.4024901274174
2023-08-16,Fashion,Backpack,45,0.08000641952550303,4,165.59884448540944
2023-08-16,Beauty,Face Serum,28,0.06478018737841999,4,104.74461901361697
2023-08-16,Beauty,Hair Dryer,55,0.005002693461726285,3,164.17455557881516
2023-08-16,Beauty,Perfume,60,0.014056479906054735,1,59.156611205636715
2023-08-17,Electronics,Wireless Headphones,65,0.029444423969306355,5,315.43056220997545
2023-08-17,Electronics,Smart Watch,85,0.058196772048275,5,400.26637187948313
2023-08-17,Electronics,Bluetooth Speaker,48,0.03767858340740284,1,46.191427996444666
2023-08-17,Home,Air Fryer,110,0.06003941468805113,10,1033.9566438431436
2023-08-17,Home,Coffee Maker,75,0.07535072119001773,3,208.046087732246
2023-08-17,Home,LED Lamp,32,0.053491752056910535,6,181.72958360507317
2023-08-17,Fashion,Hoodie,38,0.021699859431343893,4,148.70162136643572
2023-08-17,Fashion,Sneakers,72,0.07845557650131568,5,331.75599245952634
2023-08-17,Fashion,Backpack,45,0.0,3,135.0
2023-08-17,Beauty,Face Serum,28,0.036068352790363634,3,80.97025836560945
2023-08-17,Beauty,Hair Dryer,55,0.11643800051275932,3,145.78772991539472
2023-08-17,Beauty,Perfume,60,0.04082629755507895,6,345.30253288017155
2023-08-18,Electronics,Wireless Headphones,65,0.048261424936672986,6,371.1780442746975
2023-08-18,Electronics,Smart Watch,85,0.0793900084557713,0,0.0
2023-08-18,Electronics,Bluetooth Speaker,48,0.042738739827127586,9,413.5368643946809
2023-08-18,Home,Air Fryer,110,0.06900101608799378,3,307.22966469096207
2023-08-18,Home,Coffee Maker,75,0.026417494079283635,7,511.1308156083761
2023-08-18,Home,LED Lamp,32,0.059533307878113166,3,90.28480244370114
2023-08-18,Fashion,Hoodie,38,0.026050894436908216,7,259.07046207978243
2023-08-18,Fashion,Sneakers,72,0.07831186670109082,5,331.80772798760734
2023-08-18,Fashion,Backpack,45,0.04718200989438464,5,214.38404777376346
2023-08-18,Beauty,Face Serum,28,0.031753310426768974,7,189.7763511563533
2023-08-18,Beauty,Hair Dryer,55,0.0514528293533468,4,208.6803775422637
2023-08-18,Beauty,Perfume,60,0.038971518709060946,4,230.6468355098254
2023-08-19,Electronics,Wireless Headphones,65,0.052805867046048935,7,430.97333049404773
2023-08-19,Electronics,Smart Watch,85,0.034832590773255546,2,164.07845956854655
2023-08-19,Electronics,Bluetooth Speaker,48,0.04480263145470982,5,229.24736845086963
2023-08-19,Home,Air Fryer,110,0.07203377030948462,2,204.15257053191337
2023-08-19,Home,Coffee Maker,75,0.04637323952696832,1,71.52200703547737
2023-08-19,Home,LED Lamp,32,0.0444823785242133,4,122.3062555489007
2023-08-19,Fashion,Hoodie,38,0.05932662709530579,8,285.96470536302706
2023-08-19,Fashion,Sneakers,72,0.01588950190286613,8,566.8476469039491
2023-08-19,Fashion,Backpack,45,0.049846983817953605,7,299.2982000973446
2023-08-19,Beauty,Face Serum,28,0.051523439246771725,4,106.22937480436157
2023-08-19,Beauty,Hair Dryer,55,0.08397944707629787,1,50.381130410803614
2023-08-19,Beauty,Perfume,60,0.04276703239422299,3,172.30193416903987
2023-08-20,Electronics,Wireless Headphones,65,0.06093606555153118,5,305.1957786957524
2023-08-20,Electronics,Smart Watch,85,0.010019055349208439,3,252.44514088595184
2023-08-20,Electronics,Bluetooth Speaker,48,0.05244366082323549,4,181.9308171219388
2023-08-20,Home,Air Fryer,110,0.05489987783167348,1,103.96101343851592
2023-08-20,Home,Coffee Maker,75,0.07301454395679055,3,208.57172760972213
2023-08-20,Home,LED Lamp,32,0.055361876807425714,6,181.37051965297425
2023-08-20,Fashion,Hoodie,38,0.047467340816432654,6,217.17744629385336
2023-08-20,Fashion,Sneakers,72,0.037438957451052926,6,415.8263703811451
2023-08-20,Fashion,Backpack,45,0.040862870007133824,5,215.8058542483949
2023-08-20,Beauty,Face Serum,28,0.05169817062736922,5,132.7622561121683
2023-08-20,Beauty,Hair Dryer,55,0.059802420131494546,7,361.97606824937463
2023-08-20,Beauty,Perfume,60,0.035362434922515326,4,231.5130156185963
2023-08-21,Electronics,Wireless Headphones,65,0.02014993360174998,9,573.2122888429762
2023-08-21,Electronics,Smart Watch,85,0.041305671439447696,3,244.46705378294084
2023-08-21,Electronics,Bluetooth Speaker,48,0.11032696841924672,4,170.81722206350463
2023-08-21,Home,Air Fryer,110,0.05077643725907405,4,417.65836760600746
2023-08-21,Home,Coffee Maker,75,0.07462462567777665,3,208.20945922250027
2023-08-21,Home,LED Lamp,32,0.03741324485260593,7,215.61943315301627
2023-08-21,Fashion,Hoodie,38,0.028674856680997715,5,184.55177723061044
2023-08-21,Fashion,Sneakers,72,0.017129958423570374,8,566.1331439480235
2023-08-21,Fashion,Backpack,45,0.06208284556081258,5,211.03135974881718
2023-08-21,Beauty,Face Serum,28,0.07627118485571813,2,51.728813648079786
2023-08-21,Beauty,Hair Dryer,55,0.07142020984720733,2,102.1437769168072
2023-08-21,Beauty,Perfume,60,0.024541832540676413,4,234.10996019023764
2023-08-22,Electronics,Wireless Headphones,65,0.05662968390792955,7,429.23349382189207
2023-08-22,Electronics,Smart Watch,85,0.036191310129291214,2,163.8474772780205
2023-08-22,Electronics,Bluetooth Speaker,48,0.039890033780372126,7,322.59694864979497
2023-08-22,Home,Air Fryer,110,0.055879220849795165,5,519.2664285326126
2023-08-22,Home,Coffee Maker,75,0.06265147551232586,4,281.20455734630224
2023-08-22,Home,LED Lamp,32,0.05459022910975862,5,151.2655633424386
2023-08-22,Fashion,Hoodie,38,0.041990705371058805,4,145.61741278359906
2023-08-22,Fashion,Sneakers,72,0.004889939430503351,3,214.94377308301128
2023-08-22,Fashion,Backpack,45,0.0622273674807451,2,84.39953692673294
2023-08-22,Beauty,Face Serum,28,0.014627100279794629,2,55.1808823843315
2023-08-22,Beauty,Hair Dryer,55,0.04545949428498392,3,157.49918344297765
2023-08-22,Beauty,Perfume,60,0.002166795198341301,5,299.3499614404976
2023-08-23,Electronics,Wireless Headphones,65,0.08166897054742506,10,596.9151691441737
2023-08-23,Electronics,Smart Watch,85,0.04446246284027888,5,406.10345329288145
2023-08-23,Electronics,Bluetooth Speaker,48,0.04316957917007642,2,91.85572039967266
2023-08-23,Home,Air Fryer,110,0.0516805646996125,4,417.2605515321705
2023-08-23,Home,Coffee Maker,75,0.07832977447104728,2,138.2505338293429
2023-08-23,Home,LED Lamp,32,0.030732029674651187,6,186.09945030246698
2023-08-23,Fashion,Hoodie,38,0.05361540717582706,5,179.81307263659286
2023-08-23,Fashion,Sneakers,72,0.05915065047860201,4,270.9646126621626
2023-08-23,Fashion,Backpack,45,0.06854832316225616,2,83.83065091539694
2023-08-23,Beauty,Face Serum,28,0.03410552370027095,5,135.22522668196206
2023-08-23,Beauty,Hair Dryer,55,0.032248908879041145,3,159.6789300349582
2023-08-23,Beauty,Perfume,60,0.05671303696151916,6,339.5833066938531
2023-08-24,Electronics,Wireless Headphones,65,0.07814720551030631,7,419.44302149281066
2023-08-24,Electronics,Smart Watch,85,0.0912121722120818,3,231.74089608591916
2023-08-24,Electronics,Bluetooth Speaker,48,0.06559977400907949,8,358.8096867805135
2023-08-24,Home,Air Fryer,110,0.04811485429990207,4,418.8294641080431
2023-08-24,Home,Coffee Maker,75,0.06770163830025339,3,209.767131382443
2023-08-24,Home,LED Lamp,32,0.05282921645733504,4,121.23786029346111
2023-08-24,Fashion,Hoodie,38,0.030707249975037466,2,73.66624900189716
2023-08-24,Fashion,Sneakers,72,0.06331518209484632,4,269.76522755668424
2023-08-24,Fashion,Backpack,45,0.02273915863322734,1,43.97673786150477
2023-08-24,Beauty,Face Serum,28,0.04021208651648733,2,53.74812315507671
2023-08-24,Beauty,Hair Dryer,55,0.051531331256406986,2,104.33155356179523
2023-08-24,Beauty,Perfume,60,0.024885946379250498,4,234.02737286897988
2023-08-25,Electronics,Wireless Headphones,65,0.0,5,325.0
2023-08-25,Electronics,Smart Watch,85,0.02978646195153331,0,0.0
2023-08-25,Electronics,Bluetooth Speaker,48,0.0,4,192.0
2023-08-25,Home,Air Fryer,110,0.0719941182031839,3,306.2419409929493
2023-08-25,Home,Coffee Maker,75,0.00890667972970273,0,0.0
2023-08-25,Home,LED Lamp,32,0.0549898350690048,6,181.4419516667511
2023-08-25,Fashion,Hoodie,38,0.03636078401132573,5,183.09145103784812
2023-08-25,Fashion,Sneakers,72,0.050690122420967716,7,478.45217829983227
2023-08-25,Fashion,Backpack,45,0.028366204678322744,3,131.17056236842643
2023-08-25,Beauty,Face Serum,28,0.04274776883496243,2,53.6061249452421
2023-08-25,Beauty,Hair Dryer,55,0.05362245759406848,2,104.10152966465247
2023-08-25,Beauty,Perfume,60,0.0372914721364614,3,173.28753501543693
2023-08-26,Electronics,Wireless Headphones,65,0.0,4,260.0
2023-08-26,Electronics,Smart Watch,85,0.06583015999715305,6,476.42661840145195
2023-08-26,Electronics,Bluetooth Speaker,48,0.05020492510774552,3,136.77049078448465
2023-08-26,Home,Air Fryer,110,0.05580093329995798,5,519.3094866850231
2023-08-26,Home,Coffee Maker,75,0.07417090377939692,3,208.3115466496357
2023-08-26,Home,LED Lamp,32,0.052429918807095376,2,60.6444851963459
2023-08-26,Fashion,Hoodie,38,0.022130235707446894,9,334.43145938805316
2023-08-26,Fashion,Sneakers,72,0.06713598254404235,6,402.99725554097375
2023-08-26,Fashion,Backpack,45,0.06076917698200568,6,253.59232221485846
2023-08-26,Beauty,Face Serum,28,0.06691219895465339,4,104.50583371707881
2023-08-26,Beauty,Hair Dryer,55,0.06001359540392371,2,103.3985045055684
2023-08-26,Beauty,Perfume,60,0.09364427139246169,2,108.7626874329046
2023-08-27,Electronics,Wireless Headphones,65,0.04888199362326851,3,185.46801124346266
2023-08-27,Electronics,Smart Watch,85,0.08241746080277991,2,155.9890316635274
2023-08-27,Electronics,Bluetooth Speaker,48,0.039067127605564286,4,184.49911149973167
2023-08-27,Home,Air Fryer,110,0.062197050491320106,5,515.7916222297739
2023-08-27,Home,Coffee Maker,75,0.09239217522687176,4,272.2823474319385
2023-08-27,Home,LED Lamp,32,0.07465595707544816,3,88.83302812075698
2023-08-27,Fashion,Hoodie,38,0.04566333256455714,8,290.11834690037466
2023-08-27,Fashion,Sneakers,72,0.10895329663334519,4,256.62145056959656
2023-08-27,Fashion,Backpack,45,0.050001555115259104,4,170.99972007925336
2023-08-27,Beauty,Face Serum,28,0.035268162563216535,5,135.06245724114967
2023-08-27,Beauty,Hair Dryer,55,0.04583146151191641,2,104.9585392336892
2023-08-27,Beauty,Perfume,60,0.012025494943925588,8,474.2277624269157
2023-08-28,Electronics,Wireless Headphones,65,0.0329002673886596,4,251.4459304789485
2023-08-28,Electronics,Smart Watch,85,0.02375245319522659,2,165.96208295681149
2023-08-28,Electronics,Bluetooth Speaker,48,0.04790453252930246,2,91.40116487718696
2023-08-28,Home,Air Fryer,110,0.05728039803292224,8,829.5932497310284
2023-08-28,Home,Coffee Maker,75,0.031444615494358646,3,217.92496151376932
2023-08-28,Home,LED Lamp,32,0.018133855692234378,3,94.2591498535455
2023-08-28,Fashion,Hoodie,38,0.04808327985947629,8,289.3826829227192
2023-08-28,Fashion,Sneakers,72,0.06905876652379926,6,402.1666128617187
2023-08-28,Fashion,Backpack,45,0.042394098281698094,3,129.27679673197076
2023-08-28,Beauty,Face Serum,28,0.040159042609103114,3,80.62664042083534
2023-08-28,Beauty,Hair Dryer,55,0.029248553012547866,4,213.56531833723946
2023-08-28,Beauty,Perfume,60,0.07863348576335263,6,331.69194512519306
2023-08-29,Electronics,Wireless Headphones,65,0.07965324603635504,7,418.75777305345844
2023-08-29,Electronics,Smart Watch,85,0.05366934881907132,3,241.3143160511368
2023-08-29,Electronics,Bluetooth Speaker,48,0.07403271923292531,2,88.89285895363918
2023-08-29,Home,Air Fryer,110,0.038467686214881135,3,317.3056635490892
2023-08-29,Home,Coffee Maker,75,0.007897212275399842,3,223.22312723803503
2023-08-29,Home,LED Lamp,32,0.0674488039787038,5,149.2081913634074
2023-08-29,Fashion,Hoodie,38,0.09646466541040569,6,206.0060562864275
2023-08-29,Fashion,Sneakers,72,0.09101191386022128,5,327.23571101032036
2023-08-29,Fashion,Backpack,45,0.07927653806654628,0,0.0
2023-08-29,Beauty,Face Serum,28,0.07134565601766285,7,182.01625142053808
2023-08-29,Beauty,Hair Dryer,55,0.06383992866448253,3,154.4664117703604
2023-08-29,Beauty,Perfume,60,0.09420868478975698,3,163.04243673784376
2023-08-30,Electronics,Wireless Headphones,65,0.059713157631154125,2,122.23728950794997
2023-08-30,Electronics,Smart Watch,85,0.03380192037054301,1,82.12683676850385
2023-08-30,Electronics,Bluetooth Speaker,48,0.06956035390650821,3,133.98330903746282
2023-08-30,Home,Air Fryer,110,0.028044673196202873,2,213.83017189683537
2023-08-30,Home,Coffee Maker,75,0.04772340940681364,2,142.84148858897797
2023-08-30,Home,LED Lamp,32,0.06953421773730928,2,59.549810064812206
2023-08-30,Fashion,Hoodie,38,0.012153973967079526,8,300.3051919140078
2023-08-30,Fashion,Sneakers,72,0.018038240988545333,4,282.80498659529894
2023-08-30,Fashion,Backpack,45,0.009726204164569721,4,178.24928325037746
2023-08-30,Beauty,Face Serum,28,0.050643566897064334,3,79.7459403806466
2023-08-30,Beauty,Hair Dryer,55,0.06723683911019415,6,307.8118430936359
2023-08-30,Beauty,Perfume,60,0.04146695719527092,3,172.53594770485122
2023-08-31,Electronics,Wireless Headphones,65,0.04910076115868708,5,309.0422526234267
2023-08-31,Electronics,Smart Watch,85,0.0414970660171648,3,244.41824816562297
2023-08-31,Electronics,Bluetooth Speaker,48,0.05023304508918128,4,182.3552553428772
2023-08-31,Home,Air Fryer,110,0.04467258762814796,6,630.5160921654224
2023-08-31,Home,Coffee Maker,75,0.05021884870787497,1,71.23358634690938
2023-08-31,Home,LED Lamp,32,0.05460423727547788,5,151.26332203592352
2023-08-31,Fashion,Hoodie,38,0.037593972039331305,5,182.85714531252705
2023-08-31,Fashion,Sneakers,72,0.04245145175798579,5,344.7174773671251
2023-08-31,Fashion,Backpack,45,0.03579214414037275,6,260.33612108209934
2023-08-31,Beauty,Face Serum,28,0.0328513796588175,6,162.48096821731866
2023-08-31,Beauty,Hair Dryer,55,0.07200219642134936,3,153.11963759047737
2023-08-31,Beauty,Perfume,60,0.01915808352523243,5,294.2525749424303
2023-09-01,Electronics,Wireless Headphones,65,0.05339389678359959,5,307.6469835453301
2023-09-01,Electronics,Smart Watch,85,0.08484185556140705,2,155.57688455456082
2023-09-01,Electronics,Bluetooth Speaker,48,0.05193887033116051,2,91.0138684482086
2023-09-01,Home,Air Fryer,110,0.07555755871730818,0,0.0
2023-09-01,Home,Coffee Maker,75,0.007472997611887203,4,297.75810071643383
2023-09-01,Home,LED Lamp,32,0.009634145551976593,4,126.766829369347
2023-09-01,Fashion,Hoodie,38,0.041801197817300705,4,145.64621793177028
2023-09-01,Fashion,Sneakers,72,0.06637227894944703,1,67.22119591563981
2023-09-01,Fashion,Backpack,45,0.0826241141540682,7,288.9734040414685
2023-09-01,Beauty,Face Serum,28,0.04109086234448446,3,80.54836756306331
2023-09-01,Beauty,Hair Dryer,55,0.07094970820695422,0,0.0
2023-09-01,Beauty,Perfume,60,0.02353644514916524,3,175.76343987315028
2023-09-02,Electronics,Wireless Headphones,65,0.024800974448402843,2,126.77587332170764
2023-09-02,Electronics,Smart Watch,85,0.025529784091927524,7,579.8097784653031
2023-09-02,Electronics,Bluetooth Speaker,48,0.0583334045061968,3,135.59998975110764
2023-09-02,Home,Air Fryer,110,0.030996012142099405,4,426.3617546574763
2023-09-02,Home,Coffee Maker,75,0.05859763401423727,4,282.42070979572884
2023-09-02,Home,LED Lamp,32,0.052109762695966906,5,151.6624379686453
2023-09-02,Fashion,Hoodie,38,0.049703261733050036,7,252.7789323790087
2023-09-02,Fashion,Sneakers,72,0.04414111279341879,5,344.1091993943692
2023-09-02,Fashion,Backpack,45,0.017401460324026265,4,176.8677371416753
2023-09-02,Beauty,Face Serum,28,0.037919301796761805,5,134.69129774845334
2023-09-02,Beauty,Hair Dryer,55,0.0719828745848914,7,357.28659328481683
2023-09-02,Beauty,Perfume,60,0.043857801806447695,5,286.84265945806567
2023-09-03,Electronics,Wireless Headphones,65,0.04871992746980113,3,185.49961414338878
2023-09-03,Electronics,Smart Watch,85,0.06889341624982387,3,237.43217885629494
2023-09-03,Electronics,Bluetooth Speaker,48,0.10303686378474362,3,129.1626916149969
2023-09-03,Home,Air Fryer,110,0.06299423870116168,4,412.2825349714889
2023-09-03,Home,Coffee Maker,75,0.06768010485674213,2,139.84798427148868
2023-09-03,Home,LED Lamp,32,0.03024830622955092,7,217.2243794045806
2023-09-03,Fashion,Hoodie,38,0.07412627711535012,5,175.91600734808347
2023-09-03,Fashion,Sneakers,72,0.027130920278361458,2,140.09314747991596
2023-09-03,Fashion,Backpack,45,0.059725367367837304,6,253.87415081068394
2023-09-03,Beauty,Face Serum,28,0.06803158312532381,4,104.38046268996374
2023-09-03,Beauty,Hair Dryer,55,0.056212736087677684,7,363.3580966062441
2023-09-03,Beauty,Perfume,60,0.0,3,180.0
2023-09-04,Electronics,Wireless Headphones,65,0.05402954115337891,3,184.46423947509112
2023-09-04,Electronics,Smart Watch,85,0.06950184875619662,6,474.55405713433976
2023-09-04,Electronics,Bluetooth Speaker,48,0.02655392903270669,2,93.45082281286015
2023-09-04,Home,Air Fryer,110,0.027580808324535765,0,0.0
2023-09-04,Home,Coffee Maker,75,0.030872138591402823,1,72.68458960564479
2023-09-04,Home,LED Lamp,32,0.07269186537570571,6,178.0431618478645
2023-09-04,Fashion,Hoodie,38,0.0017229986762293814,2,75.86905210060657
2023-09-04,Fashion,Sneakers,72,0.06505388595225207,3,201.94836063431356
2023-09-04,Fashion,Backpack,45,0.049997073771857845,2,85.5002633605328
2023-09-04,Beauty,Face Serum,28,0.047653868615020085,3,79.99707503633832
2023-09-04,Beauty,Hair Dryer,55,0.0,2,110.0
2023-09-04,Beauty,Perfume,60,0.05425841145715752,6,340.4669718754233
2023-09-05,Electronics,Wireless Headphones,65,0.03506917480214998,7,439.04352546502173
2023-09-05,Electronics,Smart Watch,85,0.02991875622387959,3,247.3707171629107
2023-09-05,Electronics,Bluetooth Speaker,48,0.0923288772316784,3,130.70464167863832
2023-09-05,Home,Air Fryer,110,0.015668478541942664,6,649.6588041623179
2023-09-05,Home,Coffee Maker,75,0.07921244938581763,0,0.0
2023-09-05,Home,LED Lamp,32,0.035431280973277746,7,216.06339306198578
2023-09-05,Fashion,Hoodie,38,0.022425987506923407,6,222.88687484842148
2023-09-05,Fashion,Sneakers,72,0.0499718525150842,4,273.60810647565575
2023-09-05,Fashion,Backpack,45,0.06901978657652268,5,209.4705480202824
2023-09-05,Beauty,Face Serum,28,0.03284868906110118,8,216.64189365031334
2023-09-05,Beauty,Hair Dryer,55,0.06904910339209257,3,153.60689794030472
2023-09-05,Beauty,Perfume,60,0.031072974317774806,2,116.27124308186703
2023-09-06,Electronics,Wireless Headphones,65,8.24013099093232e-05,4,259.9785756594236
2023-09-06,Electronics,Smart Watch,85,0.035318027542603624,4,327.9918706355148
2023-09-06,Electronics,Bluetooth Speaker,48,0.06417216530986669,4,179.6789442605056
2023-09-06,Home,Air Fryer,110,0.026872093142381467,1,107.04406975433804
2023-09-06,Home,Coffee Maker,75,0.07779341647121141,2,138.3309875293183
2023-09-06,Home,LED Lamp,32,0.10238240444826738,4,114.89505223062177
2023-09-06,Fashion,Hoodie,38,0.03360454670334247,3,110.16908167581896
2023-09-06,Fashion,Sneakers,72,0.08002839038090617,4,264.95182357029904
2023-09-06,Fashion,Backpack,45,0.021841728495185554,1,44.017122217716654
2023-09-06,Beauty,Face Serum,28,0.05990187444423621,2,52.64549503112277
2023-09-06,Beauty,Hair Dryer,55,0.06051051473548065,4,206.68768675819425
2023-09-06,Beauty,Perfume,60,0.032460813130762614,3,174.15705363646273
2023-09-07,Electronics,Wireless Headphones,65,0.07993924161154758,8,478.4315943619952
2023-09-07,Electronics,Smart Watch,85,0.00345292299655877,6,508.23900927175504
2023-09-07,Electronics,Bluetooth Speaker,48,0.02117430168908337,4,187.93453407569598
2023-09-07,Home,Air Fryer,110,0.05198425415043615,6,625.6903922607121
2023-09-07,Home,Coffee Maker,75,0.054703603481763535,3,212.6916892166032
2023-09-07,Home,LED Lamp,32,0.0,4,128.0
2023-09-07,Fashion,Hoodie,38,0.08737695059457437,12,416.1561105288741
2023-09-07,Fashion,Sneakers,72,0.03472824061589157,6,416.9974000539349
2023-09-07,Fashion,Backpack,45,0.0638983368901426,0,0.0
2023-09-07,Beauty,Face Serum,28,0.0360152268623644,6,161.9494418871228
2023-09-07,Beauty,Hair Dryer,55,0.06554282658306401,4,205.58057815172592
2023-09-07,Beauty,Perfume,60,0.00043552410330433,4,239.89547421520697
2023-09-08,Electronics,Wireless Headphones,65,0.025558398518205898,7,443.3709286742163
2023-09-08,Electronics,Smart Watch,85,0.06288830712593398,5,398.2724694714781
2023-09-08,Electronics,Bluetooth Speaker,48,0.03782142558590262,2,92.36914314375335
2023-09-08,Home,Air Fryer,110,0.051470375499561384,2,208.6765173900965
2023-09-08,Home,Coffee Maker,75,0.05066810839618156,2,142.39978374057276
2023-09-08,Home,LED Lamp,32,0.02677211844042404,4,124.57316883962572
2023-09-08,Fashion,Hoodie,38,0.038757895433022396,6,219.16319984127088
2023-09-08,Fashion,Sneakers,72,0.10140507849438779,1,64.69883434840408
2023-09-08,Fashion,Backpack,45,0.0567840571218034,2,84.88943485903769
2023-09-08,Beauty,Face Serum,28,0.03310761097451149,5,135.36493446356837
2023-09-08,Beauty,Hair Dryer,55,0.05357213000756129,4,208.21413139833652
2023-09-08,Beauty,Perfume,60,0.0,1,60.0
2023-09-09,Electronics,Wireless Headphones,65,0.053732796303547596,2,123.01473648053882
2023-09-09,Electronics,Smart Watch,85,0.07079551860070035,9,710.8414282704642
2023-09-09,Electronics,Bluetooth Speaker,48,0.07094362260115361,6,267.56823669086776
2023-09-09,Home,Air Fryer,110,0.026466706109177045,3,321.2659869839716
2023-09-09,Home,Coffee Maker,75,0.06240785988891952,4,281.2776420333241
2023-09-09,Home,LED Lamp,32,0.020200579351176126,0,0.0
2023-09-09,Fashion,Hoodie,38,0.03943976534812536,12,438.0154670012549
2023-09-09,Fashion,Sneakers,72,0.07470680839792873,5,333.10554897674564
2023-09-09,Fashion,Backpack,45,0.0024991150005520685,3,134.66261947492546
2023-09-09,Beauty,Face Serum,28,0.028307212327405414,0,0.0
2023-09-09,Beauty,Hair Dryer,55,0.06514202225075842,1,51.41718877620829
2023-09-09,Beauty,Perfume,60,0.12319537965582796,4,210.4331088826013
2023-09-10,Electronics,Wireless Headphones,65,0.05695300020666828,10,612.9805498656656
2023-09-10,Electronics,Smart Watch,85,0.08117453120096707,2,156.2003296958356
2023-09-10,Electronics,Bluetooth Speaker,48,0.04454586361673443,3,137.58539563919024
2023-09-10,Home,Air Fryer,110,0.05214094269140438,3,312.79348891183656
2023-09-10,Home,Coffee Maker,75,0.06619846202700559,4,280.1404613918983
2023-09-10,Home,LED Lamp,32,0.050442724046200184,9,273.47249547469437
2023-09-10,Fashion,Hoodie,38,0.06590537720210884,7,248.46916966423905
2023-09-10,Fashion,Sneakers,72,0.06523964203531651,7,471.11922041420047
2023-09-10,Fashion,Backpack,45,0.05827781056126105,6,254.26499114845953
2023-09-10,Beauty,Face Serum,28,0.0444926774995478,5,133.7710251500633
2023-09-10,Beauty,Hair Dryer,55,0.032086600529261544,2,106.47047394178124
2023-09-10,Beauty,Perfume,60,0.03400642641379442,5,289.7980720758617
2023-09-11,Electronics,Wireless Headphones,65,0.08315549405644193,6,357.5693573179876
2023-09-11,Electronics,Smart Watch,85,0.08924490851564348,2,154.8283655523406
2023-09-11,Electronics,Bluetooth Speaker,48,0.057865927264328,5,226.11217745656126
2023-09-11,Home,Air Fryer,110,0.07086130294038667,1,102.20525667655747
2023-09-11,Home,Coffee Maker,75,0.06351290087614142,4,280.94612973715755
2023-09-11,Home,LED Lamp,32,0.08443256639725571,3,87.89447362586345
2023-09-11,Fashion,Hoodie,38,0.05750214439866751,6,214.8895110771038
2023-09-11,Fashion,Sneakers,72,0.05136238942886606,4,273.20763184448657
2023-09-11,Fashion,Backpack,45,0.08099081195375626,7,289.4878942345668
2023-09-11,Beauty,Face Serum,28,0.05022078162919695,5,132.96909057191243
2023-09-11,Beauty,Hair Dryer,55,0.059500785179857345,0,0.0
2023-09-11,Beauty,Perfume,60,0.06501622714071331,4,224.3961054862288
2023-09-12,Electronics,Wireless Headphones,65,0.022847921901404333,6,381.0893104584523
2023-09-12,Electronics,Smart Watch,85,0.02978261711486419,6,494.8108652714193
2023-09-12,Electronics,Bluetooth Speaker,48,0.03161382955519325,2,92.96507236270145
2023-09-12,Home,Air Fryer,110,0.01839414530005902,3,323.92993205098054
2023-09-12,Home,Coffee Maker,75,0.03377301718639217,2,144.93404742204117
2023-09-12,Home,LED Lamp,32,0.04629888328118375,2,61.03687147000424
2023-09-12,Fashion,Hoodie,38,0.036493481366090624,3,109.83974312426567
2023-09-12,Fashion,Sneakers,72,0.012773442944366026,0,0.0
2023-09-12,Fashion,Backpack,45,0.10337160207562598,4,161.3931116263873
2023-09-12,Beauty,Face Serum,28,0.060784039643592476,7,184.08632822985587
2023-09-12,Beauty,Hair Dryer,55,0.06766593214862598,2,102.55674746365115
2023-09-12,Beauty,Perfume,60,0.022201701462811765,3,176.0036937366939
2023-09-13,Electronics,Wireless Headphones,65,0.1040995891436093,2,116.4670534113308
2023-09-13,Electronics,Smart Watch,85,0.07484850108638988,4,314.55150963062744
2023-09-13,Electronics,Bluetooth Speaker,48,0.019922220071499682,6,282.2624006194081
2023-09-13,Home,Air Fryer,110,0.0626702004729162,3,309.3188338439377
2023-09-13,Home,Coffee Maker,75,0.054438529963676,3,212.75133075817288
2023-09-13,Home,LED Lamp,32,0.014032380063650207,6,189.30578302777917
2023-09-13,Fashion,Hoodie,38,0.047105845315735626,0,0.0
2023-09-13,Fashion,Sneakers,72,0.055925369903068706,7,475.8136135688534
2023-09-13,Fashion,Backpack,45,0.043265348944301535,7,301.371415082545
2023-09-13,Beauty,Face Serum,28,0.03686788292971402,2,53.93539855593602
2023-09-13,Beauty,Hair Dryer,55,0.05857720438130326,1,51.77825375902832
2023-09-13,Beauty,Perfume,60,0.07783551633843638,6,331.97921411816293
2023-09-14,Electronics,Wireless Headphones,65,0.03254434401435352,4,251.53847055626807
2023-09-14,Electronics,Smart Watch,85,0.05158787941912505,4,322.4601209974975
2023-09-14,Electronics,Bluetooth Speaker,48,0.08207296835517158,4,176.24199007580705
2023-09-14,Home,Air Fryer,110,0.05246611453695004,3,312.6861822028065
2023-09-14,Home,Coffee Maker,75,0.08503397691590825,2,137.24490346261376
2023-09-14,Home,LED Lamp,32,0.046122486517482915,3,91.57224129432163
2023-09-14,Fashion,Hoodie,38,0.07655792054467105,6,210.544794115815
2023-09-14,Fashion,Sneakers,72,0.0589899113570922,4,271.01090552915747
2023-09-14,Fashion,Backpack,45,0.0,6,270.0
2023-09-14,Beauty,Face Serum,28,0.012185672308051745,2,55.3176023507491
2023-09-14,Beauty,Hair Dryer,55,0.04822844977093377,5,261.7371763129932
2023-09-14,Beauty,Perfume,60,0.038462286790094835,3,173.07678837778295
2023-09-15,Electronics,Wireless Headphones,65,0.026248729348940493,7,443.0568281462321
2023-09-15,Electronics,Smart Watch,85,0.10268294749455043,3,228.81584838888963
2023-09-15,Electronics,Bluetooth Speaker,48,0.07743956136885956,3,132.84870316288422
2023-09-15,Home,Air Fryer,110,0.06205414370624146,2,206.3480883846269
2023-09-15,Home,Coffee Maker,75,0.0,3,225.0
2023-09-15,Home,LED Lamp,32,0.061186397507236465,6,180.2522116786106
2023-09-15,Fashion,Hoodie,38,0.03279871262014407,4,147.0145956817381
2023-09-15,Fashion,Sneakers,72,0.06124629295413746,3,202.7708007219063
2023-09-15,Fashion,Backpack,45,0.03285490732752111,2,87.0430583405231
2023-09-15,Beauty,Face Serum,28,0.0841118962911625,4,102.5794676153898
2023-09-15,Beauty,Hair Dryer,55,0.06543218306240171,4,205.60491972627162
2023-09-15,Beauty,Perfume,60,0.0844734457661139,3,164.7947797620995
2023-09-16,Electronics,Wireless Headphones,65,0.02636548439767218,5,316.43121757075653
2023-09-16,Electronics,Smart Watch,85,0.061483996143861575,2,159.54772065554354
2023-09-16,Electronics,Bluetooth Speaker,48,0.02659467027351852,5,233.61727913435556
2023-09-16,Home,Air Fryer,110,0.05823158961024647,2,207.1890502857458
2023-09-16,Home,Coffee Maker,75,0.07337316207109126,3,208.49103853400447
2023-09-16,Home,LED Lamp,32,0.10148253183191447,4,115.01023592551495
2023-09-16,Fashion,Hoodie,38,0.030460049533603647,10,368.4251811772306
2023-09-16,Fashion,Sneakers,72,0.06964012098603847,11,736.8450241790575
2023-09-16,Fashion,Backpack,45,0.04835092791925515,5,214.1210412181676
2023-09-16,Beauty,Face Serum,28,0.04387188909627593,9,240.94428394773846
2023-09-16,Beauty,Hair Dryer,55,0.0999706954413475,1,49.501611750725885
2023-09-16,Beauty,Perfume,60,0.042234134895708826,4,229.8638076250299
2023-09-17,Electronics,Wireless Headphones,65,0.01952332756362292,2,127.46196741672901
2023-09-17,Electronics,Smart Watch,85,0.06430717959124747,3,238.6016692042319
2023-09-17,Electronics,Bluetooth Speaker,48,0.032290741208793446,7,325.1503109538454
2023-09-17,Home,Air Fryer,110,0.053117626720939705,3,312.47118318208993
2023-09-17,Home,Coffee Maker,75,0.028266763433745585,5,364.3999637123454
2023-09-17,Home,LED Lamp,32,0.03613574377292793,4,123.37462479706522
2023-09-17,Fashion,Hoodie,38,0.01630560045923518,2,74.76077436509811
2023-09-17,Fashion,Sneakers,72,0.07328033727977583,4,266.8952628634246
2023-09-17,Fashion,Backpack,45,0.08138244432002129,5,206.68895002799522
2023-09-17,Beauty,Face Serum,28,0.06640320623269053,4,104.56284090193867
2023-09-17,Beauty,Hair Dryer,55,0.035482561814691296,2,106.09691820038395
2023-09-17,Beauty,Perfume,60,0.05271392879812335,3,170.5114928163378
2023-09-18,Electronics,Wireless Headphones,65,0.0659850707596498,7,424.9767928043594
2023-09-18,Electronics,Smart Watch,85,0.057853228053313256,5,400.4123780773419
2023-09-18,Electronics,Bluetooth Speaker,48,0.061018540091569054,1,45.071110075604686
2023-09-18,Home,Air Fryer,110,0.07051248013449353,5,511.2181359260286
2023-09-18,Home,Coffee Maker,75,0.030106844932278918,3,218.22595989023725
2023-09-18,Home,LED Lamp,32,0.059706915982687445,7,210.62565081987802
2023-09-18,Fashion,Hoodie,38,0.01706912845557937,3,112.05411935606395
2023-09-18,Fashion,Sneakers,72,0.006289976693416903,7,500.8298517465179
2023-09-18,Fashion,Backpack,45,0.010911151779633421,5,222.5449908495825
2023-09-18,Beauty,Face Serum,28,0.0,3,84.0
2023-09-18,Beauty,Hair Dryer,55,0.04015433953137737,6,316.74906795464545
2023-09-18,Beauty,Perfume,60,0.031033995549485372,3,174.41388080109263
2023-09-19,Electronics,Wireless Headphones,65,0.0,4,260.0
2023-09-19,Electronics,Smart Watch,85,0.08510320949020225,3,233.29868157999843
2023-09-19,Electronics,Bluetooth Speaker,48,0.08831234928647538,3,131.28302170274756
2023-09-19,Home,Air Fryer,110,0.050638505209756005,3,313.2892932807805
2023-09-19,Home,Coffee Maker,75,0.08414969588670611,3,206.06631842549115
2023-09-19,Home,LED Lamp,32,0.10857208895190155,3,85.57707946061745
2023-09-19,Fashion,Hoodie,38,0.03913940103974561,2,73.02540552097933
2023-09-19,Fashion,Sneakers,72,0.0,5,360.0
2023-09-19,Fashion,Backpack,45,0.04323845649014347,5,215.2713472897177
2023-09-19,Beauty,Face Serum,28,0.08955998881728652,1,25.492320313115975
2023-09-19,Beauty,Hair Dryer,55,0.05661547516821232,5,259.43074432874164
2023-09-19,Beauty,Perfume,60,0.03797916925348949,5,288.6062492239531
2023-09-20,Electronics,Wireless Headphones,65,0.06485940213924654,3,182.35241658284693
2023-09-20,Electronics,Smart Watch,85,0.07098500989949871,2,157.9325483170852
2023-09-20,Electronics,Bluetooth Speaker,48,0.041607371532512163,5,230.0142308321971
2023-09-20,Home,Air Fryer,110,0.05023354772899267,3,313.4229292494324
2023-09-20,Home,Coffee Maker,75,0.027005939246118247,1,72.97455455654114
2023-09-20,Home,LED Lamp,32,0.09157204362051376,5,145.3484730207178
2023-09-20,Fashion,Hoodie,38,0.01131758426182869,2,75.13986359610102
2023-09-20,Fashion,Sneakers,72,0.053277213679681,5,340.82020307531485
2023-09-20,Fashion,Backpack,45,0.04751893973182571,3,128.58494313620352
2023-09-20,Beauty,Face Serum,28,0.02906107554936975,4,108.74515953847059
2023-09-20,Beauty,Hair Dryer,55,0.07682059218325336,0,0.0
2023-09-20,Beauty,Perfume,60,0.04685369991277254,6,343.13266803140186
2023-09-21,Electronics,Wireless Headphones,65,0.0590368862022138,3,183.4878071905683
2023-09-21,Electronics,Smart Watch,85,0.07796538232157946,3,235.11882750799722
2023-09-21,Electronics,Bluetooth Speaker,48,0.034029519475824346,8,370.93266452128347
2023-09-21,Home,Air Fryer,110,0.04493707177745275,2,210.1138442089604
2023-09-21,Home,Coffee Maker,75,0.08461612807715224,2,137.30758078842717
2023-09-21,Home,LED Lamp,32,0.0019015743313748473,6,191.63489772837602
2023-09-21,Fashion,Hoodie,38,0.043762048736765015,4,145.34816859201172
2023-09-21,Fashion,Sneakers,72,0.03802469720383603,10,692.622218013238
2023-09-21,Fashion,Backpack,45,0.04494489477752243,6,257.86487841006897
2023-09-21,Beauty,Face Serum,28,0.0915802528222154,7,178.0502704468458
2023-09-21,Beauty,Hair Dryer,55,0.08237889424567307,4,201.8766432659519
2023-09-21,Beauty,Perfume,60,0.04839387953866403,5,285.4818361384008
2023-09-22,Electronics,Wireless Headphones,65,0.05591345195517543,2,122.7312512458272
2023-09-22,Electronics,Smart Watch,85,0.06676044881929834,1,79.32536185035964
2023-09-22,Electronics,Bluetooth Speaker,48,0.09339059089118536,3,130.5517549116693
2023-09-22,Home,Air Fryer,110,0.019024430467292814,4,431.6292505943911
2023-09-22,Home,Coffee Maker,75,0.04181396958123415,4,287.45580912562974
2023-09-22,Home,LED Lamp,32,0.012346505794181707,2,63.20982362917237
2023-09-22,Fashion,Hoodie,38,0.02510654722182483,0,0.0
2023-09-22,Fashion,Sneakers,72,0.03139700414716703,3,209.2182471042119
2023-09-22,Fashion,Backpack,45,0.05502000133825727,4,170.0963997591137
2023-09-22,Beauty,Face Serum,28,0.024458250898449208,7,191.20618282390396
2023-09-22,Beauty,Hair Dryer,55,0.08623797435726606,1,50.25691141035036
2023-09-22,Beauty,Perfume,60,0.06237780447927174,7,393.80132211870585
2023-09-23,Electronics,Wireless Headphones,65,0.044520942437508565,4,248.42455496624777
2023-09-23,Electronics,Smart Watch,85,0.06075978165852988,6,479.01251135414975
2023-09-23,Electronics,Bluetooth Speaker,48,0.06611146469333216,6,268.9598981683203
2023-09-23,Home,Air Fryer,110,0.06334400457691738,3,309.09647848961725
2023-09-23,Home,Coffee Maker,75,0.050718325811160446,1,71.19612556416297
2023-09-23,Home,LED Lamp,32,0.04755261834155145,3,91.43494863921106
2023-09-23,Fashion,Hoodie,38,0.1000951473877295,8,273.57107519413023
2023-09-23,Fashion,Sneakers,72,0.03580078856704825,3,208.26702966951757
2023-09-23,Fashion,Backpack,45,0.0833840644772537,4,164.99086839409435
2023-09-23,Beauty,Face Serum,28,0.039243248487324627,4,107.60475616941964
2023-09-23,Beauty,Hair Dryer,55,0.030297508849935883,3,160.00091103976058
2023-09-23,Beauty,Perfume,60,0.08445694789589842,6,329.59549875747655
2023-09-24,Electronics,Wireless Headphones,65,0.04843656394553197,6,371.1097400612425
2023-09-24,Electronics,Smart Watch,85,0.07677055537709403,4,313.898011171788
2023-09-24,Electronics,Bluetooth Speaker,48,0.06438897333274066,1,44.90932928002845
2023-09-24,Home,Air Fryer,110,0.025739335881493203,2,214.3373461060715
2023-09-24,Home,Coffee Maker,75,0.002321529308031811,0,0.0
2023-09-24,Home,LED Lamp,32,0.08985490906899538,6,174.7478574587529
2023-09-24,Fashion,Hoodie,38,0.03423582832807574,11,403.68942375886434
2023-09-24,Fashion,Sneakers,72,0.050129995126184525,5,341.95320175457357
2023-09-24,Fashion,Backpack,45,0.04806205555588795,6,257.0232449999103
2023-09-24,Beauty,Face Serum,28,0.0654192131546109,5,130.84131015835447
2023-09-24,Beauty,Hair Dryer,55,0.022058865434648398,4,215.14704960437734
2023-09-24,Beauty,Perfume,60,0.04048420503829407,8,460.5675815816188
2023-09-25,Electronics,Wireless Headphones,65,0.0663415421885768,3,182.06339927322753
2023-09-25,Electronics,Smart Watch,85,0.041620505760439706,3,244.38677103108787
2023-09-25,Electronics,Bluetooth Speaker,48,0.08845799091581491,7,306.2781150522862
2023-09-25,Home,Air Fryer,110,0.06603280192382222,5,513.6819589418977
2023-09-25,Home,Coffee Maker,75,0.07228017481365456,2,139.1579737779518
2023-09-25,Home,LED Lamp,32,0.021522313398268007,5,156.5564298562771
2023-09-25,Fashion,Hoodie,38,0.0614890209592524,4,142.65366881419365
2023-09-25,Fashion,Sneakers,72,0.07934053703909186,4,265.14992533274153
2023-09-25,Fashion,Backpack,45,0.028470253664641815,6,262.3130315105467
2023-09-25,Beauty,Face Serum,28,0.01714010901835885,2,55.04015389497191
2023-09-25,Beauty,Hair Dryer,55,0.05708556286373147,2,103.72058808498954
2023-09-25,Beauty,Perfume,60,0.07799413370630744,4,221.2814079104862
2023-09-26,Electronics,Wireless Headphones,65,0.07530097438486513,4,240.42174665993505
2023-09-26,Electronics,Smart Watch,85,0.08679631446706282,3,232.86693981089897
2023-09-26,Electronics,Bluetooth Speaker,48,0.05256099289322886,5,227.38536170562506
2023-09-26,Home,Air Fryer,110,0.10083660447919643,3,296.7239205218652
2023-09-26,Home,Coffee Maker,75,0.019122593882592055,7,514.9606382116392
2023-09-26,Home,LED Lamp,32,0.002849797513394016,4,127.63522591828557
2023-09-26,Fashion,Hoodie,38,0.07514878226435456,3,105.43303882186358
2023-09-26,Fashion,Sneakers,72,0.03377211327410076,2,139.13681568852948
2023-09-26,Fashion,Backpack,45,0.06346553654435899,3,126.43215256651153
2023-09-26,Beauty,Face Serum,28,0.06725638903194184,2,52.23364221421126
2023-09-26,Beauty,Hair Dryer,55,0.030113595831639625,4,213.37500891703928
2023-09-26,Beauty,Perfume,60,0.05864747865685424,5,282.4057564029437
2023-09-27,Electronics,Wireless Headphones,65,0.07680435419474856,4,240.03086790936538
2023-09-27,Electronics,Smart Watch,85,0.007236187595374158,4,337.5396962175728
2023-09-27,Electronics,Bluetooth Speaker,48,0.06542688087790041,7,314.0165680250255
2023-09-27,Home,Air Fryer,110,0.08124155089149687,0,0.0
2023-09-27,Home,Coffee Maker,75,0.030608572700866185,5,363.5217852371752
2023-09-27,Home,LED Lamp,32,0.03461198605895059,3,92.67724933834074
2023-09-27,Fashion,Hoodie,38,0.05417901626217116,7,251.58838167426248
2023-09-27,Fashion,Sneakers,72,0.07173524644415137,1,66.8350622560211
2023-09-27,Fashion,Backpack,45,0.06676535214471074,7,293.96891407441615
2023-09-27,Beauty,Face Serum,28,0.063649077388228,3,78.65347749938884
2023-09-27,Beauty,Hair Dryer,55,0.08764263987032397,6,301.0779288427931
2023-09-27,Beauty,Perfume,60,0.05835868552367088,0,0.0
2023-09-28,Electronics,Wireless Headphones,65,0.07529552940588939,9,540.9521152975548
2023-09-28,Electronics,Smart Watch,85,0.06618552918073177,5,396.871150098189
2023-09-28,Electronics,Bluetooth Speaker,48,0.0,9,432.0
2023-09-28,Home,Air Fryer,110,0.03200832307448148,3,319.4372533854211
2023-09-28,Home,Coffee Maker,75,0.024703001270886635,6,438.883649428101
2023-09-28,Home,LED Lamp,32,0.054668260242515705,2,60.501231344478995
2023-09-28,Fashion,Hoodie,38,0.04175255643744452,2,72.82680571075421
2023-09-28,Fashion,Sneakers,72,0.08917557520016449,6,393.4761515135289
2023-09-28,Fashion,Backpack,45,0.09459897947178933,7,285.2013214663864
2023-09-28,Beauty,Face Serum,28,0.013525331696259815,2,55.24258142500945
2023-09-28,Beauty,Hair Dryer,55,0.07644295407221582,1,50.79563752602813
2023-09-28,Beauty,Perfume,60,0.09986923772825776,3,162.0235372089136
2023-09-29,Electronics,Wireless Headphones,65,0.0,5,325.0
2023-09-29,Electronics,Smart Watch,85,0.09560856962750154,3,230.6198147449871
2023-09-29,Electronics,Bluetooth Speaker,48,0.06547422847059253,2,89.71447406682313
2023-09-29,Home,Air Fryer,110,0.07396437133845332,1,101.86391915277014
2023-09-29,Home,Coffee Maker,75,0.05729509260328475,7,494.92007638327556
2023-09-29,Home,LED Lamp,32,0.005694121707242643,5,159.08894052684118
2023-09-29,Fashion,Hoodie,38,0.017910514419169958,6,223.91640271242926
2023-09-29,Fashion,Sneakers,72,0.004707911589714821,3,214.9830910966216
2023-09-29,Fashion,Backpack,45,0.025473087717052544,6,263.1222663163958
2023-09-29,Beauty,Face Serum,28,0.032449658458505996,4,108.36563825264733
2023-09-29,Beauty,Hair Dryer,55,0.07369459146309607,3,152.84039240858914
2023-09-29,Beauty,Perfume,60,0.0700811818261846,5,278.9756454521446
2023-09-30,Electronics,Wireless Headphones,65,0.03803561855632928,3,187.58305438151578
2023-09-30,Electronics,Smart Watch,85,0.0003109841803079841,6,509.84139806804296
2023-09-30,Electronics,Bluetooth Speaker,48,0.04854101598808676,6,274.020187395431
2023-09-30,Home,Air Fryer,110,0.02483946154245553,5,536.3382961516495
2023-09-30,Home,Coffee Maker,75,0.0776392835785402,1,69.17705373160949
2023-09-30,Home,LED Lamp,32,0.0783362932204115,2,58.986477233893666
2023-09-30,Fashion,Hoodie,38,0.04058391617362733,1,36.457811185402164
2023-09-30,Fashion,Sneakers,72,0.012448701918276461,4,284.41477384753637
2023-09-30,Fashion,Backpack,45,0.04266096217585674,8,344.6420536166916
2023-09-30,Beauty,Face Serum,28,0.09892443283121138,5,126.15057940363042
2023-09-30,Beauty,Hair Dryer,55,0.08661944429077167,2,100.4718611280151
2023-09-30,Beauty,Perfume,60,0.04750475917015949,3,171.4491433493713
2023-10-01,Electronics,Wireless Headphones,65,0.028561690269041776,4,252.57396053004913
2023-10-01,Electronics,Smart Watch,85,0.02935556425058063,3,247.51433111610194
2023-10-01,Electronics,Bluetooth Speaker,48,0.06174991214348148,5,225.18002108556445
2023-10-01,Home,Air Fryer,110,0.07613868668131543,2,203.2494889301106
2023-10-01,Home,Coffee Maker,75,0.07953064590967879,5,345.1760077838705
2023-10-01,Home,LED Lamp,32,0.08414960687824212,9,263.7649132190663
2023-10-01,Fashion,Hoodie,38,0.013916488931798622,8,299.76938736473323
2023-10-01,Fashion,Sneakers,72,0.07809962865344444,5,331.88413368476
2023-10-01,Fashion,Backpack,45,0.09489587023448187,5,203.64842919724157
2023-10-01,Beauty,Face Serum,28,0.06361498871804123,4,104.87512126357937
2023-10-01,Beauty,Hair Dryer,55,0.10216241458683119,5,246.90533598862143
2023-10-01,Beauty,Perfume,60,0.05051521766963633,9,512.7217824583964
2023-10-02,Electronics,Wireless Headphones,65,0.053511262183331056,3,184.56530387425045
2023-10-02,Electronics,Smart Watch,85,0.09156486902258412,6,463.3019167984821
2023-10-02,Electronics,Bluetooth Speaker,48,0.0479776406495113,6,274.1824394929408
2023-10-02,Home,Air Fryer,110,0.01554618906900889,5,541.4495960120452
2023-10-02,Home,Coffee Maker,75,0.0,3,225.0
2023-10-02,Home,LED Lamp,32,0.04321221125884487,9,275.55488315745265
2023-10-02,Fashion,Hoodie,38,0.02689792075070451,4,147.9115160458929
2023-10-02,Fashion,Sneakers,72,0.05617921391034159,6,407.7305795907324
2023-10-02,Fashion,Backpack,45,0.03349767330089974,3,130.47781410437855
2023-10-02,Beauty,Face Serum,28,0.10011204217187737,2,50.39372563837487
2023-10-02,Beauty,Hair Dryer,55,0.04030081334015048,2,105.56691053258345
2023-10-02,Beauty,Perfume,60,0.04731983759226729,4,228.64323897785584
2023-10-03,Electronics,Wireless Headphones,65,0.008297621258204269,4,257.8426184728669
2023-10-03,Electronics,Smart Watch,85,0.005032127232255927,2,169.1445383705165
2023-10-03,Electronics,Bluetooth Speaker,48,0.041836495162726056,3,137.97554469656745
2023-10-03,Home,Air Fryer,110,0.049593258418255064,4,418.17896629596777
2023-10-03,Home,Coffee Maker,75,0.0164517357043125,6,442.5967189330594
2023-10-03,Home,LED Lamp,32,0.08484607506682411,4,117.13970239144652
2023-10-03,Fashion,Hoodie,38,0.036999485317103904,2,73.1880391159001
2023-10-03,Fashion,Sneakers,72,0.027170089090369626,3,210.13126075648015
2023-10-03,Fashion,Backpack,45,0.03229453103134629,5,217.7337305179471
2023-10-03,Beauty,Face Serum,28,0.04448137820906722,1,26.75452141014612
2023-10-03,Beauty,Hair Dryer,55,0.03980140447173294,6,316.8655365243281
2023-10-03,Beauty,Perfume,60,0.03535529457981745,5,289.3934116260548
2023-10-04,Electronics,Wireless Headphones,65,0.009580581153393497,8,515.0180978002354
2023-10-04,Electronics,Smart Watch,85,0.05439438123100111,2,160.7529551907298
2023-10-04,Electronics,Bluetooth Speaker,48,0.04596413353745045,4,183.17488636080952
2023-10-04,Home,Air Fryer,110,0.05385862816166403,3,312.2266527066509
2023-10-04,Home,Coffee Maker,75,0.042841145002891275,1,71.78691412478315
2023-10-04,Home,LED Lamp,32,0.021710178346956932,5,156.52637146448689
2023-10-04,Fashion,Hoodie,38,0.04498777082278064,3,108.87139412620301
2023-10-04,Fashion,Sneakers,72,0.07051574618019985,1,66.92286627502561
2023-10-04,Fashion,Backpack,45,0.03097975271576365,2,87.21182225558127
2023-10-04,Beauty,Face Serum,28,0.03130792735411654,8,216.9870242726779
2023-10-04,Beauty,Hair Dryer,55,0.00816015054519853,2,109.10238344002816
2023-10-04,Beauty,Perfume,60,0.047060051457242305,3,171.52919073769638
2023-10-05,Electronics,Wireless Headphones,65,0.03568156042730063,6,376.08419143335277
2023-10-05,Electronics,Smart Watch,85,0.049438699287570456,2,161.59542112111302
2023-10-05,Electronics,Bluetooth Speaker,48,0.04399217201585743,5,229.4418787161942
2023-10-05,Home,Air Fryer,110,0.048751893653769744,3,313.911875094256
2023-10-05,Home,Coffee Maker,75,0.09131495226976108,1,68.15137857976792
2023-10-05,Home,LED Lamp,32,0.03405815438623224,2,61.820278119281134
2023-10-05,Fashion,Hoodie,38,0.020103471999133822,6,223.41640838419747
2023-10-05,Fashion,Sneakers,72,0.04489944864743962,5,343.8361984869217
2023-10-05,Fashion,Backpack,45,0.06787469415822184,6,251.6738325772801
2023-10-05,Beauty,Face Serum,28,0.08736958136129552,4,102.2146068875349
2023-10-05,Beauty,Hair Dryer,55,0.030827467163163876,2,106.60897861205197
2023-10-05,Beauty,Perfume,60,0.06255070319347682,3,168.7408734251742
2023-10-06,Electronics,Wireless Headphones,65,0.03554581170226006,4,250.75808895741238
2023-10-06,Electronics,Smart Watch,85,0.03885147622636878,5,408.4881226037933
2023-10-06,Electronics,Bluetooth Speaker,48,0.03956298340568088,3,138.30293038958195
2023-10-06,Home,Air Fryer,110,0.06624029925348451,2,205.4271341642334
2023-10-06,Home,Coffee Maker,75,0.022067024900595856,3,220.03491939736594
2023-10-06,Home,LED Lamp,32,0.056888584129661315,1,30.179565307850837
2023-10-06,Fashion,Hoodie,38,0.0662370199984983,7,248.38095268039945
2023-10-06,Fashion,Sneakers,72,0.006197401359257136,5,357.7689355106674
2023-10-06,Fashion,Backpack,45,0.06551427165332137,6,252.31114665360323
2023-10-06,Beauty,Face Serum,28,0.06789902437929532,5,130.49413658689866
2023-10-06,Beauty,Hair Dryer,55,0.03217827784013591,6,319.38116831275516
2023-10-06,Beauty,Perfume,60,0.06022248626197606,5,281.9332541214072
2023-10-07,Electronics,Wireless Headphones,65,0.07368220736244532,3,180.63196956432316
2023-10-07,Electronics,Smart Watch,85,0.04724574471828705,2,161.9682233978912
2023-10-07,Electronics,Bluetooth Speaker,48,0.04006677028143755,2,92.153590052982
2023-10-07,Home,Air Fryer,110,0.056522162932917314,6,622.6953724642746
2023-10-07,Home,Coffee Maker,75,0.04470624824407648,5,358.2351569084713
2023-10-07,Home,LED Lamp,32,0.06248266692351921,6,180.0033279506843
2023-10-07,Fashion,Hoodie,38,0.059769632256896285,6,214.37252384542765
2023-10-07,Fashion,Sneakers,72,0.07083240888575344,2,133.8001331204515
2023-10-07,Fashion,Backpack,45,0.06458995118828033,3,126.28035658958215
2023-10-07,Beauty,Face Serum,28,0.040402594403103405,3,80.60618207013931
2023-10-07,Beauty,Hair Dryer,55,0.044481868605591286,7,367.8744805868473
2023-10-07,Beauty,Perfume,60,0.05731112500197564,7,395.9293274991702
2023-10-08,Electronics,Wireless Headphones,65,0.012286693315291433,5,321.0068246725303
2023-10-08,Electronics,Smart Watch,85,0.022886433865350792,3,249.16395936433554
2023-10-08,Electronics,Bluetooth Speaker,48,0.0321574706632369,3,139.36932422449388
2023-10-08,Home,Air Fryer,110,0.04176291932368156,1,105.40607887439502
2023-10-08,Home,Coffee Maker,75,0.04866803638075393,5,356.7494863572173
2023-10-08,Home,LED Lamp,32,0.08092199642034507,7,205.87347280184272
2023-10-08,Fashion,Hoodie,38,0.014645054765375656,4,149.7739516756629
2023-10-08,Fashion,Sneakers,72,0.06733514715566595,7,470.0630858335444
2023-10-08,Fashion,Backpack,45,0.0645312003852532,4,168.38438393065442
2023-10-08,Beauty,Face Serum,28,0.06976823346473358,6,156.27893677792474
2023-10-08,Beauty,Hair Dryer,55,0.08442270382016107,5,251.78375644945572
2023-10-08,Beauty,Perfume,60,0.03398586598352575,5,289.8042402049423
2023-10-09,Electronics,Wireless Headphones,65,0.0515768804602072,3,184.9425083102596
2023-10-09,Electronics,Smart Watch,85,0.05470911729670359,7,562.4480752084613
2023-10-09,Electronics,Bluetooth Speaker,48,0.0721309504273105,9,400.83942941540187
2023-10-09,Home,Air Fryer,110,0.056766455846305686,5,518.7784492845319
2023-10-09,Home,Coffee Maker,75,0.08376519447517074,2,137.4352208287244
2023-10-09,Home,LED Lamp,32,0.043686062988520104,2,61.204091968734716
2023-10-09,Fashion,Hoodie,38,0.08888458476001834,2,69.2447715582386
2023-10-09,Fashion,Sneakers,72,0.03587734722129997,3,208.2504930001992
2023-10-09,Fashion,Backpack,45,0.04976608349578781,4,171.0421049707582
2023-10-09,Beauty,Face Serum,28,0.07068765832412666,4,104.08298226769782
2023-10-09,Beauty,Hair Dryer,55,0.06012948415107217,7,361.8501486018372
2023-10-09,Beauty,Perfume,60,0.08839363678056655,3,164.089145379498
2023-10-10,Electronics,Wireless Headphones,65,0.08723496978572176,5,296.64863481964045
2023-10-10,Electronics,Smart Watch,85,0.05767220551732648,2,160.1957250620545
2023-10-10,Electronics,Bluetooth Speaker,48,0.04575064287428408,2,91.60793828406872
2023-10-10,Home,Air Fryer,110,0.06778165460261684,3,307.63205398113644
2023-10-10,Home,Coffee Maker,75,0.06148047558029573,4,281.5558573259113
2023-10-10,Home,LED Lamp,32,0.06485370116014837,5,149.62340781437626
2023-10-10,Fashion,Hoodie,38,0.06992491950896282,4,141.37141223463766
2023-10-10,Fashion,Sneakers,72,0.010262318905690564,4,285.04445215516114
2023-10-10,Fashion,Backpack,45,0.02533542970370299,5,219.29952831666682
2023-10-10,Beauty,Face Serum,28,0.0408651790979191,3,80.5673249557748
2023-10-10,Beauty,Hair Dryer,55,0.04375770435691317,3,157.77997878110932
2023-10-10,Beauty,Perfume,60,0.08761912254994023,3,164.22855794101076
2023-10-11,Electronics,Wireless Headphones,65,0.0421729006373389,5,311.29380729286487
2023-10-11,Electronics,Smart Watch,85,0.060619965766651136,3,239.54190872950394
2023-10-11,Electronics,Bluetooth Speaker,48,0.06046973522672591,6,270.5847162547029
2023-10-11,Home,Air Fryer,110,0.04203241829006319,3,316.12930196427914
2023-10-11,Home,Coffee Maker,75,0.07330304561201674,2,139.0045431581975
2023-10-11,Home,LED Lamp,32,0.09033671723930685,3,87.32767514502655
2023-10-11,Fashion,Hoodie,38,0.0693221665072129,7,247.56030370908138
2023-10-11,Fashion,Sneakers,72,0.0854671210413338,5,329.2318364251198
2023-10-11,Fashion,Backpack,45,0.04907193627735665,4,171.16705147007582
2023-10-11,Beauty,Face Serum,28,0.016469025234128125,3,82.61660188033323
2023-10-11,Beauty,Hair Dryer,55,0.01546676360295781,5,270.7466400091866
2023-10-11,Beauty,Perfume,60,0.05133913205642246,4,227.6786083064586
2023-10-12,Electronics,Wireless Headphones,65,0.023365792814399402,5,317.4061173353202
2023-10-12,Electronics,Smart Watch,85,0.09432382635373722,6,461.894848559594
2023-10-12,Electronics,Bluetooth Speaker,48,0.05601800726449501,2,90.62227130260848
2023-10-12,Home,Air Fryer,110,0.06157717040405672,3,309.6795337666613
2023-10-12,Home,Coffee Maker,75,0.019036939825236344,5,367.8611475655364
2023-10-12,Home,LED Lamp,32,0.05578258230454652,2,60.429914732509026
2023-10-12,Fashion,Hoodie,38,0.06413908612753898,8,284.50171781722815
2023-10-12,Fashion,Sneakers,72,0.04117027782175721,6,414.2144399810009
2023-10-12,Fashion,Backpack,45,0.049817961371536094,2,85.51638347656176
2023-10-12,Beauty,Face Serum,28,0.05731163626701963,5,131.97637092261726
2023-10-12,Beauty,Hair Dryer,55,0.06017194321295872,4,206.76217249314908
2023-10-12,Beauty,Perfume,60,0.0,5,300.0
2023-10-13,Electronics,Wireless Headphones,65,0.030652210012039383,5,315.0380317460872
2023-10-13,Electronics,Smart Watch,85,0.09489127995837883,2,153.8684824070756
2023-10-13,Electronics,Bluetooth Speaker,48,0.061953293091085465,3,135.0787257948837
2023-10-13,Home,Air Fryer,110,0.026922188215339357,4,428.1542371852507
2023-10-13,Home,Coffee Maker,75,0.02266687103721666,1,73.29998467220875
2023-10-13,Home,LED Lamp,32,0.07029915239379703,2,59.50085424679699
2023-10-13,Fashion,Hoodie,38,0.09216064189838148,1,34.4978956078615
2023-10-13,Fashion,Sneakers,72,0.055071142459487174,3,204.10463322875077
2023-10-13,Fashion,Backpack,45,0.06297840147279879,11,463.8256912709646
2023-10-13,Beauty,Face Serum,28,0.06613330122141706,2,52.29653513160065
2023-10-13,Beauty,Hair Dryer,55,0.07794919102564361,2,101.42558898717921
2023-10-13,Beauty,Perfume,60,0.0,6,360.0
2023-10-14,Electronics,Wireless Headphones,65,0.0919488852480931,5,295.11661229436976
2023-10-14,Electronics,Smart Watch,85,0.07668038187920405,7,549.3751727818736
2023-10-14,Electronics,Bluetooth Speaker,48,0.05519430164025304,6,272.1040411276071
2023-10-14,Home,Air Fryer,110,0.07816345704456232,3,304.20605917529446
2023-10-14,Home,Coffee Maker,75,0.021733520904918993,1,73.36998593213107
2023-10-14,Home,LED Lamp,32,0.05027080151198118,6,182.3480061096996
2023-10-14,Fashion,Hoodie,38,0.05504750220641845,6,215.4491694969366
2023-10-14,Fashion,Sneakers,72,0.006332232816470093,4,286.1763169488566
2023-10-14,Fashion,Backpack,45,0.04435470746124123,7,301.028267149709
2023-10-14,Beauty,Face Serum,28,0.044071949450634085,4,107.06394166152899
2023-10-14,Beauty,Hair Dryer,55,0.056505024539321456,2,103.78444730067464
2023-10-14,Beauty,Perfume,60,0.05460169551923807,1,56.723898268845716
2023-10-15,Electronics,Wireless Headphones,65,0.011476517436200345,8,514.0322109331759
2023-10-15,Electronics,Smart Watch,85,0.02979732841861715,4,329.8689083376702
2023-10-15,Electronics,Bluetooth Speaker,48,0.07734142019740578,5,221.43805915262263
2023-10-15,Home,Air Fryer,110,0.01882210304074887,1,107.92956866551764
2023-10-15,Home,Coffee Maker,75,0.026879408100504883,2,145.96808878492425
2023-10-15,Home,LED Lamp,32,0.027959929997674184,2,62.210564480148854
2023-10-15,Fashion,Hoodie,38,0.044241975969362746,4,145.27521965265686
2023-10-15,Fashion,Sneakers,72,0.0669226427269908,5,335.9078486182833
2023-10-15,Fashion,Backpack,45,0.045270139503943575,1,42.96284372232254
2023-10-15,Beauty,Face Serum,28,0.06655825142958799,1,26.136368959971538
2023-10-15,Beauty,Hair Dryer,55,0.0743529478711847,1,50.91058786708484
2023-10-15,Beauty,Perfume,60,0.025264768699481896,4,233.93645551212435
2023-10-16,Electronics,Wireless Headphones,65,0.07188389368675166,2,120.65509382072229
2023-10-16,Electronics,Smart Watch,85,0.0464636054899722,6,486.3035612001142
2023-10-16,Electronics,Bluetooth Speaker,48,0.08489437912426268,3,131.77520940610617
2023-10-16,Home,Air Fryer,110,0.07745071242897983,2,202.96084326562445
2023-10-16,Home,Coffee Maker,75,0.07379629503453186,4,277.86111148964045
2023-10-16,Home,LED Lamp,32,0.09158829967209273,6,174.4150464629582
2023-10-16,Fashion,Hoodie,38,0.008490818833623834,7,263.74144219025607
2023-10-16,Fashion,Sneakers,72,0.0,2,144.0
2023-10-16,Fashion,Backpack,45,0.03245184701128348,6,261.2380013069535
2023-10-16,Beauty,Face Serum,28,0.08160062274930309,5,128.57591281509755
2023-10-16,Beauty,Hair Dryer,55,0.07452651573683595,4,203.60416653789608
2023-10-16,Beauty,Perfume,60,0.020020894500344152,3,176.39623898993804
2023-10-17,Electronics,Wireless Headphones,65,0.0632472004139766,8,487.1114557847322
2023-10-17,Electronics,Smart Watch,85,0.025524931369988915,2,165.6607616671019
2023-10-17,Electronics,Bluetooth Speaker,48,0.0,9,432.0
2023-10-17,Home,Air Fryer,110,0.036719680705754765,3,317.8825053671009
2023-10-17,Home,Coffee Maker,75,0.04373644355432296,2,143.43953346685157
2023-10-17,Home,LED Lamp,32,0.02385309648276429,3,93.71010273765462
2023-10-17,Fashion,Hoodie,38,0.06712018801117438,9,319.04489570017836
2023-10-17,Fashion,Sneakers,72,0.0653215213935257,1,67.29685045966616
2023-10-17,Fashion,Backpack,45,0.08189095691904306,6,247.88944163185838
2023-10-17,Beauty,Face Serum,28,0.08652127094570007,4,102.30961765408159
2023-10-17,Beauty,Hair Dryer,55,0.030858808018346357,3,159.90829667697284
2023-10-17,Beauty,Perfume,60,0.058236272727681185,0,0.0
2023-10-18,Electronics,Wireless Headphones,65,0.049380203073293945,6,370.74172080141534
2023-10-18,Electronics,Smart Watch,85,0.06223511375403612,1,79.71001533090693
2023-10-18,Electronics,Bluetooth Speaker,48,0.06717210405488883,2,89.55147801073068
2023-10-18,Home,Air Fryer,110,0.03689162828500897,5,529.7096044432451
2023-10-18,Home,Coffee Maker,75,0.03954233340743486,2,144.06864998888477
2023-10-18,Home,LED Lamp,32,0.04332803880394943,2,61.22700551654724
2023-10-18,Fashion,Hoodie,38,0.05704659596149849,6,214.99337612077835
2023-10-18,Fashion,Sneakers,72,0.05382043984896441,4,272.4997133234982
2023-10-18,Fashion,Backpack,45,0.05925064961120534,1,42.33372076749576
2023-10-18,Beauty,Face Serum,28,0.08732512717395396,2,51.10979287825858
2023-10-18,Beauty,Hair Dryer,55,0.058056498883730226,4,207.22757024557936
2023-10-18,Beauty,Perfume,60,0.058920455461599054,2,112.92954534460812
2023-10-19,Electronics,Wireless Headphones,65,0.06302676036453099,4,243.61304230522194
2023-10-19,Electronics,Smart Watch,85,0.06462409826163473,3,238.52085494328315
2023-10-19,Electronics,Bluetooth Speaker,48,0.06544557025639818,2,89.71722525538577
2023-10-19,Home,Air Fryer,110,0.07198339493596403,1,102.08182655704395
2023-10-19,Home,Coffee Maker,75,0.07374118712090247,0,0.0
2023-10-19,Home,LED Lamp,32,0.05388125812602435,6,181.6547984398033
2023-10-19,Fashion,Hoodie,38,0.03340829581415879,4,146.92193903624786
2023-10-19,Fashion,Sneakers,72,0.013581203188708202,3,213.06646011123905
2023-10-19,Fashion,Backpack,45,0.09895933889315608,9,364.92146774827177
2023-10-19,Beauty,Face Serum,28,0.06258863623464855,8,209.98014548343872
2023-10-19,Beauty,Hair Dryer,55,0.05775939622589848,1,51.82323320757558
2023-10-19,Beauty,Perfume,60,0.015710389375904604,3,177.17212991233717
2023-10-20,Electronics,Wireless Headphones,65,0.07310578795808036,6,361.48874269634865
2023-10-20,Electronics,Smart Watch,85,0.07147800419552079,2,157.8487392867615
2023-10-20,Electronics,Bluetooth Speaker,48,0.09148817933673391,3,130.82570217551032
2023-10-20,Home,Air Fryer,110,0.035577338433231694,4,424.34597108937805
2023-10-20,Home,Coffee Maker,75,0.05677655761994249,3,212.22527453551294
2023-10-20,Home,LED Lamp,32,0.038490714903362956,7,215.37807986164668
2023-10-20,Fashion,Hoodie,38,0.0843971291478939,5,173.96454546190017
2023-10-20,Fashion,Sneakers,72,0.07180905229033273,7,467.8082376456723
2023-10-20,Fashion,Backpack,45,0.008695405889739216,4,178.43482693984694
2023-10-20,Beauty,Face Serum,28,0.0,3,84.0
2023-10-20,Beauty,Hair Dryer,55,0.038127918872772684,5,264.5148223099875
2023-10-20,Beauty,Perfume,60,0.05199250096936941,6,341.28269965102703
2023-10-21,Electronics,Wireless Headphones,65,0.07956666095174497,6,358.9690022288195
2023-10-21,Electronics,Smart Watch,85,0.03187907273918801,2,164.58055763433805
2023-10-21,Electronics,Bluetooth Speaker,48,0.01631009120100966,5,236.08557811175768
2023-10-21,Home,Air Fryer,110,0.06875110964652842,4,409.7495117555275
2023-10-21,Home,Coffee Maker,75,0.07282025949568093,2,139.07696107564786
2023-10-21,Home,LED Lamp,32,0.02519467703106302,5,155.96885167502992
2023-10-21,Fashion,Hoodie,38,0.02400014115137434,9,333.79195172622997
2023-10-21,Fashion,Sneakers,72,0.00901948308055213,6,428.1035833092015
2023-10-21,Fashion,Backpack,45,0.07231515130644679,3,125.23745457362968
2023-10-21,Beauty,Face Serum,28,0.017851389607402644,7,192.5011276369491
2023-10-21,Beauty,Hair Dryer,55,0.09552624987119204,5,248.7302812854222
2023-10-21,Beauty,Perfume,60,0.0659699371556973,1,56.04180377065816
2023-10-22,Electronics,Wireless Headphones,65,0.036283875719773206,5,313.2077403910737
2023-10-22,Electronics,Smart Watch,85,0.011744338960176189,3,252.00519356515505
2023-10-22,Electronics,Bluetooth Speaker,48,0.09628709618907251,0,0.0
2023-10-22,Home,Air Fryer,110,0.049819952894129965,2,209.0396103632914
2023-10-22,Home,Coffee Maker,75,0.0,0,0.0
2023-10-22,Home,LED Lamp,32,0.04784877333158275,7,213.28187477372546
2023-10-22,Fashion,Hoodie,38,0.06562340976329012,4,142.0252417159799
2023-10-22,Fashion,Sneakers,72,0.042214418895905347,7,482.72393287646366
2023-10-22,Fashion,Backpack,45,0.04901820953850563,6,256.76508342460346
2023-10-22,Beauty,Face Serum,28,0.03132979029987919,8,216.98212697282707
2023-10-22,Beauty,Hair Dryer,55,0.0491440795689221,2,104.59415124741857
2023-10-22,Beauty,Perfume,60,0.08306012694285841,8,440.13113906742797
2023-10-23,Electronics,Wireless Headphones,65,0.011682940841484586,4,256.962435381214
2023-10-23,Electronics,Smart Watch,85,0.08082886774960786,5,390.64773120641667
2023-10-23,Electronics,Bluetooth Speaker,48,0.0351364660640553,4,185.2537985157014
2023-10-23,Home,Air Fryer,110,0.03681330549615169,5,529.7526819771166
2023-10-23,Home,Coffee Maker,75,0.08188111317706179,2,137.71783302344073
2023-10-23,Home,LED Lamp,32,0.08457030008464292,1,29.293750397291426
2023-10-23,Fashion,Hoodie,38,0.06717627076080601,5,177.23650855544685
2023-10-23,Fashion,Sneakers,72,0.018799774910528384,7,494.52491344509366
2023-10-23,Fashion,Backpack,45,0.02743946921815166,2,87.53044777036635
2023-10-23,Beauty,Face Serum,28,0.031515223622458774,3,81.35272121571347
2023-10-23,Beauty,Hair Dryer,55,0.024354920234401417,4,214.64191754843168
2023-10-23,Beauty,Perfume,60,0.04230545453424332,4,229.84669091178162
2023-10-24,Electronics,Wireless Headphones,65,0.043056623441485066,4,248.80527790521387
2023-10-24,Electronics,Smart Watch,85,0.03142296395835217,3,246.9871441906202
2023-10-24,Electronics,Bluetooth Speaker,48,0.030490427435901538,6,279.21875689846036
2023-10-24,Home,Air Fryer,110,0.04462064279854215,3,315.2751878764811
2023-10-24,Home,Coffee Maker,75,0.11055464867416957,1,66.70840134943728
2023-10-24,Home,LED Lamp,32,0.09016005029778826,4,116.4595135618831
2023-10-24,Fashion,Hoodie,38,0.05658224061144024,1,35.84987485676527
2023-10-24,Fashion,Sneakers,72,0.05130597962165941,0,0.0
2023-10-24,Fashion,Backpack,45,0.05953834078091227,0,0.0
2023-10-24,Beauty,Face Serum,28,0.08174157870662013,3,77.13370738864391
2023-10-24,Beauty,Hair Dryer,55,0.006735196915543522,2,109.25912833929021
2023-10-24,Beauty,Perfume,60,0.035162218448243215,5,289.45133446552705
2023-10-25,Electronics,Wireless Headphones,65,0.06171025025566883,6,365.9330024002892
2023-10-25,Electronics,Smart Watch,85,0.02808944423848711,5,413.06198619864296
2023-10-25,Electronics,Bluetooth Speaker,48,0.0,6,288.0
2023-10-25,Home,Air Fryer,110,0.06571162205485617,4,411.0868862958633
2023-10-25,Home,Coffee Maker,75,0.03881454286078782,2,144.17781857088184
2023-10-25,Home,LED Lamp,32,0.11367697860919973,5,141.81168342252803
2023-10-25,Fashion,Hoodie,38,0.07299027565093283,5,176.13184762632275
2023-10-25,Fashion,Sneakers,72,0.0,3,216.0
2023-10-25,Fashion,Backpack,45,0.04406237302295191,3,129.0515796419015
2023-10-25,Beauty,Face Serum,28,0.09644790441021533,3,75.89837602954191
2023-10-25,Beauty,Hair Dryer,55,0.054492632782734,3,156.0087155908489
2023-10-25,Beauty,Perfume,60,0.07091638986363993,3,167.23504982454483
2023-10-26,Electronics,Wireless Headphones,65,0.07739030092816761,5,299.84815219834553
2023-10-26,Electronics,Smart Watch,85,0.025901349078245824,4,331.1935413133964
2023-10-26,Electronics,Bluetooth Speaker,48,0.06924872873428531,3,134.0281830622629
2023-10-26,Home,Air Fryer,110,0.046424636923568956,4,419.5731597536297
2023-10-26,Home,Coffee Maker,75,0.057564525695955396,4,282.73064229121337
2023-10-26,Home,LED Lamp,32,0.026411873977275215,4,124.61928013090878
2023-10-26,Fashion,Hoodie,38,0.04990171400975061,5,180.51867433814738
2023-10-26,Fashion,Sneakers,72,0.06918461922571702,7,469.1309519102386
2023-10-26,Fashion,Backpack,45,0.05091827460928875,4,170.834710570328
2023-10-26,Beauty,Face Serum,28,0.04735820811314838,0,0.0
2023-10-26,Beauty,Hair Dryer,55,0.0336550835024064,3,159.44691122210293
2023-10-26,Beauty,Perfume,60,0.0,1,60.0
2023-10-27,Electronics,Wireless Headphones,65,0.05599474388547167,1,61.36034164744434
2023-10-27,Electronics,Smart Watch,85,0.05232486899196743,4,322.20954454273107
2023-10-27,Electronics,Bluetooth Speaker,48,0.04457167269618724,2,91.72111942116602
2023-10-27,Home,Air Fryer,110,0.06483091751537186,4,411.4743962932364
2023-10-27,Home,Coffee Maker,75,0.02008016908059095,3,220.48196195686702
2023-10-27,Home,LED Lamp,32,0.033861523841010266,8,247.33144989670137
2023-10-27,Fashion,Hoodie,38,0.0,7,266.0
2023-10-27,Fashion,Sneakers,72,0.059424731769142244,3,203.16425793786527
2023-10-27,Fashion,Backpack,45,0.06674471714728158,4,167.98595091348932
2023-10-27,Beauty,Face Serum,28,0.057221781810564316,1,26.397790109304196
2023-10-27,Beauty,Hair Dryer,55,0.09283728889409955,5,249.46974555412262
2023-10-27,Beauty,Perfume,60,0.015121496726904306,5,295.4635509819287
2023-10-28,Electronics,Wireless Headphones,65,0.07429082524357698,5,300.8554817958375
2023-10-28,Electronics,Smart Watch,85,0.0314640551799958,3,246.97666592910107
2023-10-28,Electronics,Bluetooth Speaker,48,0.043855829785614774,10,458.94920170290493
2023-10-28,Home,Air Fryer,110,0.023723596044958425,5,536.9520221752729
2023-10-28,Home,Coffee Maker,75,0.03552696543640196,2,144.6709551845397
2023-10-28,Home,LED Lamp,32,0.052091115055565684,3,90.9992529546657
2023-10-28,Fashion,Hoodie,38,0.007117510372381328,4,150.91813842339803
2023-10-28,Fashion,Sneakers,72,0.06053105721603123,2,135.2835277608915
2023-10-28,Fashion,Backpack,45,0.06916654076188579,6,251.32503399429083
2023-10-28,Beauty,Face Serum,28,0.061000657790984604,3,78.87594474555729
2023-10-28,Beauty,Hair Dryer,55,0.05609531247666562,1,51.91475781378339
2023-10-28,Beauty,Perfume,60,0.068649295974852,6,335.2862534490533
2023-10-29,Electronics,Wireless Headphones,65,0.03396746264304207,5,313.9605746410113
2023-10-29,Electronics,Smart Watch,85,0.077589844430952,2,156.80972644673815
2023-10-29,Electronics,Bluetooth Speaker,48,0.039269404136097114,1,46.115068601467335
2023-10-29,Home,Air Fryer,110,0.04061877131467069,3,316.59580546615865
2023-10-29,Home,Coffee Maker,75,0.05957207381758857,9,634.7888501731277
2023-10-29,Home,LED Lamp,32,0.06273364917153984,3,89.97756967953218
2023-10-29,Fashion,Hoodie,38,0.030542757868246714,5,184.19687600503312
2023-10-29,Fashion,Sneakers,72,0.05007387418086446,2,136.7893621179555
2023-10-29,Fashion,Backpack,45,0.06422894539448384,4,168.4387898289929
2023-10-29,Beauty,Face Serum,28,0.04324486198968696,7,187.52400705002137
2023-10-29,Beauty,Hair Dryer,55,0.04821292908377244,4,209.39315560157007
2023-10-29,Beauty,Perfume,60,0.08086604674288637,0,0.0
2023-10-30,Electronics,Wireless Headphones,65,0.05319590666344638,3,184.62679820062795
2023-10-30,Electronics,Smart Watch,85,0.03689310300905527,1,81.86408624423031
2023-10-30,Electronics,Bluetooth Speaker,48,0.025399872156907113,5,233.9040306823423
2023-10-30,Home,Air Fryer,110,0.021382837887899183,3,322.9436634969933
2023-10-30,Home,Coffee Maker,75,0.05460845165510629,4,283.6174645034681
2023-10-30,Home,LED Lamp,32,0.054770531796623126,3,90.74202894752418
2023-10-30,Fashion,Hoodie,38,0.0686206583717131,4,141.56965992749963
2023-10-30,Fashion,Sneakers,72,0.027651689117970626,3,210.02723515051832
2023-10-30,Fashion,Backpack,45,0.04898687332185831,6,256.77354420309825
2023-10-30,Beauty,Face Serum,28,0.032122980412150046,7,189.7038958392186
2023-10-30,Beauty,Hair Dryer,55,0.052499002995575667,2,104.22510967048667
2023-10-30,Beauty,Perfume,60,0.04433322903009117,5,286.7000312909726
2023-10-31,Electronics,Wireless Headphones,65,0.04311678614869186,4,248.7896356013401
2023-10-31,Electronics,Smart Watch,85,0.0750275022961479,5,393.11331152413715
2023-10-31,Electronics,Bluetooth Speaker,48,0.04321710247097176,2,91.8511581627867
2023-10-31,Home,Air Fryer,110,0.03884061216644476,4,422.9101306467643
2023-10-31,Home,Coffee Maker,75,0.03819664856076309,1,72.13525135794276
2023-10-31,Home,LED Lamp,32,0.024724000154626048,4,124.83532798020786
2023-10-31,Fashion,Hoodie,38,0.045737047418882466,5,181.30996099041232
2023-10-31,Fashion,Sneakers,72,0.07120649562813575,1,66.87313231477422
2023-10-31,Fashion,Backpack,45,0.06227907713023629,4,168.78976611655747
2023-10-31,Beauty,Face Serum,28,0.0831615812531353,3,77.01442717473664
2023-10-31,Beauty,Hair Dryer,55,0.10318110807506753,1,49.32503905587129
2023-10-31,Beauty,Perfume,60,0.052008377630995216,3,170.63849202642086
2023-11-01,Electronics,Wireless Headphones,65,0.04225074320519431,8,498.02961353329897
2023-11-01,Electronics,Smart Watch,85,0.04240519285483231,3,244.18667582201775
2023-11-01,Electronics,Bluetooth Speaker,48,0.07265307096365749,5,222.5632629687222
2023-11-01,Home,Air Fryer,110,0.07103492565953733,5,510.9307908872545
2023-11-01,Home,Coffee Maker,75,0.0429114404644297,2,143.56328393033553
2023-11-01,Home,LED Lamp,32,0.045384920283739555,4,122.19073020368134
2023-11-01,Fashion,Hoodie,38,0.09521120500964847,0,0.0
2023-11-01,Fashion,Sneakers,72,0.09681771217208265,6,390.1747483416603
2023-11-01,Fashion,Backpack,45,0.05048651736031118,7,299.096747031502
2023-11-01,Beauty,Face Serum,28,0.1172893678262054,5,123.57948850433125
2023-11-01,Beauty,Hair Dryer,55,0.023988059141067497,1,53.68065674724129
2023-11-01,Beauty,Perfume,60,0.05894069816038743,3,169.39067433113027
2023-11-02,Electronics,Wireless Headphones,65,0.006930869483432842,8,516.3959478686149
2023-11-02,Electronics,Smart Watch,85,0.04537091444387653,4,324.573889089082
2023-11-02,Electronics,Bluetooth Speaker,48,0.04314500119626415,4,183.7161597703173
2023-11-02,Home,Air Fryer,110,0.014382302173131585,0,0.0
2023-11-02,Home,Coffee Maker,75,0.07479829908803112,3,208.170382705193
2023-11-02,Home,LED Lamp,32,0.08071467247503984,4,117.6685219231949
2023-11-02,Fashion,Hoodie,38,0.026390805266055754,11,406.9686433987887
2023-11-02,Fashion,Sneakers,72,0.0236943147656459,2,140.588018673747
2023-11-02,Fashion,Backpack,45,0.059517537187111114,5,211.60855413290003
2023-11-02,Beauty,Face Serum,28,0.04290158764923342,4,107.19502218328586
2023-11-02,Beauty,Hair Dryer,55,0.07457601301519608,3,152.69495785249265
2023-11-02,Beauty,Perfume,60,0.03248351332824212,7,406.3569244021383
2023-11-03,Electronics,Wireless Headphones,65,0.06309570026619944,4,243.59511793078812
2023-11-03,Electronics,Smart Watch,85,0.017688843407715406,2,166.99289662068838
2023-11-03,Electronics,Bluetooth Speaker,48,0.04701963801456592,3,137.22917212590252
2023-11-03,Home,Air Fryer,110,0.015716532701442312,2,216.54236280568267
2023-11-03,Home,Coffee Maker,75,0.04193817869814219,3,215.563909792918
2023-11-03,Home,LED Lamp,32,0.07620474103720457,5,147.80724143404728
2023-11-03,Fashion,Hoodie,38,0.036625050706095175,6,219.6494884390103
2023-11-03,Fashion,Sneakers,72,0.009707251889358795,2,142.6021557279323
2023-11-03,Fashion,Backpack,45,0.05021310708175313,4,170.96164072528444
2023-11-03,Beauty,Face Serum,28,0.08111552516983296,4,102.91506118097871
2023-11-03,Beauty,Hair Dryer,55,0.047221208470163006,1,52.40283353414104
2023-11-03,Beauty,Perfume,60,0.018648928391801788,3,176.64319288947567
2023-11-04,Electronics,Wireless Headphones,65,0.025274142878762503,2,126.71436142576087
2023-11-04,Electronics,Smart Watch,85,0.02570357822959054,1,82.8151958504848
2023-11-04,Electronics,Bluetooth Speaker,48,0.08400982303891644,2,87.93505698826402
2023-11-04,Home,Air Fryer,110,0.025171145089335715,1,107.23117404017307
2023-11-04,Home,Coffee Maker,75,0.0657252561907746,6,420.42363471415143
2023-11-04,Home,LED Lamp,32,0.08093925165292967,4,117.639775788425
2023-11-04,Fashion,Hoodie,38,0.06785853131904893,8,283.3710064790091
2023-11-04,Fashion,Sneakers,72,0.02325120104302332,1,70.32591352490232
2023-11-04,Fashion,Backpack,45,0.01832074331481611,3,132.52669965249981
2023-11-04,Beauty,Face Serum,28,0.05807088588581478,3,79.12204558559156
2023-11-04,Beauty,Hair Dryer,55,0.10151705562623298,4,197.66624776222872
2023-11-04,Beauty,Perfume,60,0.061648162207078736,1,56.301110267575275
2023-11-05,Electronics,Wireless Headphones,65,0.04850936481007239,9,556.6220215861076
2023-11-05,Electronics,Smart Watch,85,0.044731670605426585,1,81.19780799853874
2023-11-05,Electronics,Bluetooth Speaker,48,0.06199711370204833,3,135.07241562690504
2023-11-05,Home,Air Fryer,110,0.05666012688640298,3,311.302158127487
2023-11-05,Home,Coffee Maker,75,0.02818761550110548,2,145.77185767483417
2023-11-05,Home,LED Lamp,32,0.029363672810059718,4,124.24144988031236
2023-11-05,Fashion,Hoodie,38,0.038847738662202834,6,219.14271558501775
2023-11-05,Fashion,Sneakers,72,0.04333396768880085,5,344.39977163203173
2023-11-05,Fashion,Backpack,45,0.04217485467859021,5,215.5106576973172
2023-11-05,Beauty,Face Serum,28,0.09035270932891569,6,152.82074483274215
2023-11-05,Beauty,Hair Dryer,55,0.033393266810110595,3,159.49011097633175
2023-11-05,Beauty,Perfume,60,0.0742751125933524,3,166.63047973319658
2023-11-06,Electronics,Wireless Headphones,65,0.0701280880352587,5,302.2083713885409
2023-11-06,Electronics,Smart Watch,85,0.046181269653854426,4,324.2983683176895
2023-11-06,Electronics,Bluetooth Speaker,48,0.05717679056016954,3,135.7665421593356
2023-11-06,Home,Air Fryer,110,0.012118163007648397,2,217.33400413831737
2023-11-06,Home,Coffee Maker,75,0.047815057692612364,2,142.82774134610813
2023-11-06,Home,LED Lamp,32,0.06699982304088076,8,238.8480453015345
2023-11-06,Fashion,Hoodie,38,0.08594047280848528,1,34.73426203327756
2023-11-06,Fashion,Sneakers,72,0.10444619631681526,1,64.4798738651893
2023-11-06,Fashion,Backpack,45,0.11479806527101692,7,278.8386094396297
2023-11-06,Beauty,Face Serum,28,0.04995459096424425,7,186.2089001710081
2023-11-06,Beauty,Hair Dryer,55,0.06552661461432238,8,411.1682895696981
2023-11-06,Beauty,Perfume,60,0.06852510898837039,4,223.5539738427911
2023-11-07,Electronics,Wireless Headphones,65,0.07467744353460118,4,240.5838646810037
2023-11-07,Electronics,Smart Watch,85,0.06271544474820293,3,239.00756158920825
2023-11-07,Electronics,Bluetooth Speaker,48,0.10942506764263943,1,42.74759675315331
2023-11-07,Home,Air Fryer,110,0.11801307818593895,1,97.01856139954671
2023-11-07,Home,Coffee Maker,75,0.0,3,225.0
2023-11-07,Home,LED Lamp,32,0.048924349575985654,2,60.868841627136916
2023-11-07,Fashion,Hoodie,38,0.08465186072207416,1,34.78322929256118
2023-11-07,Fashion,Sneakers,72,0.027524898089667595,1,70.01820733754393
2023-11-07,Fashion,Backpack,45,0.0398728708051531,4,172.82288325507244
2023-11-07,Beauty,Face Serum,28,0.06804983371714546,1,26.094604655919927
2023-11-07,Beauty,Hair Dryer,55,0.013574234934711521,2,108.50683415718173
2023-11-07,Beauty,Perfume,60,0.04818281316041162,5,285.5451560518765
2023-11-08,Electronics,Wireless Headphones,65,0.008267610458488117,8,515.7008425615862
2023-11-08,Electronics,Smart Watch,85,0.05419195088687438,4,321.57473669846274
2023-11-08,Electronics,Bluetooth Speaker,48,0.07393180413199409,4,177.80509360665712
2023-11-08,Home,Air Fryer,110,0.02231774601295382,2,215.09009587715016
2023-11-08,Home,Coffee Maker,75,0.05212623055491736,2,142.18106541676238
2023-11-08,Home,LED Lamp,32,0.0938550304816351,4,115.9865560983507
2023-11-08,Fashion,Hoodie,38,0.05213905660742457,3,108.05614754675359
2023-11-08,Fashion,Sneakers,72,0.07355316479578002,3,200.11251640411152
2023-11-08,Fashion,Backpack,45,0.00411236619644724,5,224.07471760579935
2023-11-08,Beauty,Face Serum,28,0.04534929296094305,5,133.65109898546797
2023-11-08,Beauty,Hair Dryer,55,0.01918983282686873,4,215.77823677808888
2023-11-08,Beauty,Perfume,60,0.034193860533038814,5,289.74184184008834
2023-11-09,Electronics,Wireless Headphones,65,0.03505817937380094,2,125.44243668140588
2023-11-09,Electronics,Smart Watch,85,0.06726857549677939,4,317.128684331095
2023-11-09,Electronics,Bluetooth Speaker,48,0.045450442146648534,4,183.27351510784348
2023-11-09,Home,Air Fryer,110,0.049721155408516696,5,522.6533645253159
2023-11-09,Home,Coffee Maker,75,0.03818329249291196,2,144.2725061260632
2023-11-09,Home,LED Lamp,32,0.05755498472167757,3,90.47472146671896
2023-11-09,Fashion,Hoodie,38,0.03653039950580904,4,146.44737927511702
2023-11-09,Fashion,Sneakers,72,0.06143404885891197,6,405.46049089295
2023-11-09,Fashion,Backpack,45,0.04646828782591269,2,85.81785409566785
2023-11-09,Beauty,Face Serum,28,0.06662751738053094,2,52.268859026690265
2023-11-09,Beauty,Hair Dryer,55,0.03607780997592484,4,212.06288180529654
2023-11-09,Beauty,Perfume,60,0.05681729888390068,4,226.36384826786386
2023-11-10,Electronics,Wireless Headphones,65,0.07585304384909583,3,180.20865644942631
2023-11-10,Electronics,Smart Watch,85,0.03460195380867334,6,492.3530035575766
2023-11-10,Electronics,Bluetooth Speaker,48,0.10271760904266147,5,215.34777382976125
2023-11-10,Home,Air Fryer,110,0.05908246534651445,3,310.50278643565025
2023-11-10,Home,Coffee Maker,75,0.0,1,75.0
2023-11-10,Home,LED Lamp,32,0.046197474496263345,1,30.521680816119574
2023-11-10,Fashion,Hoodie,38,0.05766407916529953,4,143.23505996687447
2023-11-10,Fashion,Sneakers,72,0.05452391474430994,6,408.4456688304581
2023-11-10,Fashion,Backpack,45,0.06790933965381968,1,41.94407971557811
2023-11-10,Beauty,Face Serum,28,0.03701554412873381,0,0.0
2023-11-10,Beauty,Hair Dryer,55,0.061022053473716587,3,154.93136117683676
2023-11-10,Beauty,Perfume,60,0.0767001869307531,1,55.39798878415481
2023-11-11,Electronics,Wireless Headphones,65,0.013382959664484016,5,320.6505381090427
2023-11-11,Electronics,Smart Watch,85,0.07739059140010092,2,156.84359946198285
2023-11-11,Electronics,Bluetooth Speaker,48,0.06292187367049905,3,134.93925019144814
2023-11-11,Home,Air Fryer,110,0.03577959045856151,4,424.25698019823295
2023-11-11,Home,Coffee Maker,75,0.03558300903414383,4,289.32509728975685
2023-11-11,Home,LED Lamp,32,0.07364234022649975,2,59.28689022550402
2023-11-11,Fashion,Hoodie,38,0.05271584953242872,4,143.98719087107085
2023-11-11,Fashion,Sneakers,72,0.05939808397123243,5,338.6166897703563
2023-11-11,Fashion,Backpack,45,0.0,2,90.0
2023-11-11,Beauty,Face Serum,28,0.05927617463149449,2,52.68053422063631
2023-11-11,Beauty,Hair Dryer,55,0.05606069385094736,4,207.66664735279159
2023-11-11,Beauty,Perfume,60,0.06734928764438664,6,335.7542564480208
2023-11-12,Electronics,Wireless Headphones,65,0.0005974079122548215,10,649.6116848570343
2023-11-12,Electronics,Smart Watch,85,0.08375795158968855,4,311.52229645950587
2023-11-12,Electronics,Bluetooth Speaker,48,0.06113495012599239,4,180.26208957580945
2023-11-12,Home,Air Fryer,110,0.06779823168447778,5,512.7109725735372
2023-11-12,Home,Coffee Maker,75,0.02002229686900724,3,220.49498320447336
2023-11-12,Home,LED Lamp,32,0.021197520978267992,10,313.21679328695427
2023-11-12,Fashion,Hoodie,38,0.0067524099590213355,5,188.71704210778594
2023-11-12,Fashion,Sneakers,72,0.027371970197159534,10,700.2921814580451
2023-11-12,Fashion,Backpack,45,0.07825980342625821,5,207.3915442290919
2023-11-12,Beauty,Face Serum,28,0.05451010361459573,3,79.42115129637396
2023-11-12,Beauty,Hair Dryer,55,0.1121470334486524,1,48.83191316032412
2023-11-12,Beauty,Perfume,60,0.026038915752206057,5,292.1883252743382
2023-11-13,Electronics,Wireless Headphones,65,0.08134751658139375,5,298.56205711104707
2023-11-13,Electronics,Smart Watch,85,0.014951598813021875,5,418.6455705044657
2023-11-13,Electronics,Bluetooth Speaker,48,0.057432606148986445,4,180.9729396193946
2023-11-13,Home,Air Fryer,110,0.024131242443484704,5,536.7278166560834
2023-11-13,Home,Coffee Maker,75,0.012383186205311827,5,370.356305173008
2023-11-13,Home,LED Lamp,32,0.0272514090048724,5,155.6397745592204
2023-11-13,Fashion,Hoodie,38,0.06357120127091351,4,142.33717740682116
2023-11-13,Fashion,Sneakers,72,0.007425776980362994,5,357.32672028706935
2023-11-13,Fashion,Backpack,45,0.047111761320045256,5,214.39985370298982
2023-11-13,Beauty,Face Serum,28,0.05984175234630868,4,105.29772373721342
2023-11-13,Beauty,Hair Dryer,55,0.05135812680820138,3,156.52590907664677
2023-11-13,Beauty,Perfume,60,0.06260944588339797,4,224.97373298798448
2023-11-14,Electronics,Wireless Headphones,65,0.08531745285400039,6,356.7261933869398
2023-11-14,Electronics,Smart Watch,85,0.07250688483094436,2,157.67382957873946
2023-11-14,Electronics,Bluetooth Speaker,48,0.013930744178457015,4,189.32529711773626
2023-11-14,Home,Air Fryer,110,0.03331885584422517,1,106.33492585713523
2023-11-14,Home,Coffee Maker,75,0.08339542204010561,2,137.49068669398414
2023-11-14,Home,LED Lamp,32,0.0637801302893353,4,119.83614332296509
2023-11-14,Fashion,Hoodie,38,0.09743289179580182,1,34.29755011175953
2023-11-14,Fashion,Sneakers,72,0.05223783977032399,3,204.71662660961002
2023-11-14,Fashion,Backpack,45,0.02287928717501322,7,307.7930245398708
2023-11-14,Beauty,Face Serum,28,0.04133948195400101,4,107.36997802115188
2023-11-14,Beauty,Hair Dryer,55,0.05074140101770893,6,313.25533766415606
2023-11-14,Beauty,Perfume,60,0.054330880764340374,4,226.9605886165583
2023-11-15,Electronics,Wireless Headphones,65,0.07595018940138093,4,240.25295075564094
2023-11-15,Electronics,Smart Watch,85,0.025140221517356676,0,0.0
2023-11-15,Electronics,Bluetooth Speaker,48,0.05796726132432645,1,45.217571456432324
2023-11-15,Home,Air Fryer,110,0.025584228356161916,2,214.3714697616444
2023-11-15,Home,Coffee Maker,75,0.06705214137024873,1,69.97108939723134
2023-11-15,Home,LED Lamp,32,0.09832382593556876,4,115.4145502802472
2023-11-15,Fashion,Hoodie,38,0.049615687473445504,2,72.22920775201814
2023-11-15,Fashion,Sneakers,72,0.036595619558865325,3,208.09534617528507
2023-11-15,Fashion,Backpack,45,0.03597170355187772,8,347.050186721324
2023-11-15,Beauty,Face Serum,28,0.0,3,84.0
2023-11-15,Beauty,Hair Dryer,55,0.0,2,110.0
2023-11-15,Beauty,Perfume,60,0.058788581872517696,4,225.89074035059576
2023-11-16,Electronics,Wireless Headphones,65,0.05804535533668985,5,306.1352595155758
2023-11-16,Electronics,Smart Watch,85,0.043935665461078036,3,243.7964053074251
2023-11-16,Electronics,Bluetooth Speaker,48,0.07201617128124942,4,178.1728951140001
2023-11-16,Home,Air Fryer,110,0.0,3,330.0
2023-11-16,Home,Coffee Maker,75,0.02271671382058639,5,366.4812323172801
2023-11-16,Home,LED Lamp,32,0.04623114067811861,5,152.60301749150102
2023-11-16,Fashion,Hoodie,38,0.08380957748074168,4,139.26094422292726
2023-11-16,Fashion,Sneakers,72,0.049729049827792624,4,273.67803364959576
2023-11-16,Fashion,Backpack,45,0.048549306356116234,3,128.4458436419243
2023-11-16,Beauty,Face Serum,28,0.053076811981078435,1,26.513849264529807
2023-11-16,Beauty,Hair Dryer,55,0.07184641976291142,1,51.048446913039875
2023-11-16,Beauty,Perfume,60,0.02931834041720234,5,291.20449787483926
2023-11-17,Electronics,Wireless Headphones,65,0.041882753769483354,2,124.55524200996716
2023-11-17,Electronics,Smart Watch,85,0.06103627459711508,5,399.0595832962261
2023-11-17,Electronics,Bluetooth Speaker,48,0.08484026709981064,1,43.92766717920909
2023-11-17,Home,Air Fryer,110,0.06404435951237632,5,514.775602268193
2023-11-17,Home,Coffee Maker,75,0.03213947898821143,4,290.3581563035366
2023-11-17,Home,LED Lamp,32,0.08850473469681054,2,58.335696979404126
2023-11-17,Fashion,Hoodie,38,0.06746307538589665,8,283.4912250826874
2023-11-17,Fashion,Sneakers,72,0.07756241102650932,3,199.246519218274
2023-11-17,Fashion,Backpack,45,0.07232619245206892,6,250.47192803794138
2023-11-17,Beauty,Face Serum,28,0.05608877752078986,3,79.28854268825364
2023-11-17,Beauty,Hair Dryer,55,0.10585272191953743,2,98.35620058885088
2023-11-17,Beauty,Perfume,60,0.028243711297065627,5,291.5268866108803
2023-11-18,Electronics,Wireless Headphones,65,0.032496161847868674,3,188.6632484396656
2023-11-18,Electronics,Smart Watch,85,0.0522848070425422,7,563.8905398096874
2023-11-18,Electronics,Bluetooth Speaker,48,0.04900077277121665,5,228.23981453490802
2023-11-18,Home,Air Fryer,110,0.03479089560667749,3,318.51900444979645
2023-11-18,Home,Coffee Maker,75,0.035807717274148984,3,216.94326361331647
2023-11-18,Home,LED Lamp,32,0.06212326384046189,5,150.0602777855261
2023-11-18,Fashion,Hoodie,38,0.10861134676408737,7,237.10938176075277
2023-11-18,Fashion,Sneakers,72,0.08001241719108484,6,397.43463577345136
2023-11-18,Fashion,Backpack,45,0.044560810503823066,6,257.96858116396777
2023-11-18,Beauty,Face Serum,28,0.01872076204852268,0,0.0
2023-11-18,Beauty,Hair Dryer,55,0.02569768133991582,1,53.58662752630463
2023-11-18,Beauty,Perfume,60,0.04898713256243504,3,171.1823161387617
2023-11-19,Electronics,Wireless Headphones,65,0.07131084689303101,3,181.09438485585895
2023-11-19,Electronics,Smart Watch,85,0.03889639564482657,3,245.08141911056921
2023-11-19,Electronics,Bluetooth Speaker,48,0.07208446730001906,5,222.69972784799543
2023-11-19,Home,Air Fryer,110,0.08843230842437826,2,200.54489214663678
2023-11-19,Home,Coffee Maker,75,0.050255121302641474,3,213.69259770690567
2023-11-19,Home,LED Lamp,32,0.0068451394719009975,3,95.3428666106975
2023-11-19,Fashion,Hoodie,38,0.010408556974067881,3,112.81342450495626
2023-11-19,Fashion,Sneakers,72,0.03412088868216892,9,625.8896641339545
2023-11-19,Fashion,Backpack,45,0.03586291201162113,7,303.7031827163393
2023-11-19,Beauty,Face Serum,28,0.07828502314938471,4,103.23207740726892
2023-11-19,Beauty,Hair Dryer,55,0.032030959700280935,3,159.71489164945365
2023-11-19,Beauty,Perfume,60,0.0310589398082479,2,116.27292722301024
2023-11-20,Electronics,Wireless Headphones,65,0.08393521910602404,15,893.1631613716265
2023-11-20,Electronics,Smart Watch,85,0.04095172330805645,2,163.0382070376304
2023-11-20,Electronics,Bluetooth Speaker,48,0.10813085927908772,5,214.04859377301895
2023-11-20,Home,Air Fryer,110,0.06523225983086274,7,719.7711599302356
2023-11-20,Home,Coffee Maker,75,0.119279790417981,3,198.16204715595427
2023-11-20,Home,LED Lamp,32,0.03818257016629868,5,153.89078877339222
2023-11-20,Fashion,Hoodie,38,0.0893199943438769,7,242.24088150452874
2023-11-20,Fashion,Sneakers,72,0.10445170053750683,13,838.2332082968936
2023-11-20,Fashion,Backpack,45,0.08510193750082007,9,370.5337153121679
2023-11-20,Beauty,Face Serum,28,0.1035777275827879,8,200.7985890214555
2023-11-20,Beauty,Hair Dryer,55,0.039364427097216714,4,211.33982603861233
2023-11-20,Beauty,Perfume,60,0.09827958321292518,6,324.6193500433469
2023-11-21,Electronics,Wireless Headphones,65,0.05866404568766203,5,305.93418515150984
2023-11-21,Electronics,Smart Watch,85,0.10423873284837296,6,456.83824624732983
2023-11-21,Electronics,Bluetooth Speaker,48,0.06885733107921303,4,178.7793924327911
2023-11-21,Home,Air Fryer,110,0.12148038524935059,2,193.27431524514287
2023-11-21,Home,Coffee Maker,75,0.0550517885435674,4,283.4844634369298
2023-11-21,Home,LED Lamp,32,0.056381309789723374,5,150.97899043364427
2023-11-21,Fashion,Hoodie,38,0.03546434715657898,10,366.5235480805
2023-11-21,Fashion,Sneakers,72,0.091711876347809,5,326.9837245147888
2023-11-21,Fashion,Backpack,45,0.0908029605304507,3,122.74160032838915
2023-11-21,Beauty,Face Serum,28,0.021573459242997015,7,191.7716019883726
2023-11-21,Beauty,Hair Dryer,55,0.05503849941327453,2,103.9457650645398
2023-11-21,Beauty,Perfume,60,0.04368455151889963,2,114.75785381773204
2023-11-22,Electronics,Wireless Headphones,65,0.090189776786422,8,473.1013160710605
2023-11-22,Electronics,Smart Watch,85,0.03600326632773171,5,409.69861181071406
2023-11-22,Electronics,Bluetooth Speaker,48,0.09525507427640453,10,434.27756434732584
2023-11-22,Home,Air Fryer,110,0.03931085313827394,3,317.0274184643696
2023-11-22,Home,Coffee Maker,75,0.10656592484067196,1,67.0075556369496
2023-11-22,Home,LED Lamp,32,0.06932200441093761,7,208.47187101195
2023-11-22,Fashion,Hoodie,38,0.08251171151491372,10,348.6455496243328
2023-11-22,Fashion,Sneakers,72,0.07412554963766457,4,266.6518417043526
2023-11-22,Fashion,Backpack,45,0.11370587767070348,5,199.41617752409172
2023-11-22,Beauty,Face Serum,28,0.12265845428274097,4,98.26225312033301
2023-11-22,Beauty,Hair Dryer,55,0.04173815844932453,4,210.81760514114862
2023-11-22,Beauty,Perfume,60,0.11152782505768326,7,373.15831347577307
2023-11-23,Electronics,Wireless Headphones,65,0.09342194142087726,6,353.5654428458579
2023-11-23,Electronics,Smart Watch,85,0.04506628727846553,4,324.6774623253217
2023-11-23,Electronics,Bluetooth Speaker,48,0.09323103302368249,2,87.04982082972649
2023-11-23,Home,Air Fryer,110,0.0664203783239238,3,308.08127515310514
2023-11-23,Home,Coffee Maker,75,0.08863176161901386,2,136.70523575714793
2023-11-23,Home,LED Lamp,32,0.032191218163832094,4,123.8795240750295
2023-11-23,Fashion,Hoodie,38,0.02402656917665079,6,222.52194222772363
2023-11-23,Fashion,Sneakers,72,0.049593018425888175,5,342.14651336668027
2023-11-23,Fashion,Backpack,45,0.0984906591649026,2,81.13584067515876
2023-11-23,Beauty,Face Serum,28,0.09460125460939614,4,101.40465948374762
2023-11-23,Beauty,Hair Dryer,55,0.08971764770402002,5,250.3276468813945
2023-11-23,Beauty,Perfume,60,0.05006797146598323,10,569.9592171204101
2023-11-24,Electronics,Wireless Headphones,65,0.0922014128888122,4,236.02763264890882
2023-11-24,Electronics,Smart Watch,85,0.09608393008149176,3,230.49859782921962
2023-11-24,Electronics,Bluetooth Speaker,48,0.12668362919827775,4,167.67674319393066
2023-11-24,Home,Air Fryer,110,0.0638750152960659,6,617.8424899045965
2023-11-24,Home,Coffee Maker,75,0.05685009819111372,3,212.2087279069994
2023-11-24,Home,LED Lamp,32,0.08492391870803243,4,117.12973840537185
2023-11-24,Fashion,Hoodie,38,0.07426208753311513,4,140.7121626949665
2023-11-24,Fashion,Sneakers,72,0.10898511204870102,7,449.0715035274547
2023-11-24,Fashion,Backpack,45,0.09005226768026173,8,327.5811836351058
2023-11-24,Beauty,Face Serum,28,0.10984321926205645,6,149.54633916397452
2023-11-24,Beauty,Hair Dryer,55,0.05174151733556741,4,208.61686618617517
2023-11-24,Beauty,Perfume,60,0.07935230837366293,4,220.9554459903209
2023-11-25,Electronics,Wireless Headphones,65,0.11359163926109406,8,460.9323475842311
2023-11-25,Electronics,Smart Watch,85,0.0536962595487884,5,402.17908969176494
2023-11-25,Electronics,Bluetooth Speaker,48,0.07016549816026309,4,178.5282243532295
2023-11-25,Home,Air Fryer,110,0.09268481048357857,4,399.21868338722544
2023-11-25,Home,Coffee Maker,75,0.07680498160469754,5,346.19813189823844
2023-11-25,Home,LED Lamp,32,0.06915666191034665,3,89.36096045660672
2023-11-25,Fashion,Hoodie,38,0.11857262540196477,4,133.97696093890136
2023-11-25,Fashion,Sneakers,72,0.03117103831327559,1,69.75568524144416
2023-11-25,Fashion,Backpack,45,0.08452511902917997,10,411.963696436869
2023-11-25,Beauty,Face Serum,28,0.03153266840413015,1,27.117085284684357
2023-11-25,Beauty,Hair Dryer,55,0.09045116634498918,3,150.07555755307678
2023-11-25,Beauty,Perfume,60,0.08537107440139571,7,384.1441487514138
2023-11-26,Electronics,Wireless Headphones,65,0.0900777484962833,6,354.8696780864495
2023-11-26,Electronics,Smart Watch,85,0.13021771761373552,7,517.5204580198273
2023-11-26,Electronics,Bluetooth Speaker,48,0.10038238696193846,9,388.63480883244256
2023-11-26,Home,Air Fryer,110,0.04802388154141596,1,104.71737303044424
2023-11-26,Home,Coffee Maker,75,0.05977438046092369,2,141.03384293086145
2023-11-26,Home,LED Lamp,32,0.06703010438989346,2,59.71007331904682
2023-11-26,Fashion,Hoodie,38,0.046678393927631186,12,434.7146523690002
2023-11-26,Fashion,Sneakers,72,0.05164730220712717,4,273.1255769643474
2023-11-26,Fashion,Backpack,45,0.09240070244041947,12,490.1036206821735
2023-11-26,Beauty,Face Serum,28,0.08139714706778474,6,154.32527929261215
2023-11-26,Beauty,Hair Dryer,55,0.10943634104072059,3,146.9430037282811
2023-11-26,Beauty,Perfume,60,0.08198702941995917,6,330.4846694088147
2023-11-27,Electronics,Wireless Headphones,65,0.0901832866021651,3,177.4142591125778
2023-11-27,Electronics,Smart Watch,85,0.08608184264201726,3,233.0491301262856
2023-11-27,Electronics,Bluetooth Speaker,48,0.10393457043698008,6,258.06684371414974
2023-11-27,Home,Air Fryer,110,0.01758500512342373,4,432.26259774569354
2023-11-27,Home,Coffee Maker,75,0.10557959171317402,3,201.24459186453586
2023-11-27,Home,LED Lamp,32,0.08494968035445073,6,175.68966137194548
2023-11-27,Fashion,Hoodie,38,0.11825036638527282,2,67.01297215471926
2023-11-27,Fashion,Sneakers,72,0.03497035041463552,7,486.37494339102375
2023-11-27,Fashion,Backpack,45,0.09391891824283072,10,407.7364867907262
2023-11-27,Beauty,Face Serum,28,0.09469578147446356,4,101.39407247486008
2023-11-27,Beauty,Hair Dryer,55,0.11563932052694348,4,194.55934948407244
2023-11-27,Beauty,Perfume,60,0.053135765340425835,8,454.49483263659556
2023-11-28,Electronics,Wireless Headphones,65,0.03919189250133749,7,437.16768891189145
2023-11-28,Electronics,Smart Watch,85,0.09636789184838752,3,230.42618757866117
2023-11-28,Electronics,Bluetooth Speaker,48,0.07024614597220649,3,133.88455498000226
2023-11-28,Home,Air Fryer,110,0.12273893020219324,7,675.4910237443112
2023-11-28,Home,Coffee Maker,75,0.0852761380166808,2,137.2085792974979
2023-11-28,Home,LED Lamp,32,0.11949079362021524,5,140.88147302076555
2023-11-28,Fashion,Hoodie,38,0.0468446983509802,4,144.87960585065102
2023-11-28,Fashion,Sneakers,72,0.07573877416942473,5,332.73404129900706
2023-11-28,Fashion,Backpack,45,0.09250123910846167,7,285.8621096808346
2023-11-28,Beauty,Face Serum,28,0.05840950771631276,9,237.2808040554892
2023-11-28,Beauty,Hair Dryer,55,0.07525585845968992,2,101.7218555694341
2023-11-28,Beauty,Perfume,60,0.06371991918866096,4,224.70721939472136
2023-11-29,Electronics,Wireless Headphones,65,0.05804330093149992,7,428.5902980761675
2023-11-29,Electronics,Smart Watch,85,0.06444153015416648,6,477.1348196213751
2023-11-29,Electronics,Bluetooth Speaker,48,0.07203999317194629,7,311.794562294226
2023-11-29,Home,Air Fryer,110,0.08478298592326187,6,604.0432292906472
2023-11-29,Home,Coffee Maker,75,0.06369029534692149,1,70.22322784898088
2023-11-29,Home,LED Lamp,32,0.09686584260828585,2,57.80058607306971
2023-11-29,Fashion,Hoodie,38,0.07181247332934529,14,493.7957641887883
2023-11-29,Fashion,Sneakers,72,0.11544965923110313,5,318.43812267680283
2023-11-29,Fashion,Backpack,45,0.0833204598280353,7,288.7540551541689
2023-11-29,Beauty,Face Serum,28,0.11542496180733314,2,49.53620213878935
2023-11-29,Beauty,Hair Dryer,55,0.0839446528346774,4,201.53217637637096
2023-11-29,Beauty,Perfume,60,0.08253693339434813,8,440.3822719707129
2023-11-30,Electronics,Wireless Headphones,65,0.06839211513621145,4,242.21805006458501
2023-11-30,Electronics,Smart Watch,85,0.07840119170304188,5,391.67949352620724
2023-11-30,Electronics,Bluetooth Speaker,48,0.09518478566995806,8,347.44904230273613
2023-11-30,Home,Air Fryer,110,0.035537161113915104,4,424.3636491098773
2023-11-30,Home,Coffee Maker,75,0.09451523769382368,2,135.82271434592644
2023-11-30,Home,LED Lamp,32,0.05898719277583139,5,150.562049155867
2023-11-30,Fashion,Hoodie,38,0.05949330277610829,7,250.1747814615552
2023-11-30,Fashion,Sneakers,72,0.06253403399047729,7,472.4828468687994
2023-11-30,Fashion,Backpack,45,0.11083421145638306,5,200.06230242231382
2023-11-30,Beauty,Face Serum,28,0.06407631370824599,3,78.61758964850733
2023-11-30,Beauty,Hair Dryer,55,0.11863767414176382,7,339.3244954554209
2023-11-30,Beauty,Perfume,60,0.06963283580765948,6,334.9321791092426
2023-12-01,Electronics,Wireless Headphones,65,0.09410946677353177,15,883.2432698958065
2023-12-01,Electronics,Smart Watch,85,0.07684234227578722,5,392.34200453279044
2023-12-01,Electronics,Bluetooth Speaker,48,0.06865642834372326,3,134.11347431850385
2023-12-01,Home,Air Fryer,110,0.09042467370619214,5,500.2664294615943
2023-12-01,Home,Coffee Maker,75,0.10057119792243022,2,134.91432031163546
2023-12-01,Home,LED Lamp,32,0.10583801088991204,7,200.2922855606597
2023-12-01,Fashion,Hoodie,38,0.09676924357018393,3,102.96830623299904
2023-12-01,Fashion,Sneakers,72,0.08605082518450093,6,394.8260435202956
2023-12-01,Fashion,Backpack,45,0.08772754608679216,0,0.0
2023-12-01,Beauty,Face Serum,28,0.11148082267176203,7,174.14975875633462
2023-12-01,Beauty,Hair Dryer,55,0.022847482135622446,2,107.48677696508153
2023-12-01,Beauty,Perfume,60,0.06733864494086082,3,167.87904391064504
2023-12-02,Electronics,Wireless Headphones,65,0.06136992293754712,3,183.03286502717833
2023-12-02,Electronics,Smart Watch,85,0.09065866924928727,5,386.4700655690529
2023-12-02,Electronics,Bluetooth Speaker,48,0.08622526768561486,9,394.7506843598144
2023-12-02,Home,Air Fryer,110,0.09572666987978806,7,696.2904641925631
2023-12-02,Home,Coffee Maker,75,0.08231299934556208,4,275.3061001963314
2023-12-02,Home,LED Lamp,32,0.07125487589298352,3,89.15953191427359
2023-12-02,Fashion,Hoodie,38,0.06799247952758064,5,177.08142888975968
2023-12-02,Fashion,Sneakers,72,0.10442332383886302,8,515.852165468815
2023-12-02,Fashion,Backpack,45,0.11430840677386708,6,239.1367301710559
2023-12-02,Beauty,Face Serum,28,0.040413542134721675,6,161.21052492136675
2023-12-02,Beauty,Hair Dryer,55,0.08407582936920008,3,151.127488154082
2023-12-02,Beauty,Perfume,60,0.07474079374440946,2,111.03110475067086
2023-12-03,Electronics,Wireless Headphones,65,0.08017813146329385,6,358.7305287293154
2023-12-03,Electronics,Smart Watch,85,0.05242665853036867,6,483.262404149512
2023-12-03,Electronics,Bluetooth Speaker,48,0.07139747480867668,3,133.71876362755057
2023-12-03,Home,Air Fryer,110,0.09530531088630445,5,497.5820790125326
2023-12-03,Home,Coffee Maker,75,0.08522740769425162,5,343.03972211465566
2023-12-03,Home,LED Lamp,32,0.04049789833851218,14,429.85694154434657
2023-12-03,Fashion,Hoodie,38,0.059615122674678146,3,107.20387601508669
2023-12-03,Fashion,Sneakers,72,0.051379870380916626,3,204.901947997722
2023-12-03,Fashion,Backpack,45,0.07079614790920177,8,334.5133867526874
2023-12-03,Beauty,Face Serum,28,0.08108143715064847,7,180.1080383184729
2023-12-03,Beauty,Hair Dryer,55,0.05003662528887041,7,365.73589926378486
2023-12-03,Beauty,Perfume,60,0.04320880130923382,9,516.6672472930138
2023-12-04,Electronics,Wireless Headphones,65,0.020101491347498383,5,318.46701531206304
2023-12-04,Electronics,Smart Watch,85,0.043854774917850954,5,406.3617206599134
2023-12-04,Electronics,Bluetooth Speaker,48,0.08379343529795531,8,351.82332084558516
2023-12-04,Home,Air Fryer,110,0.06794025663458368,7,717.6860023913706
2023-12-04,Home,Coffee Maker,75,0.0745345766584974,4,277.63962700245077
2023-12-04,Home,LED Lamp,32,0.046996473736181,7,213.47278988309546
2023-12-04,Fashion,Hoodie,38,0.07829662176006344,8,280.1978269849407
2023-12-04,Fashion,Sneakers,72,0.10962062516245047,6,384.6438899298214
2023-12-04,Fashion,Backpack,45,0.11004619005196935,5,200.2396072383069
2023-12-04,Beauty,Face Serum,28,0.0788003111736002,6,154.76154772283516
2023-12-04,Beauty,Hair Dryer,55,0.049915806600865475,1,52.2546306369524
2023-12-04,Beauty,Perfume,60,0.09210344942735696,5,272.3689651717929
2023-12-05,Electronics,Wireless Headphones,65,0.05680391336145905,5,306.5387281575258
2023-12-05,Electronics,Smart Watch,85,0.059520148600175474,6,479.6447242139105
2023-12-05,Electronics,Bluetooth Speaker,48,0.09326515024464505,6,261.1396367295422
2023-12-05,Home,Air Fryer,110,0.0648690598400897,5,514.3220170879506
2023-12-05,Home,Coffee Maker,75,0.11009862299324573,5,333.7130163775329
2023-12-05,Home,LED Lamp,32,0.09391416661832674,10,289.9474666821354
2023-12-05,Fashion,Hoodie,38,0.15047857208062673,2,64.56362852187236
2023-12-05,Fashion,Sneakers,72,0.06208348099134388,5,337.6499468431162
2023-12-05,Fashion,Backpack,45,0.05422740242002673,6,255.35860134659276
2023-12-05,Beauty,Face Serum,28,0.059789988687750574,9,236.93292285068685
2023-12-05,Beauty,Hair Dryer,55,0.05243418453719653,6,312.6967191027251
2023-12-05,Beauty,Perfume,60,0.08674184551095224,7,383.5684248854001
2023-12-06,Electronics,Wireless Headphones,65,0.051204924870778254,4,246.68671953359765
2023-12-06,Electronics,Smart Watch,85,0.07593579975767978,9,706.909113185375
2023-12-06,Electronics,Bluetooth Speaker,48,0.07003922755386291,8,357.1049366193166
2023-12-06,Home,Air Fryer,110,0.09369583111604274,5,498.4672928861765
2023-12-06,Home,Coffee Maker,75,0.09389660522747657,8,543.6620368635141
2023-12-06,Home,LED Lamp,32,0.11715470923108445,6,169.5062958276318
2023-12-06,Fashion,Hoodie,38,0.10081693991922251,7,239.18269398148684
2023-12-06,Fashion,Sneakers,72,0.09103906010986854,8,523.5615013767158
2023-12-06,Fashion,Backpack,45,0.07866936455317365,3,124.37963578532155
2023-12-06,Beauty,Face Serum,28,0.0807306330473822,7,180.17679592271307
2023-12-06,Beauty,Hair Dryer,55,0.08341507689432197,3,151.23651231243687
2023-12-06,Beauty,Perfume,60,0.10048776139297107,3,161.9122029492652
2023-12-07,Electronics,Wireless Headphones,65,0.09152916911933778,7,413.3542280507013
2023-12-07,Electronics,Smart Watch,85,0.1277033857218423,8,593.1616977091472
2023-12-07,Electronics,Bluetooth Speaker,48,0.041366567892897464,4,184.0576189645637
2023-12-07,Home,Air Fryer,110,0.06440652758807382,10,1029.1528196531187
2023-12-07,Home,Coffee Maker,75,0.07383207113171505,6,416.77556799072823
2023-12-07,Home,LED Lamp,32,0.0680811753374683,3,89.46420716760305
2023-12-07,Fashion,Hoodie,38,0.08547306552330158,8,278.0161880809163
2023-12-07,Fashion,Sneakers,72,0.10156089957370897,8,517.5009218455436
2023-12-07,Fashion,Backpack,45,0.09488858268545629,1,40.73001377915447
2023-12-07,Beauty,Face Serum,28,0.013870715124780456,3,82.83485992951844
2023-12-07,Beauty,Hair Dryer,55,0.09736692967796753,1,49.644818867711784
2023-12-07,Beauty,Perfume,60,0.06349749794479058,3,168.5704503699377
2023-12-08,Electronics,Wireless Headphones,65,0.06428090718826217,7,425.75218722934073
2023-12-08,Electronics,Smart Watch,85,0.05990129226142468,4,319.6335606311156
2023-12-08,Electronics,Bluetooth Speaker,48,0.07254996618881959,3,133.55280486880997
2023-12-08,Home,Air Fryer,110,0.0868829460352647,4,401.77150374448354
2023-12-08,Home,Coffee Maker,75,0.06462322019488946,3,210.45977545614988
2023-12-08,Home,LED Lamp,32,0.06993542573240201,4,119.04826550625255
2023-12-08,Fashion,Hoodie,38,0.04291241487143795,5,181.8466411744268
2023-12-08,Fashion,Sneakers,72,0.11205630655036883,5,319.6597296418672
2023-12-08,Fashion,Backpack,45,0.11814195422104738,7,277.7852844203701
2023-12-08,Beauty,Face Serum,28,0.14012977949817568,3,72.22909852215324
2023-12-08,Beauty,Hair Dryer,55,0.11185106654272925,4,195.39276536059955
2023-12-08,Beauty,Perfume,60,0.10546184050097625,5,268.36144784970713
2023-12-09,Electronics,Wireless Headphones,65,0.08349813052492301,11,655.29883667468
2023-12-09,Electronics,Smart Watch,85,0.10600932202404748,7,531.9244533956918
2023-12-09,Electronics,Bluetooth Speaker,48,0.0798154002177077,3,132.5065823686501
2023-12-09,Home,Air Fryer,110,0.07008376808439185,1,102.29078551071689
2023-12-09,Home,Coffee Maker,75,0.11671879747367571,2,132.49218037894863
2023-12-09,Home,LED Lamp,32,0.0893555655985062,7,203.9843533059346
2023-12-09,Fashion,Hoodie,38,0.04570395024539788,15,543.9487483601232
2023-12-09,Fashion,Sneakers,72,0.08080523242275456,7,463.2741628589317
2023-12-09,Fashion,Backpack,45,0.08776106821175582,8,328.4060154437679
2023-12-09,Beauty,Face Serum,28,0.0936789998594516,7,177.63891602754748
2023-12-09,Beauty,Hair Dryer,55,0.068963247490628,6,307.24212832809275
2023-12-09,Beauty,Perfume,60,0.10225987324376075,8,430.9152608429948
2023-12-10,Electronics,Wireless Headphones,65,0.043282970415830374,5,310.9330346148551
2023-12-10,Electronics,Smart Watch,85,0.11405560619336272,2,150.61054694712834
2023-12-10,Electronics,Bluetooth Speaker,48,0.06164026648543339,6,270.2476032521952
2023-12-10,Home,Air Fryer,110,0.08178861865396662,6,606.0195116883821
2023-12-10,Home,Coffee Maker,75,0.08269226625963925,3,206.39424009158117
2023-12-10,Home,LED Lamp,32,0.07243100044513631,4,118.72883194302256
2023-12-10,Fashion,Hoodie,38,0.07413995301060888,11,387.0094996415655
2023-12-10,Fashion,Sneakers,72,0.058025903935573275,7,474.75494441647106
2023-12-10,Fashion,Backpack,45,0.0920728525672011,6,245.1403298068557
2023-12-10,Beauty,Face Serum,28,0.1367647694604098,6,145.02351873065115
2023-12-10,Beauty,Hair Dryer,55,0.0814434436213917,2,101.04122120164692
2023-12-10,Beauty,Perfume,60,0.10674767699025266,7,375.1659756640939
2023-12-11,Electronics,Wireless Headphones,65,0.12947041966353073,2,113.16884544374099
2023-12-11,Electronics,Smart Watch,85,0.1130879483545004,3,226.16257316960238
2023-12-11,Electronics,Bluetooth Speaker,48,0.047027539416553694,4,182.97071243202168
2023-12-11,Home,Air Fryer,110,0.07825034699792047,9,912.5321564720588
2023-12-11,Home,Coffee Maker,75,0.09605543223631159,8,542.3667406582131
2023-12-11,Home,LED Lamp,32,0.05171712602442947,2,60.690103934436515
2023-12-11,Fashion,Hoodie,38,0.059205413703554505,8,286.00155423411945
2023-12-11,Fashion,Sneakers,72,0.07740481830560292,6,398.5611184919796
2023-12-11,Fashion,Backpack,45,0.058656745318964226,1,42.36044646064661
2023-12-11,Beauty,Face Serum,28,0.10218429026207859,9,226.2495588539562
2023-12-11,Beauty,Hair Dryer,55,0.08081931453220775,13,657.2141901094714
2023-12-11,Beauty,Perfume,60,0.06297783927482109,10,562.2132964351074
2023-12-12,Electronics,Wireless Headphones,65,0.15171922440063612,8,441.1060033116692
2023-12-12,Electronics,Smart Watch,85,0.07551763325888,6,471.48600703797115
2023-12-12,Electronics,Bluetooth Speaker,48,0.09379417193285751,7,304.4851582305599
2023-12-12,Home,Air Fryer,110,0.07283216912009076,2,203.97692279358003
2023-12-12,Home,Coffee Maker,75,0.07166603899416284,3,208.87514122631336
2023-12-12,Home,LED Lamp,32,0.061387223031662067,6,180.2136531779209
2023-12-12,Fashion,Hoodie,38,0.14244552432833893,9,293.2836306797081
2023-12-12,Fashion,Sneakers,72,0.03973990337734591,3,207.4161808704933
2023-12-12,Fashion,Backpack,45,0.013912636628771402,12,532.4871762204634
2023-12-12,Beauty,Face Serum,28,0.07873495557238537,3,77.38626373191963
2023-12-12,Beauty,Hair Dryer,55,0.08995867188324365,2,100.1045460928432
2023-12-12,Beauty,Perfume,60,0.07352962042091801,9,500.2940049727043
2023-12-13,Electronics,Wireless Headphones,65,0.02050231671617289,10,636.6734941344877
2023-12-13,Electronics,Smart Watch,85,0.08448983085194461,7,544.728550643093
2023-12-13,Electronics,Bluetooth Speaker,48,0.07382936903892852,6,266.7371417167886
2023-12-13,Home,Air Fryer,110,0.07358570332800032,1,101.90557263391997
2023-12-13,Home,Coffee Maker,75,0.0809803048595091,6,413.5588628132209
2023-12-13,Home,LED Lamp,32,0.10261490674722826,8,229.73058387270956
2023-12-13,Fashion,Hoodie,38,0.05356613420992151,10,359.64486900022985
2023-12-13,Fashion,Sneakers,72,0.10183540016272266,5,323.3392559414199
2023-12-13,Fashion,Backpack,45,0.08763836146482075,9,369.5064636067476
2023-12-13,Beauty,Face Serum,28,0.07146473932934795,5,129.9949364938913
2023-12-13,Beauty,Hair Dryer,55,0.06433911549932388,9,463.1521378278347
2023-12-13,Beauty,Perfume,60,0.07388223489524556,1,55.567065906285265
2023-12-14,Electronics,Wireless Headphones,65,0.06871058761765034,6,363.20287082911636
2023-12-14,Electronics,Smart Watch,85,0.025162254942051224,6,497.16724997955384
2023-12-14,Electronics,Bluetooth Speaker,48,0.0836034200468907,4,175.948143350997
2023-12-14,Home,Air Fryer,110,0.047967806901173526,2,209.44708248174183
2023-12-14,Home,Coffee Maker,75,0.06071240226995353,7,493.12598880827437
2023-12-14,Home,LED Lamp,32,0.07820962200334394,5,147.48646047946497
2023-12-14,Fashion,Hoodie,38,0.07514929651372797,12,421.73192078974006
2023-12-14,Fashion,Sneakers,72,0.07308453071278267,4,266.9516551547186
2023-12-14,Fashion,Backpack,45,0.09422574177578524,8,326.07873296071733
2023-12-14,Beauty,Face Serum,28,0.09429617231377685,6,152.1582430512855
2023-12-14,Beauty,Hair Dryer,55,0.07812847090358412,5,253.51467050151436
2023-12-14,Beauty,Perfume,60,0.04610019003459016,6,343.4039315875475
2023-12-15,Electronics,Wireless Headphones,65,0.10440658986453326,9,523.922144929248
2023-12-15,Electronics,Smart Watch,85,0.08518369791980193,5,388.79692838408414
2023-12-15,Electronics,Bluetooth Speaker,48,0.04326452813695863,4,183.69321059770397
2023-12-15,Home,Air Fryer,110,0.1046877267474983,5,492.42175028887596
2023-12-15,Home,Coffee Maker,75,0.053959589793182106,7,496.6712153585794
2023-12-15,Home,LED Lamp,32,0.09356009444265849,1,29.00607697783493
2023-12-15,Fashion,Hoodie,38,0.06101664755444974,5,178.40683696465453
2023-12-15,Fashion,Sneakers,72,0.037736753931738296,7,484.9806760184039
2023-12-15,Fashion,Backpack,45,0.0825861276163744,11,454.11986682989465
2023-12-15,Beauty,Face Serum,28,0.08997657257055836,4,101.92262387209746
2023-12-15,Beauty,Hair Dryer,55,0.11231673989468163,3,146.46773791737755
2023-12-15,Beauty,Perfume,60,0.057379631659515797,3,169.67166630128716
2023-12-16,Electronics,Wireless Headphones,65,0.07967670888491364,8,478.56811137984494
2023-12-16,Electronics,Smart Watch,85,0.08479845170425852,3,233.37639481541407
2023-12-16,Electronics,Bluetooth Speaker,48,0.04943070608992437,3,136.88197832305087
2023-12-16,Home,Air Fryer,110,0.07189897654916755,3,306.2733377387747
2023-12-16,Home,Coffee Maker,75,0.0569799053624471,3,212.1795212934494
2023-12-16,Home,LED Lamp,32,0.09566772831348133,9,260.44769424571734
2023-12-16,Fashion,Hoodie,38,0.08938112023904399,4,138.4140697236653
2023-12-16,Fashion,Sneakers,72,0.05593726231485459,9,611.7526540199742
2023-12-16,Fashion,Backpack,45,0.054001486581465225,7,297.98953172683844
2023-12-16,Beauty,Face Serum,28,0.05110710046998838,11,292.2590130552436
2023-12-16,Beauty,Hair Dryer,55,0.08004342814726706,5,252.98805725950155
2023-12-16,Beauty,Perfume,60,0.049618056355012194,3,171.0687498560978
2023-12-17,Electronics,Wireless Headphones,65,0.08090020110000169,10,597.4148692849989
2023-12-17,Electronics,Smart Watch,85,0.07742386517756708,4,313.6758858396272
2023-12-17,Electronics,Bluetooth Speaker,48,0.10974218839271074,4,170.92949982859955
2023-12-17,Home,Air Fryer,110,0.10299277881090904,8,789.3663546464
2023-12-17,Home,Coffee Maker,75,0.056699498108736625,3,212.24261292553425
2023-12-17,Home,LED Lamp,32,0.0882880328955727,7,204.2234806313917
2023-12-17,Fashion,Hoodie,38,0.060819828414291725,11,392.5773117228261
2023-12-17,Fashion,Sneakers,72,0.07648160242319507,9,598.4399216297695
2023-12-17,Fashion,Backpack,45,0.10346289117688057,9,363.0975290733634
2023-12-17,Beauty,Face Serum,28,0.06142933476888579,4,105.1199145058848
2023-12-17,Beauty,Hair Dryer,55,0.07716964097719457,10,507.55669746254296
2023-12-17,Beauty,Perfume,60,0.07426051880474636,4,222.17747548686086
2023-12-18,Electronics,Wireless Headphones,65,0.06609689352648992,10,607.0370192077816
2023-12-18,Electronics,Smart Watch,85,0.09767063402144899,4,306.79198443270735
2023-12-18,Electronics,Bluetooth Speaker,48,0.0928493029442135,6,261.25940075206654
2023-12-18,Home,Air Fryer,110,0.07034267310214737,13,1329.4099774639292
2023-12-18,Home,Coffee Maker,75,0.04600384205590493,6,429.2982710748428
2023-12-18,Home,LED Lamp,32,0.12345708211252579,6,168.29624023439504
2023-12-18,Fashion,Hoodie,38,0.07107664592891313,10,352.990874547013
2023-12-18,Fashion,Sneakers,72,0.06520499808129321,8,538.4419211051751
2023-12-18,Fashion,Backpack,45,0.14927283026332389,10,382.8272263815042
2023-12-18,Beauty,Face Serum,28,0.054692553013048845,4,105.87443406253853
2023-12-18,Beauty,Hair Dryer,55,0.03933985181285916,3,158.50892445087825
2023-12-18,Beauty,Perfume,60,0.06486469935764747,9,504.97306234687034
2023-12-19,Electronics,Wireless Headphones,65,0.0956786576124392,6,352.6853235311487
2023-12-19,Electronics,Smart Watch,85,0.10806651711405592,7,530.7004223171367
2023-12-19,Electronics,Bluetooth Speaker,48,0.13909008518351137,7,289.26573137834015
2023-12-19,Home,Air Fryer,110,0.007950672040565154,4,436.5017043021514
2023-12-19,Home,Coffee Maker,75,0.06833677563270364,4,279.4989673101889
2023-12-19,Home,LED Lamp,32,0.1354582108692462,6,165.99202351310475
2023-12-19,Fashion,Hoodie,38,0.13463874923674624,10,328.8372752900364
2023-12-19,Fashion,Sneakers,72,0.050139730337371666,3,205.16981824712772
2023-12-19,Fashion,Backpack,45,0.08196835358035545,7,289.179968622188
2023-12-19,Beauty,Face Serum,28,0.14343592855417295,1,23.983794000483158
2023-12-19,Beauty,Hair Dryer,55,0.09506657261494825,1,49.77133850617785
2023-12-19,Beauty,Perfume,60,0.08609467984331817,1,54.83431920940091
2023-12-20,Electronics,Wireless Headphones,65,0.05402527156827739,8,491.90685878449574
2023-12-20,Electronics,Smart Watch,85,0.06308607327101762,5,398.1884188598175
2023-12-20,Electronics,Bluetooth Speaker,48,0.09275646436740946,6,261.28613826218606
2023-12-20,Home,Air Fryer,110,0.10818008139090309,5,490.5009552350033
2023-12-20,Home,Coffee Maker,75,0.06511565702781111,6,420.697954337485
2023-12-20,Home,LED Lamp,32,0.11027536307061538,4,113.88475352696123
2023-12-20,Fashion,Hoodie,38,0.11823534470761057,3,100.5211707033324
2023-12-20,Fashion,Sneakers,72,0.05757294187384461,4,271.4189927403327
2023-12-20,Fashion,Backpack,45,0.056134241914019285,5,212.36979556934565
2023-12-20,Beauty,Face Serum,28,0.057622631206541375,4,105.54626530486738
2023-12-20,Beauty,Hair Dryer,55,0.10928158065381378,5,244.94756532020122
2023-12-20,Beauty,Perfume,60,0.046489572861587065,6,343.26375376982867
2023-12-21,Electronics,Wireless Headphones,65,0.10317862252647218,2,116.58677907155862
2023-12-21,Electronics,Smart Watch,85,0.06168105086212454,4,319.0284427068777
2023-12-21,Electronics,Bluetooth Speaker,48,0.09921330220477872,5,216.1888074708531
2023-12-21,Home,Air Fryer,110,0.07321651985143164,5,509.7309140817126
2023-12-21,Home,Coffee Maker,75,0.09067145586097297,4,272.7985632417081
2023-12-21,Home,LED Lamp,32,0.10682296950954107,5,142.90832487847342
2023-12-21,Fashion,Hoodie,38,0.10151005126711794,3,102.42785415554854
2023-12-21,Fashion,Sneakers,72,0.06421100488243807,2,134.75361529692893
2023-12-21,Fashion,Backpack,45,0.13962615995665606,13,503.3186964253562
2023-12-21,Beauty,Face Serum,28,0.11516261186413022,10,247.75446867804354
2023-12-21,Beauty,Hair Dryer,55,0.08809068531639841,11,551.705135383579
2023-12-21,Beauty,Perfume,60,0.11873175416583691,6,317.2565685002987
2023-12-22,Electronics,Wireless Headphones,65,0.11392979223914367,10,575.9456350445566
2023-12-22,Electronics,Smart Watch,85,0.0901433163667657,7,541.3647267617744
2023-12-22,Electronics,Bluetooth Speaker,48,0.0959190061207411,9,390.5629893558398
2023-12-22,Home,Air Fryer,110,0.10834875982161618,4,392.32654567848886
2023-12-22,Home,Coffee Maker,75,0.04596050515724935,4,286.21184845282517
2023-12-22,Home,LED Lamp,32,0.09418674034991205,3,86.95807292640845
2023-12-22,Fashion,Hoodie,38,0.06029453765409794,8,285.6704605531542
2023-12-22,Fashion,Sneakers,72,0.08591786949594873,6,394.8834803777502
2023-12-22,Fashion,Backpack,45,0.0737022265411136,9,375.150598250849
2023-12-22,Beauty,Face Serum,28,0.08165834482078947,5,128.56783172508946
2023-12-22,Beauty,Hair Dryer,55,0.09843978421291757,2,99.17162373657906
2023-12-22,Beauty,Perfume,60,0.07602130671314959,8,443.5097727776882
2023-12-23,Electronics,Wireless Headphones,65,0.10327958537097959,6,349.72096170531796
2023-12-23,Electronics,Smart Watch,85,0.13600628861828767,3,220.31839640233665
2023-12-23,Electronics,Bluetooth Speaker,48,0.1289791790410491,5,209.04499703014824
2023-12-23,Home,Air Fryer,110,0.06914215805241448,3,307.18308784270323
2023-12-23,Home,Coffee Maker,75,0.10787606423926303,7,468.36506627438695
2023-12-23,Home,LED Lamp,32,0.11837981566034843,7,197.48292129208195
2023-12-23,Fashion,Hoodie,38,0.06584603943886738,13,461.4720565171995
2023-12-23,Fashion,Sneakers,72,0.1161764465420925,8,509.08236679175474
2023-12-23,Fashion,Backpack,45,0.0526927645088115,3,127.88647679131044
2023-12-23,Beauty,Face Serum,28,0.11397932346663132,5,124.04289471467162
2023-12-23,Beauty,Hair Dryer,55,0.03365282738379525,4,212.59637797556505
2023-12-23,Beauty,Perfume,60,0.08618544822234495,4,219.3154924266372
2023-12-24,Electronics,Wireless Headphones,65,0.09994946547201376,8,468.0262779545528
2023-12-24,Electronics,Smart Watch,85,0.05867634279396177,5,400.06255431256625
2023-12-24,Electronics,Bluetooth Speaker,48,0.05562483841053871,7,317.310054294059
2023-12-24,Home,Air Fryer,110,0.10074703181234965,8,791.3426120051323
2023-12-24,Home,Coffee Maker,75,0.09372564806546038,7,475.79403476563334
2023-12-24,Home,LED Lamp,32,0.04560033272930235,8,244.3263148212986
2023-12-24,Fashion,Hoodie,38,0.07769029750497733,4,140.19107477924345
2023-12-24,Fashion,Sneakers,72,0.0932590660894173,4,261.14138896624786
2023-12-24,Fashion,Backpack,45,0.10058294879437535,7,283.31637112977177
2023-12-24,Beauty,Face Serum,28,0.020513625889552398,8,219.40494780074027
2023-12-24,Beauty,Hair Dryer,55,0.10430123956396069,11,541.8977500638038
2023-12-24,Beauty,Perfume,60,0.12192635485266282,8,421.47534967072187
2023-12-25,Electronics,Wireless Headphones,65,0.04581479824900982,9,558.1983430243292
2023-12-25,Electronics,Smart Watch,85,0.06881099098664589,6,474.90639459681057
2023-12-25,Electronics,Bluetooth Speaker,48,0.053577825474962704,1,45.42826437720179
2023-12-25,Home,Air Fryer,110,0.08311715549478295,6,605.1426773734432
2023-12-25,Home,Coffee Maker,75,0.08659841643121204,5,342.5255938382955
2023-12-25,Home,LED Lamp,32,0.1326135588514122,9,249.80729505079327
2023-12-25,Fashion,Hoodie,38,0.07164678650118353,10,352.77422112955026
2023-12-25,Fashion,Sneakers,72,0.06567250421152017,2,134.5431593935411
2023-12-25,Fashion,Backpack,45,0.10525550444666733,7,281.8445160992998
2023-12-25,Beauty,Face Serum,28,0.10619103028220812,8,200.21320921678537
2023-12-25,Beauty,Hair Dryer,55,0.05254047775309764,4,208.44109489431852
2023-12-25,Beauty,Perfume,60,0.04596184547804524,3,171.72686781395186
2023-12-26,Electronics,Wireless Headphones,65,0.08138371214866084,6,358.2603522620223
2023-12-26,Electronics,Smart Watch,85,0.053228501854524726,5,402.377886711827
2023-12-26,Electronics,Bluetooth Speaker,48,0.12743193303062422,1,41.883267214530036
2023-12-26,Home,Air Fryer,110,0.11721045008822956,4,388.427401961179
2023-12-26,Home,Coffee Maker,75,0.07343831707982337,3,208.47637865703973
2023-12-26,Home,LED Lamp,32,0.04529144380911182,5,152.7533689905421
2023-12-26,Fashion,Hoodie,38,0.08924868415491567,7,242.25985001479242
2023-12-26,Fashion,Sneakers,72,0.08832285974491291,8,525.1260327869302
2023-12-26,Fashion,Backpack,45,0.07784289601994812,5,207.4853483955117
2023-12-26,Beauty,Face Serum,28,0.047158957898545344,1,26.67954917884073
2023-12-26,Beauty,Hair Dryer,55,0.0629462976181915,6,309.22772178599683
2023-12-26,Beauty,Perfume,60,0.06573561049373144,7,392.3910435926328
2023-12-27,Electronics,Wireless Headphones,65,0.07187513394408541,12,723.9373955236134
2023-12-27,Electronics,Smart Watch,85,0.10149352734891026,4,305.4922007013705
2023-12-27,Electronics,Bluetooth Speaker,48,0.0797614043194447,4,176.68581037066662
2023-12-27,Home,Air Fryer,110,0.08202660386486554,3,302.93122072459437
2023-12-27,Home,Coffee Maker,75,0.11693465323838365,2,132.45980201424246
2023-12-27,Home,LED Lamp,32,0.0933068798831754,7,203.0992589061687
2023-12-27,Fashion,Hoodie,38,0.07388367492816832,6,211.15452211637762
2023-12-27,Fashion,Sneakers,72,0.05321309142585952,8,545.3492593387049
2023-12-27,Fashion,Backpack,45,0.08806473095874633,6,246.22252264113848
2023-12-27,Beauty,Face Serum,28,0.08585356521702944,7,179.17270121746222
2023-12-27,Beauty,Hair Dryer,55,0.09706246078991884,3,148.9846939696634
2023-12-27,Beauty,Perfume,60,0.13118576004365956,5,260.64427198690214
2023-12-28,Electronics,Wireless Headphones,65,0.08253669233653695,5,298.1755749906255
2023-12-28,Electronics,Smart Watch,85,0.11711952241144086,3,225.13452178508257
2023-12-28,Electronics,Bluetooth Speaker,48,0.07359797615911165,4,177.86918857745056
2023-12-28,Home,Air Fryer,110,0.102688070848443,5,493.52156103335636
2023-12-28,Home,Coffee Maker,75,0.040451589301702465,3,215.89839240711694
2023-12-28,Home,LED Lamp,32,0.06182263661512789,4,120.08670251326363
2023-12-28,Fashion,Hoodie,38,0.12423955220797286,3,99.83669104829109
2023-12-28,Fashion,Sneakers,72,0.10462708483181181,4,257.8673995684382
2023-12-28,Fashion,Backpack,45,0.06566835763983059,12,504.5390868744915
2023-12-28,Beauty,Face Serum,28,0.06596079904145807,7,183.0716833878742
2023-12-28,Beauty,Hair Dryer,55,0.11509397500523652,5,243.34915687355996
2023-12-28,Beauty,Perfume,60,0.055526183432502145,6,340.0105739642992
2023-12-29,Electronics,Wireless Headphones,65,0.07373741826692073,5,301.0353390632508
2023-12-29,Electronics,Smart Watch,85,0.04473362246155073,3,243.59292627230457
2023-12-29,Electronics,Bluetooth Speaker,48,0.043737125075746376,6,275.403707978185
2023-12-29,Home,Air Fryer,110,0.10179997208236596,3,296.40600921281924
2023-12-29,Home,Coffee Maker,75,0.08969887933205413,6,409.63550430057563
2023-12-29,Home,LED Lamp,32,0.07033269635138124,4,118.9974148670232
2023-12-29,Fashion,Hoodie,38,0.06009214889173094,5,178.5824917105711
2023-12-29,Fashion,Sneakers,72,0.09479484149979117,3,195.5243142360451
2023-12-29,Fashion,Backpack,45,0.07252092204520334,11,459.10214358762437
2023-12-29,Beauty,Face Serum,28,0.1036159579092447,6,150.5925190712469
2023-12-29,Beauty,Hair Dryer,55,0.09075017361234856,4,200.0349618052833
2023-12-29,Beauty,Perfume,60,0.11014923970827753,6,320.3462737050201
2023-12-30,Electronics,Wireless Headphones,65,0.09641276292422588,7,411.13219286947725
2023-12-30,Electronics,Smart Watch,85,0.09107631101003483,4,309.0340542565882
2023-12-30,Electronics,Bluetooth Speaker,48,0.037805697499027575,3,138.55597956014003
2023-12-30,Home,Air Fryer,110,0.08828412852883388,5,501.4437293091414
2023-12-30,Home,Coffee Maker,75,0.08252523920936854,5,344.0530352964868
2023-12-30,Home,LED Lamp,32,0.06552020319414964,7,209.32347448451048
2023-12-30,Fashion,Hoodie,38,0.14522964967998725,5,162.40636656080244
2023-12-30,Fashion,Sneakers,72,0.10856867270651709,7,449.2813889559154
2023-12-30,Fashion,Backpack,45,0.03901537764787894,7,302.7101560409181
2023-12-30,Beauty,Face Serum,28,0.1417740972352805,4,96.12130110964858
2023-12-30,Beauty,Hair Dryer,55,0.06618999455617625,1,51.35955029941031
2023-12-30,Beauty,Perfume,60,0.06333693347802927,6,337.19870394790945
2023-12-31,Electronics,Wireless Headphones,65,0.08144549619459432,11,656.7664702208651
2023-12-31,Electronics,Smart Watch,85,0.06900719026407551,6,474.8063329653215
2023-12-31,Electronics,Bluetooth Speaker,48,0.05434976877367849,7,317.73847769204406
2023-12-31,Home,Air Fryer,110,0.09708520069166955,7,695.2443954674144
2023-12-31,Home,Coffee Maker,75,0.06101745991588364,4,281.69476202523487
2023-12-31,Home,LED Lamp,32,0.03209041970318427,11,340.70417226447915
2023-12-31,Fashion,Hoodie,38,0.11802943446197645,8,268.11905192355914
2023-12-31,Fashion,Sneakers,72,0.11664242641125239,7,445.2122170887288
2023-12-31,Fashion,Backpack,45,0.10241286634160092,5,201.9571050731398
2023-12-31,Beauty,Face Serum,28,0.07143748172886759,12,311.9970061391005
2023-12-31,Beauty,Hair Dryer,55,0.09177133727243031,3,149.857729350049
2023-12-31,Beauty,Perfume,60,0.08844817377237534,4,218.77243829462992
2024-01-01,Electronics,Wireless Headphones,65,0.0898168560324873,8,473.2952348631066
2024-01-01,Electronics,Smart Watch,85,0.05663630786543783,2,160.37182766287557
2024-01-01,Electronics,Bluetooth Speaker,48,0.061663833048423655,1,45.040136013675664
2024-01-01,Home,Air Fryer,110,0.05411354485434909,5,520.237550330108
2024-01-01,Home,Coffee Maker,75,0.045206137561651864,4,286.4381587315045
2024-01-01,Home,LED Lamp,32,0.035729859863907594,8,246.85315587483964
2024-01-01,Fashion,Hoodie,38,0.04067954703382476,5,182.27088606357327
2024-01-01,Fashion,Sneakers,72,0.042789773681901275,5,344.5956814745155
2024-01-01,Fashion,Backpack,45,0.04374413423353402,6,258.1890837569458
2024-01-01,Beauty,Face Serum,28,0.056994616757347634,1,26.404150730794267
2024-01-01,Beauty,Hair Dryer,55,0.05752458645702245,4,207.34459097945506
2024-01-01,Beauty,Perfume,60,0.11675077596186174,8,423.95962753830634
2024-01-02,Electronics,Wireless Headphones,65,0.09102964329073006,6,354.49843911661526
2024-01-02,Electronics,Smart Watch,85,0.026685052300986587,4,330.9270822176646
2024-01-02,Electronics,Bluetooth Speaker,48,0.015325202112635147,7,330.8507320901546
2024-01-02,Home,Air Fryer,110,0.04463480031977344,6,630.5410317889496
2024-01-02,Home,Coffee Maker,75,0.041033207380334946,7,503.45756612532415
2024-01-02,Home,LED Lamp,32,0.07849440272408925,3,88.46453733848743
2024-01-02,Fashion,Hoodie,38,0.11673465179391927,6,201.3844993909864
2024-01-02,Fashion,Sneakers,72,0.043505575913848515,7,482.07318973942034
2024-01-02,Fashion,Backpack,45,0.11823375684246416,8,317.4358475367129
2024-01-02,Beauty,Face Serum,28,0.07462157373783761,1,25.910595935340545
2024-01-02,Beauty,Hair Dryer,55,0.017548674681545973,3,162.1044686775449
2024-01-02,Beauty,Perfume,60,0.06355630295432586,3,168.55986546822135
2024-01-03,Electronics,Wireless Headphones,65,0.050204701948751825,3,185.21008311999339
2024-01-03,Electronics,Smart Watch,85,0.027527967018878753,4,330.64049121358124
2024-01-03,Electronics,Bluetooth Speaker,48,0.03515269373719068,5,231.56335350307424
2024-01-03,Home,Air Fryer,110,0.05513608460757065,3,311.80509207950166
2024-01-03,Home,Coffee Maker,75,0.07942744531062088,2,138.08588320340687
2024-01-03,Home,LED Lamp,32,0.04040134360433118,6,184.2429420279684
2024-01-03,Fashion,Hoodie,38,0.08231896121734802,4,139.4875178949631
2024-01-03,Fashion,Sneakers,72,0.030774057410235135,4,279.1370714658523
2024-01-03,Fashion,Backpack,45,0.05301841968650201,5,213.07085557053705
2024-01-03,Beauty,Face Serum,28,0.05980222211785462,8,210.60430224560056
2024-01-03,Beauty,Hair Dryer,55,0.04677670447646076,3,157.28184376138398
2024-01-03,Beauty,Perfume,60,0.025893735590159256,4,233.78550345836177
2024-01-04,Electronics,Wireless Headphones,65,0.0756387665077742,6,360.5008810619681
2024-01-04,Electronics,Smart Watch,85,0.0491544947005433,9,727.3968115540844
2024-01-04,Electronics,Bluetooth Speaker,48,0.03691689036832457,7,323.59592483624294
2024-01-04,Home,Air Fryer,110,0.03947859213640745,3,316.9720645949855
2024-01-04,Home,Coffee Maker,75,0.04907130809279364,3,213.95895567912143
2024-01-04,Home,LED Lamp,32,0.04169772061825252,7,214.65971058151143
2024-01-04,Fashion,Hoodie,38,0.01719968562453314,7,261.42488362387417
2024-01-04,Fashion,Sneakers,72,0.05287138631942729,8,545.5460814800099
2024-01-04,Fashion,Backpack,45,0.04533259288317412,3,128.8800999607715
2024-01-04,Beauty,Face Serum,28,0.0973892219427495,5,126.36550892801507
2024-01-04,Beauty,Hair Dryer,55,0.024183497263730674,4,214.67963060197926
2024-01-04,Beauty,Perfume,60,0.03596271905753277,5,289.2111842827402
2024-01-05,Electronics,Wireless Headphones,65,0.07752012976524861,5,299.8059578262942
2024-01-05,Electronics,Smart Watch,85,0.07146164272807462,6,473.55456220868194
2024-01-05,Electronics,Bluetooth Speaker,48,0.039675840114618194,5,230.47779837249163
2024-01-05,Home,Air Fryer,110,0.06089109234615114,4,413.2079193676935
2024-01-05,Home,Coffee Maker,75,0.0542280644471822,0,0.0
2024-01-05,Home,LED Lamp,32,0.06948857699419916,2,59.55273107237125
2024-01-05,Fashion,Hoodie,38,0.033916928578853395,9,330.4004104260321
2024-01-05,Fashion,Sneakers,72,0.01884057374150863,7,494.50435083427965
2024-01-05,Fashion,Backpack,45,0.03669313585915486,4,173.3952355453521
2024-01-05,Beauty,Face Serum,28,0.07004686706909165,3,78.1160631661963
2024-01-05,Beauty,Hair Dryer,55,0.020070898746213886,2,107.79220113791646
2024-01-05,Beauty,Perfume,60,0.03420113378684021,5,289.73965986394796
2024-01-06,Electronics,Wireless Headphones,65,0.045557513760561906,9,558.3488544500713
2024-01-06,Electronics,Smart Watch,85,0.06080146379936335,6,478.99125346232466
2024-01-06,Electronics,Bluetooth Speaker,48,0.027534222027522332,4,186.71342937071572
2024-01-06,Home,Air Fryer,110,0.04662315890860766,1,104.87145252005315
2024-01-06,Home,Coffee Maker,75,0.0800947259899956,3,206.97868665225099
2024-01-06,Home,LED Lamp,32,0.07152354899204603,5,148.55623216127265
2024-01-06,Fashion,Hoodie,38,0.10963000931289499,2,67.66811929221998
2024-01-06,Fashion,Sneakers,72,0.09610374929806897,5,325.4026502526952
2024-01-06,Fashion,Backpack,45,0.0,9,405.0
2024-01-06,Beauty,Face Serum,28,0.03973532727920093,3,80.66223250854712
2024-01-06,Beauty,Hair Dryer,55,0.03747886370594111,7,370.5706374732127
2024-01-06,Beauty,Perfume,60,0.0464929252410297,1,57.21042448553822
2024-01-07,Electronics,Wireless Headphones,65,0.04945543243814544,6,370.7123813491233
2024-01-07,Electronics,Smart Watch,85,0.07116052799861924,4,315.8054204804694
2024-01-07,Electronics,Bluetooth Speaker,48,0.02021346546651642,6,282.1785219456433
2024-01-07,Home,Air Fryer,110,0.042003463329559065,2,210.759238067497
2024-01-07,Home,Coffee Maker,75,0.0512835956058799,2,142.30746065911802
2024-01-07,Home,LED Lamp,32,0.0628261884270242,3,89.96868591100568
2024-01-07,Fashion,Hoodie,38,0.11810517151747794,15,502.6800522350376
2024-01-07,Fashion,Sneakers,72,0.03028764709347727,5,349.09644704634815
2024-01-07,Fashion,Backpack,45,0.060750814320732066,3,126.79864006670117
2024-01-07,Beauty,Face Serum,28,0.039619013566367385,4,107.56267048056685
2024-01-07,Beauty,Hair Dryer,55,0.07246333166532137,0,0.0
2024-01-07,Beauty,Perfume,60,0.0473491477037504,5,285.7952556888749
2024-01-08,Electronics,Wireless Headphones,65,0.031831779688076656,8,503.4474745622001
2024-01-08,Electronics,Smart Watch,85,0.05344413785994602,3,241.37174484571375
2024-01-08,Electronics,Bluetooth Speaker,48,0.06306080354013861,8,359.78465144058674
2024-01-08,Home,Air Fryer,110,0.049377985946601706,3,313.70526463762144
2024-01-08,Home,Coffee Maker,75,0.07305294398702637,1,69.52102920097302
2024-01-08,Home,LED Lamp,32,0.03471080751756052,3,92.66776247831419
2024-01-08,Fashion,Hoodie,38,0.06574450019523762,9,319.51538093322876
2024-01-08,Fashion,Sneakers,72,0.057182063850980826,1,67.88289140272938
2024-01-08,Fashion,Backpack,45,0.03821866453153629,2,86.56032019216173
2024-01-08,Beauty,Face Serum,28,0.07295796137038113,4,103.82870832651732
2024-01-08,Beauty,Hair Dryer,55,0.10201198603800912,2,98.778681535819
2024-01-08,Beauty,Perfume,60,0.05216307251650762,3,170.6106469470286
2024-01-09,Electronics,Wireless Headphones,65,0.06937763372712495,6,362.9427228464213
2024-01-09,Electronics,Smart Watch,85,0.0413083461301026,1,81.48879057894128
2024-01-09,Electronics,Bluetooth Speaker,48,0.05029632669150459,3,136.75732895642332
2024-01-09,Home,Air Fryer,110,0.05170155741273326,5,521.5641434229967
2024-01-09,Home,Coffee Maker,75,0.0,0,0.0
2024-01-09,Home,LED Lamp,32,0.03754594826080329,1,30.798529655654296
2024-01-09,Fashion,Hoodie,38,0.024388262264869037,9,333.6592143054148
2024-01-09,Fashion,Sneakers,72,0.07230827272259015,6,400.76282618384107
2024-01-09,Fashion,Backpack,45,0.06013941355006171,8,338.3498111219778
2024-01-09,Beauty,Face Serum,28,0.06003027580721005,5,131.59576138699057
2024-01-09,Beauty,Hair Dryer,55,0.004534220848944601,5,273.75308926654026
2024-01-09,Beauty,Perfume,60,0.06461841333311967,8,448.98316160010256
2024-01-10,Electronics,Wireless Headphones,65,0.04570484766946234,8,496.23347921187957
2024-01-10,Electronics,Smart Watch,85,0.05068144082067346,4,322.768310120971
2024-01-10,Electronics,Bluetooth Speaker,48,0.11638782621798396,6,254.48030604922062
2024-01-10,Home,Air Fryer,110,0.04211846990193798,1,105.36696831078682
2024-01-10,Home,Coffee Maker,75,0.08553186197495855,6,411.51066211126863
2024-01-10,Home,LED Lamp,32,0.061930813565027415,4,120.0728558636765
2024-01-10,Fashion,Hoodie,38,0.052483174014964364,5,180.02819693715676
2024-01-10,Fashion,Sneakers,72,0.04229145638902622,2,137.91003027998022
2024-01-10,Fashion,Backpack,45,0.029642460743797047,8,349.3287141322331
2024-01-10,Beauty,Face Serum,28,0.07071562585783271,3,78.05988742794204
2024-01-10,Beauty,Hair Dryer,55,0.05161173078992316,2,104.32270961310844
2024-01-10,Beauty,Perfume,60,0.04093596164318542,3,172.6315269042266
2024-01-11,Electronics,Wireless Headphones,65,0.073058252125369,5,301.2560680592551
2024-01-11,Electronics,Smart Watch,85,0.0,3,255.0
2024-01-11,Electronics,Bluetooth Speaker,48,0.05976606960163016,5,225.65614329560879
2024-01-11,Home,Air Fryer,110,0.11910173150139115,0,0.0
2024-01-11,Home,Coffee Maker,75,0.04751234347379053,3,214.30972271839713
2024-01-11,Home,LED Lamp,32,0.011727311884514494,7,221.37308213786875
2024-01-11,Fashion,Hoodie,38,0.03304379537895183,8,293.95468620479863
2024-01-11,Fashion,Sneakers,72,0.03942499662165624,8,553.291201945926
2024-01-11,Fashion,Backpack,45,0.05150910164128807,4,170.72836170456816
2024-01-11,Beauty,Face Serum,28,0.05400672312205126,5,132.43905876291282
2024-01-11,Beauty,Hair Dryer,55,0.03856624643778883,7,370.1519951214513
2024-01-11,Beauty,Perfume,60,0.07686494413533129,5,276.9405167594006
2024-01-12,Electronics,Wireless Headphones,65,0.07045581909530861,4,241.68148703521976
2024-01-12,Electronics,Smart Watch,85,0.033354617006853854,2,164.32971510883485
2024-01-12,Electronics,Bluetooth Speaker,48,0.040021521113048165,4,184.31586794629476
2024-01-12,Home,Air Fryer,110,0.029174220899044673,2,213.5816714022102
2024-01-12,Home,Coffee Maker,75,0.06906732188534676,7,488.7396560101929
2024-01-12,Home,LED Lamp,32,0.07444041154990552,5,148.08953415201512
2024-01-12,Fashion,Hoodie,38,0.07776963884072113,5,175.22376862026297
2024-01-12,Fashion,Sneakers,72,0.03985105203521714,6,414.7843455207862
2024-01-12,Fashion,Backpack,45,0.08680860730434967,9,369.84251404173835
2024-01-12,Beauty,Face Serum,28,0.007693242043366015,4,111.13835689114302
2024-01-12,Beauty,Hair Dryer,55,0.009834312319935541,1,54.45911282240354
2024-01-12,Beauty,Perfume,60,0.06627849880462963,5,280.1164503586111
2024-01-13,Electronics,Wireless Headphones,65,0.09457551926788958,8,470.8207299806974
2024-01-13,Electronics,Smart Watch,85,0.03650019597702317,11,900.8723167614834
2024-01-13,Electronics,Bluetooth Speaker,48,0.05315426193925704,4,181.79438170766264
2024-01-13,Home,Air Fryer,110,0.03134570116809616,3,319.6559186145283
2024-01-13,Home,Coffee Maker,75,0.04717342898991058,6,428.7719569545402
2024-01-13,Home,LED Lamp,32,0.07150484533772557,2,59.42368989838556
2024-01-13,Fashion,Hoodie,38,0.03636180726081566,4,146.47300529635604
2024-01-13,Fashion,Sneakers,72,0.03230837546228178,1,69.67379696671571
2024-01-13,Fashion,Backpack,45,0.03765799702515808,3,129.91617040160367
2024-01-13,Beauty,Face Serum,28,0.09064587303553152,2,50.923831110010234
2024-01-13,Beauty,Hair Dryer,55,0.026295532196465167,4,214.21498291677767
2024-01-13,Beauty,Perfume,60,0.03129189403200189,7,406.8574045065592
2024-01-14,Electronics,Wireless Headphones,65,0.11068248519098717,8,462.4451077006867
2024-01-14,Electronics,Smart Watch,85,0.0425884985457988,6,488.2798657416426
2024-01-14,Electronics,Bluetooth Speaker,48,0.041243920678083607,3,138.06087542235596
2024-01-14,Home,Air Fryer,110,0.07712316339984708,7,710.6151641821177
2024-01-14,Home,Coffee Maker,75,0.0,4,300.0
2024-01-14,Home,LED Lamp,32,0.05009380667476518,5,151.9849909320376
2024-01-14,Fashion,Hoodie,38,0.04902074533532455,11,397.50932844983436
2024-01-14,Fashion,Sneakers,72,0.04110632709915425,12,828.4841333863307
2024-01-14,Fashion,Backpack,45,0.03795496917183439,9,389.62823748540706
2024-01-14,Beauty,Face Serum,28,0.04751503585155533,7,186.68705297309515
2024-01-14,Beauty,Hair Dryer,55,0.028784472089637407,3,160.25056210520984
2024-01-14,Beauty,Perfume,60,0.049530736752945316,6,342.1689347689397
2024-01-15,Electronics,Wireless Headphones,65,0.057262986498336034,8,490.22324702086524
2024-01-15,Electronics,Smart Watch,85,0.08373580126408159,8,623.0596551404245
2024-01-15,Electronics,Bluetooth Speaker,48,0.014922475140558236,4,189.13488477301283
2024-01-15,Home,Air Fryer,110,0.054520817625940445,4,416.01084024458623
2024-01-15,Home,Coffee Maker,75,0.016221778516771215,4,295.13346644496863
2024-01-15,Home,LED Lamp,32,0.07468661585224384,4,118.44011317091278
2024-01-15,Fashion,Hoodie,38,0.08591567448660486,10,347.3520436950902
2024-01-15,Fashion,Sneakers,72,0.0068984021808040225,5,357.5165752149105
2024-01-15,Fashion,Backpack,45,0.053375441086650974,6,255.58863090660424
2024-01-15,Beauty,Face Serum,28,0.06832674779693285,4,104.34740424674352
2024-01-15,Beauty,Hair Dryer,55,0.07300201952609023,2,101.96977785213008
2024-01-15,Beauty,Perfume,60,0.05191899950590702,1,56.88486002964558
2024-01-16,Electronics,Wireless Headphones,65,0.07077789874920255,12,724.793238975622
2024-01-16,Electronics,Smart Watch,85,0.08175432527382005,4,312.20352940690117
2024-01-16,Electronics,Bluetooth Speaker,48,0.05115698596584107,9,409.90018206275664
2024-01-16,Home,Air Fryer,110,0.04970175575144138,1,104.53280686734145
2024-01-16,Home,Coffee Maker,75,0.05723553932127663,5,353.53667275452125
2024-01-16,Home,LED Lamp,32,0.0036540345230453436,4,127.5322835810502
2024-01-16,Fashion,Hoodie,38,0.053386431274627055,12,431.65578733877004
2024-01-16,Fashion,Sneakers,72,0.019595165322005944,7,494.12403667770906
2024-01-16,Fashion,Backpack,45,0.08083574391831788,9,372.26152371308126
2024-01-16,Beauty,Face Serum,28,0.06565275543893843,4,104.64689139083889
2024-01-16,Beauty,Hair Dryer,55,0.04437821782272828,1,52.55919801974994
2024-01-16,Beauty,Perfume,60,0.07473572655536039,2,111.03171281335675
2024-01-17,Electronics,Wireless Headphones,65,0.023748216414146046,6,380.73819559848306
2024-01-17,Electronics,Smart Watch,85,0.03484245407384491,0,0.0
2024-01-17,Electronics,Bluetooth Speaker,48,0.054799111823936986,2,90.73928526490204
2024-01-17,Home,Air Fryer,110,0.05201297210353348,3,312.8357192058339
2024-01-17,Home,Coffee Maker,75,0.025127464104823378,5,365.57720096069124
2024-01-17,Home,LED Lamp,32,0.048599604020857994,4,121.77925068533018
2024-01-17,Fashion,Hoodie,38,0.027798466950115182,11,406.38024081485185
2024-01-17,Fashion,Sneakers,72,0.032322822715547525,3,209.01827029344173
2024-01-17,Fashion,Backpack,45,0.056452721001248735,13,551.9751582142695
2024-01-17,Beauty,Face Serum,28,0.02154404704777731,5,136.98383341331117
2024-01-17,Beauty,Hair Dryer,55,0.0694417826148933,1,51.18070195618087
2024-01-17,Beauty,Perfume,60,0.04208324066633972,2,114.95001112003924
2024-01-18,Electronics,Wireless Headphones,65,0.037377284760597415,1,62.57047649056117
2024-01-18,Electronics,Smart Watch,85,0.06982900671835736,4,316.2581377157585
2024-01-18,Electronics,Bluetooth Speaker,48,0.1009002579468368,7,302.09751332986286
2024-01-18,Home,Air Fryer,110,0.0587831872933028,6,621.2030963864202
2024-01-18,Home,Coffee Maker,75,0.0424392097170397,4,287.2682370848881
2024-01-18,Home,LED Lamp,32,0.01862723750730371,4,125.61571359906513
2024-01-18,Fashion,Hoodie,38,0.04421947106458115,4,145.27864039818365
2024-01-18,Fashion,Sneakers,72,0.03334189458811794,8,556.795068717244
2024-01-18,Fashion,Backpack,45,0.07646711691117637,8,332.47183791197654
2024-01-18,Beauty,Face Serum,28,0.07766516344184135,4,103.30150169451376
2024-01-18,Beauty,Hair Dryer,55,0.06800847945821521,3,153.77860088939448
2024-01-18,Beauty,Perfume,60,0.06352905662196262,4,224.75302641072898
2024-01-19,Electronics,Wireless Headphones,65,0.01727759584470953,6,383.2617376205633
2024-01-19,Electronics,Smart Watch,85,0.08152754281628578,5,390.35079430307854
2024-01-19,Electronics,Bluetooth Speaker,48,0.03654206770221752,4,184.98392300117425
2024-01-19,Home,Air Fryer,110,0.009020552236271344,6,654.0464355240609
2024-01-19,Home,Coffee Maker,75,0.07995122152634844,4,276.01463354209545
2024-01-19,Home,LED Lamp,32,0.059538002837072,6,180.56870345528216
2024-01-19,Fashion,Hoodie,38,0.05364190482940007,8,287.69286093186236
2024-01-19,Fashion,Sneakers,72,0.016963622298718,6,424.67171516695385
2024-01-19,Fashion,Backpack,45,0.051212651075110624,6,256.1725842097201
2024-01-19,Beauty,Face Serum,28,0.050024722334376014,6,159.59584664782483
2024-01-19,Beauty,Hair Dryer,55,0.012755364417091672,2,108.59690991411992
2024-01-19,Beauty,Perfume,60,0.016323829463613042,6,354.1234213930993
2024-01-20,Electronics,Wireless Headphones,65,0.06672536182094961,10,606.6285148163828
2024-01-20,Electronics,Smart Watch,85,0.06543618802989788,5,397.1896200872934
2024-01-20,Electronics,Bluetooth Speaker,48,0.054711781785445016,1,45.37383447429864
2024-01-20,Home,Air Fryer,110,0.04609002651000121,3,314.7902912516996
2024-01-20,Home,Coffee Maker,75,0.06308412139805741,8,562.1495271611656
2024-01-20,Home,LED Lamp,32,0.06160491270215216,6,180.17185676118677
2024-01-20,Fashion,Hoodie,38,0.04341718434955675,5,181.7507349735842
2024-01-20,Fashion,Sneakers,72,0.08191882723959348,6,396.61106663249564
2024-01-20,Fashion,Backpack,45,0.034732832239084924,9,390.9332029431706
2024-01-20,Beauty,Face Serum,28,0.04636514474242369,6,160.21065568327282
2024-01-20,Beauty,Hair Dryer,55,0.052710151427989106,6,312.6056500287636
2024-01-20,Beauty,Perfume,60,0.06751670164099517,3,167.84699370462087
2024-01-21,Electronics,Wireless Headphones,65,0.0691739392178694,6,363.02216370503095
2024-01-21,Electronics,Smart Watch,85,0.06385086449503338,2,159.14535303584432
2024-01-21,Electronics,Bluetooth Speaker,48,0.029247328223685726,6,279.57676947157853
2024-01-21,Home,Air Fryer,110,0.03960094446754462,1,105.64389610857009
2024-01-21,Home,Coffee Maker,75,0.10162835415992104,0,0.0
2024-01-21,Home,LED Lamp,32,0.021474137551344287,4,125.25131039342793
2024-01-21,Fashion,Hoodie,38,0.0025498292771131206,12,454.8372778496364
2024-01-21,Fashion,Sneakers,72,0.0635258845566983,4,269.7045452476709
2024-01-21,Fashion,Backpack,45,0.05563041537673865,9,382.46968177242087
2024-01-21,Beauty,Face Serum,28,0.052339138022705414,6,159.2070248121855
2024-01-21,Beauty,Hair Dryer,55,0.0,6,330.0
2024-01-21,Beauty,Perfume,60,0.06332343438678675,2,112.40118787358558
2024-01-22,Electronics,Wireless Headphones,65,0.08024843053839448,4,239.13540806001743
2024-01-22,Electronics,Smart Watch,85,0.0,2,170.0
2024-01-22,Electronics,Bluetooth Speaker,48,0.06555417224603995,8,358.8271978575207
2024-01-22,Home,Air Fryer,110,0.08797725287954875,5,501.6125109162482
2024-01-22,Home,Coffee Maker,75,0.0586147086914031,3,211.8116905444343
2024-01-22,Home,LED Lamp,32,0.055665535520210634,2,60.43740572670652
2024-01-22,Fashion,Hoodie,38,0.061327388942474095,5,178.3477961009299
2024-01-22,Fashion,Sneakers,72,0.051471004714465675,3,204.8822629816754
2024-01-22,Fashion,Backpack,45,0.08828091011402826,4,164.1094361794749
2024-01-22,Beauty,Face Serum,28,0.1326374516809415,5,121.4307567646682
2024-01-22,Beauty,Hair Dryer,55,0.0286519686338382,5,267.1207086256945
2024-01-22,Beauty,Perfume,60,0.04931930371299685,6,342.24505066332114
2024-01-23,Electronics,Wireless Headphones,65,0.07448948144545509,2,120.31636741209084
2024-01-23,Electronics,Smart Watch,85,0.06800369746971892,8,633.7574857205911
2024-01-23,Electronics,Bluetooth Speaker,48,0.060759475512675236,6,270.5012710523495
2024-01-23,Home,Air Fryer,110,0.05686410057740829,9,933.7045404283658
2024-01-23,Home,Coffee Maker,75,0.0591609750093631,2,141.12585374859552
2024-01-23,Home,LED Lamp,32,0.05755090132710101,3,90.4751134725983
2024-01-23,Fashion,Hoodie,38,0.07069148547195986,4,141.2548942082621
2024-01-23,Fashion,Sneakers,72,0.0600467766888732,2,135.35326415680225
2024-01-23,Fashion,Backpack,45,0.07551903357021619,7,291.2115044253819
2024-01-23,Beauty,Face Serum,28,0.06340554398200811,3,78.67393430551131
2024-01-23,Beauty,Hair Dryer,55,0.08466899928053219,4,201.37282015828293
2024-01-23,Beauty,Perfume,60,0.07545908662893781,6,332.8347288135824
2024-01-24,Electronics,Wireless Headphones,65,0.10950823940166862,7,405.17375107224075
2024-01-24,Electronics,Smart Watch,85,0.036716996763998366,7,573.1533869254209
2024-01-24,Electronics,Bluetooth Speaker,48,0.05874744460467214,3,135.5403679769272
2024-01-24,Home,Air Fryer,110,0.019119908603677096,7,755.2776703751687
2024-01-24,Home,Coffee Maker,75,0.055315417332868856,4,283.4053748001393
2024-01-24,Home,LED Lamp,32,0.05605864367826804,6,181.23674041377254
2024-01-24,Fashion,Hoodie,38,0.04769715632286427,9,325.6875725375804
2024-01-24,Fashion,Sneakers,72,0.040648033957123325,4,276.2933662203485
2024-01-24,Fashion,Backpack,45,0.06349598306892718,6,252.85608457138966
2024-01-24,Beauty,Face Serum,28,0.0,6,168.0
2024-01-24,Beauty,Hair Dryer,55,0.03533718827588812,4,212.22581857930462
2024-01-24,Beauty,Perfume,60,0.03606862666293994,3,173.50764720067082
2024-01-25,Electronics,Wireless Headphones,65,0.03893830693521016,3,187.40703014763403
2024-01-25,Electronics,Smart Watch,85,0.07506712469426055,6,471.7157664059271
2024-01-25,Electronics,Bluetooth Speaker,48,0.0652697588241718,6,269.2023094586385
2024-01-25,Home,Air Fryer,110,0.04749886024666173,2,209.55025074573442
2024-01-25,Home,Coffee Maker,75,0.042271863690418084,2,143.65922044643727
2024-01-25,Home,LED Lamp,32,0.06273411844234433,6,179.95504925906988
2024-01-25,Fashion,Hoodie,38,0.08049179662611408,6,209.647870369246
2024-01-25,Fashion,Sneakers,72,0.06364256392500929,11,741.5950893713926
2024-01-25,Fashion,Backpack,45,0.05910967923037626,7,296.3804510424315
2024-01-25,Beauty,Face Serum,28,0.10058484206346424,3,75.550873266669
2024-01-25,Beauty,Hair Dryer,55,0.077031550240524,2,101.52652947354235
2024-01-25,Beauty,Perfume,60,0.05515713739949589,8,453.52457404824196
2024-01-26,Electronics,Wireless Headphones,65,0.025629475577733,5,316.67042043723677
2024-01-26,Electronics,Smart Watch,85,0.09094311387479664,9,695.4285178857805
2024-01-26,Electronics,Bluetooth Speaker,48,0.07911867465956902,4,176.80921446536274
2024-01-26,Home,Air Fryer,110,0.01618880878615036,1,108.21923103352346
2024-01-26,Home,Coffee Maker,75,0.03300788974697437,5,362.6220413448846
2024-01-26,Home,LED Lamp,32,0.019535710215898006,5,156.87428636545633
2024-01-26,Fashion,Hoodie,38,0.06843576040922561,5,176.99720552224713
2024-01-26,Fashion,Sneakers,72,0.07549590933671352,4,266.2571781110265
2024-01-26,Fashion,Backpack,45,0.02653705820547825,8,350.44665904602783
2024-01-26,Beauty,Face Serum,28,0.04909320863765317,5,133.12695079072856
2024-01-26,Beauty,Hair Dryer,55,0.016719586309482858,6,324.48253651787064
2024-01-26,Beauty,Perfume,60,0.04779250227395131,5,285.6622493178146
2024-01-27,Electronics,Wireless Headphones,65,0.10363021055648917,7,407.8482541967974
2024-01-27,Electronics,Smart Watch,85,0.053331016399276204,6,482.80118163636917
2024-01-27,Electronics,Bluetooth Speaker,48,0.03685744200916595,6,277.3850567013602
2024-01-27,Home,Air Fryer,110,0.08387170407797596,8,806.1929004113812
2024-01-27,Home,Coffee Maker,75,0.06642222032762195,5,350.0916673771418
2024-01-27,Home,LED Lamp,32,0.03069794733420792,3,93.05299705591604
2024-01-27,Fashion,Hoodie,38,0.033757571966182204,12,440.6065471834209
2024-01-27,Fashion,Sneakers,72,0.07407378707743226,12,800.0002479650985
2024-01-27,Fashion,Backpack,45,0.05067745989771264,8,341.75611443682345
2024-01-27,Beauty,Face Serum,28,0.08785123771872602,10,255.4016534387567
2024-01-27,Beauty,Hair Dryer,55,0.03844626439513877,2,105.77091091653473
2024-01-27,Beauty,Perfume,60,0.06839522303528871,10,558.9628661788267
2024-01-28,Electronics,Wireless Headphones,65,0.05238569718294632,7,431.1645077817594
2024-01-28,Electronics,Smart Watch,85,0.049889908308349475,5,403.7967889689515
2024-01-28,Electronics,Bluetooth Speaker,48,0.0697404904765994,5,223.26228228561615
2024-01-28,Home,Air Fryer,110,0.059326797405777704,3,310.42215685609335
2024-01-28,Home,Coffee Maker,75,0.05386485767668649,6,425.7608140454911
2024-01-28,Home,LED Lamp,32,0.06767981007203339,5,149.17123038847467
2024-01-28,Fashion,Hoodie,38,0.09754128239581182,3,102.88029380687745
2024-01-28,Fashion,Sneakers,72,0.06860395471274974,6,402.36309156409214
2024-01-28,Fashion,Backpack,45,0.023549835680834925,7,307.581801760537
2024-01-28,Beauty,Face Serum,28,0.04537587586912819,5,133.64737737832206
2024-01-28,Beauty,Hair Dryer,55,0.06087741710408353,7,361.56219441492783
2024-01-28,Beauty,Perfume,60,0.04550447816385052,4,229.0789252406759
2024-01-29,Electronics,Wireless Headphones,65,0.027511512579593417,6,379.2705100939586
2024-01-29,Electronics,Smart Watch,85,0.09670221256308016,4,307.1212477285527
2024-01-29,Electronics,Bluetooth Speaker,48,0.039452866152140616,6,276.6375745481835
2024-01-29,Home,Air Fryer,110,0.04955454661247021,3,313.64699961788483
2024-01-29,Home,Coffee Maker,75,0.05583243106248006,4,283.250270681256
2024-01-29,Home,LED Lamp,32,0.05842080563943906,5,150.65267109768973
2024-01-29,Fashion,Hoodie,38,0.03471669067381761,5,183.40382877197464
2024-01-29,Fashion,Sneakers,72,0.024149091552879465,5,351.30632704096337
2024-01-29,Fashion,Backpack,45,0.06883984429697278,5,209.51103503318112
2024-01-29,Beauty,Face Serum,28,0.05265187805732893,6,159.15448448636874
2024-01-29,Beauty,Hair Dryer,55,0.03804464938071523,2,105.81508856812133
2024-01-29,Beauty,Perfume,60,0.0,4,240.0
2024-01-30,Electronics,Wireless Headphones,65,0.07163008248342127,3,181.03213391573286
2024-01-30,Electronics,Smart Watch,85,0.0816660475476898,5,390.2919297922318
2024-01-30,Electronics,Bluetooth Speaker,48,0.05267201068559063,1,45.47174348709164
2024-01-30,Home,Air Fryer,110,0.054960826788353005,5,519.7715452664058
2024-01-30,Home,Coffee Maker,75,0.08168168798005902,4,275.4954936059823
2024-01-30,Home,LED Lamp,32,0.02423828507289999,4,124.89749951066881
2024-01-30,Fashion,Hoodie,38,0.09197952644492079,4,138.01911198037203
2024-01-30,Fashion,Sneakers,72,0.052183349381535064,10,682.4279884452948
2024-01-30,Fashion,Backpack,45,0.01598647199528211,9,398.52547884191074
2024-01-30,Beauty,Face Serum,28,0.0,12,336.0
2024-01-30,Beauty,Hair Dryer,55,0.019879578626311442,7,377.34636222887013
2024-01-30,Beauty,Perfume,60,0.06002958114082405,0,0.0
2024-01-31,Electronics,Wireless Headphones,65,0.07228593038322807,7,422.10990167563125
2024-01-31,Electronics,Smart Watch,85,0.030905782024953345,4,329.49203411151586
2024-01-31,Electronics,Bluetooth Speaker,48,0.037392242202023224,1,46.20517237430289
2024-01-31,Home,Air Fryer,110,0.04201506109474932,6,632.2700596774655
2024-01-31,Home,Coffee Maker,75,0.0236766801060648,4,292.89699596818053
2024-01-31,Home,LED Lamp,32,0.013598828222148723,4,126.25934998756496
2024-01-31,Fashion,Hoodie,38,0.05601399009997654,8,286.97174700960716
2024-01-31,Fashion,Sneakers,72,0.02575749687161048,4,280.5818409009762
2024-01-31,Fashion,Backpack,45,0.05817701073252219,7,296.6742416192555
2024-01-31,Beauty,Face Serum,28,0.09701107045071576,2,50.567380054759916
2024-01-31,Beauty,Hair Dryer,55,0.04156233782806223,4,210.85628567782632
2024-01-31,Beauty,Perfume,60,0.058046783460632356,2,113.03438598472411
2024-02-01,Electronics,Wireless Headphones,65,0.08531223442269625,6,356.7282285751485
2024-02-01,Electronics,Smart Watch,85,0.010371956132713654,6,504.710302372316
2024-02-01,Electronics,Bluetooth Speaker,48,0.038503745252280765,8,369.2145618231242
2024-02-01,Home,Air Fryer,110,0.029807810955993243,5,533.6057039742037
2024-02-01,Home,Coffee Maker,75,0.0903130290005138,3,204.67956847488438
2024-02-01,Home,LED Lamp,32,0.05470219791301272,3,90.74858900035079
2024-02-01,Fashion,Hoodie,38,0.056283297845770276,10,358.6123468186073
2024-02-01,Fashion,Sneakers,72,0.047795735185815175,5,342.79353533310655
2024-02-01,Fashion,Backpack,45,0.08123709972308792,8,330.75464409968833
2024-02-01,Beauty,Face Serum,28,0.0741661559169991,3,77.77004290297208
2024-02-01,Beauty,Hair Dryer,55,0.08133586191981483,3,151.57958278323056
2024-02-01,Beauty,Perfume,60,0.0798960571086614,4,220.82494629392124
2024-02-02,Electronics,Wireless Headphones,65,0.07335801029515854,13,783.012481300591
2024-02-02,Electronics,Smart Watch,85,0.06640509105671509,2,158.71113452035843
2024-02-02,Electronics,Bluetooth Speaker,48,0.11187943463410059,1,42.62978713756317
2024-02-02,Home,Air Fryer,110,0.07248731406718031,6,612.158372715661
2024-02-02,Home,Coffee Maker,75,0.0386815601864297,2,144.19776597203554
2024-02-02,Home,LED Lamp,32,0.03910030162237064,6,184.49274208850483
2024-02-02,Fashion,Hoodie,38,0.04248521715082858,4,145.54224699307406
2024-02-02,Fashion,Sneakers,72,0.12627309205568493,2,125.81667474398137
2024-02-02,Fashion,Backpack,45,0.03268806755735573,7,304.70325871943294
2024-02-02,Beauty,Face Serum,28,0.003855002489487072,6,167.35235958176617
2024-02-02,Beauty,Hair Dryer,55,0.05160193598281792,7,365.1332546466151
2024-02-02,Beauty,Perfume,60,0.057524344422877814,7,395.8397753423913
2024-02-03,Electronics,Wireless Headphones,65,0.08493678515178082,7,416.3537627559397
2024-02-03,Electronics,Smart Watch,85,0.045629933980707194,9,730.093100504759
2024-02-03,Electronics,Bluetooth Speaker,48,0.057596090669496225,5,226.17693823932092
2024-02-03,Home,Air Fryer,110,0.07462178071849596,7,712.5412288467581
2024-02-03,Home,Coffee Maker,75,0.05591726359569062,3,212.4186156909696
2024-02-03,Home,LED Lamp,32,0.0060902066049580775,6,190.83068033184804
2024-02-03,Fashion,Hoodie,38,0.035526388660135154,6,219.89998338548918
2024-02-03,Fashion,Sneakers,72,0.06442600283154634,1,67.36132779612866
2024-02-03,Fashion,Backpack,45,0.05864247788475455,6,254.1665309711163
2024-02-03,Beauty,Face Serum,28,0.056548919705272635,1,26.416630248252368
2024-02-03,Beauty,Hair Dryer,55,0.07294362529729854,2,101.97620121729716
2024-02-03,Beauty,Perfume,60,0.0544006794235599,5,283.679796172932
2024-02-04,Electronics,Wireless Headphones,65,0.04829409716453308,6,371.1653021058321
2024-02-04,Electronics,Smart Watch,85,0.039732763512804956,6,489.73629060846946
2024-02-04,Electronics,Bluetooth Speaker,48,0.06011440120563144,9,406.03057867916726
2024-02-04,Home,Air Fryer,110,0.06549277729095301,7,719.5705614859662
2024-02-04,Home,Coffee Maker,75,0.07850028907698157,4,276.44991327690553
2024-02-04,Home,LED Lamp,32,0.03648968991621693,2,61.66465984536212
2024-02-04,Fashion,Hoodie,38,0.0625022970097545,13,463.12386527718127
2024-02-04,Fashion,Sneakers,72,0.013523689890233781,2,142.05258865580635
2024-02-04,Fashion,Backpack,45,0.06681520922984742,11,461.92647143122554
2024-02-04,Beauty,Face Serum,28,0.04771773713856122,7,186.647323520842
2024-02-04,Beauty,Hair Dryer,55,0.06043507805197504,6,310.05642424284827
2024-02-04,Beauty,Perfume,60,0.06869938485775075,6,335.26822145120974
2024-02-05,Electronics,Wireless Headphones,65,0.04273310178653586,8,497.7787870710013
2024-02-05,Electronics,Smart Watch,85,0.04581208105140777,1,81.10597311063034
2024-02-05,Electronics,Bluetooth Speaker,48,0.05121051893351942,9,409.8770558207196
2024-02-05,Home,Air Fryer,110,0.05235124395871926,3,312.72408949362267
2024-02-05,Home,Coffee Maker,75,0.0,3,225.0
2024-02-05,Home,LED Lamp,32,0.08009060961920315,5,147.1855024609275
2024-02-05,Fashion,Hoodie,38,0.04571574861394064,10,362.62801552670254
2024-02-05,Fashion,Sneakers,72,0.07947945599478656,12,795.3297500205044
2024-02-05,Fashion,Backpack,45,0.03549968954896443,5,217.012569851483
2024-02-05,Beauty,Face Serum,28,0.04929686096007015,3,79.85906367935411
2024-02-05,Beauty,Hair Dryer,55,0.023377995742454638,5,268.57105117082494
2024-02-05,Beauty,Perfume,60,0.05742479200726051,5,282.77256239782184
2024-02-06,Electronics,Wireless Headphones,65,0.06916394018132307,6,363.026063329284
2024-02-06,Electronics,Smart Watch,85,0.07165192279417207,4,315.6383462499815
2024-02-06,Electronics,Bluetooth Speaker,48,0.023995951242007943,8,374.78555472306897
2024-02-06,Home,Air Fryer,110,0.03406878402211337,8,850.0194700605402
2024-02-06,Home,Coffee Maker,75,0.016576368111194437,2,147.51354478332084
2024-02-06,Home,LED Lamp,32,0.0,4,128.0
2024-02-06,Fashion,Hoodie,38,0.0630122214405791,5,178.02767792628998
2024-02-06,Fashion,Sneakers,72,0.07444175366246927,3,199.92058120890664
2024-02-06,Fashion,Backpack,45,0.025140198230103696,8,350.94952863716264
2024-02-06,Beauty,Face Serum,28,0.03557384354027813,6,162.02359428523326
2024-02-06,Beauty,Hair Dryer,55,0.06808852551205725,7,358.785917677858
2024-02-06,Beauty,Perfume,60,0.06118484238750144,3,168.98672837024975
2024-02-07,Electronics,Wireless Headphones,65,0.007061638818985368,11,709.9509282444254
2024-02-07,Electronics,Smart Watch,85,0.03090334517859366,8,658.9857252785564
2024-02-07,Electronics,Bluetooth Speaker,48,0.058211468508141094,2,90.41169902321846
2024-02-07,Home,Air Fryer,110,0.06877605251126091,7,717.0424395663291
2024-02-07,Home,Coffee Maker,75,0.06856075513187126,8,558.8635469208773
2024-02-07,Home,LED Lamp,32,0.003957422923276027,7,223.11353726518615
2024-02-07,Fashion,Hoodie,38,0.0563590583634228,8,286.86684625751946
2024-02-07,Fashion,Sneakers,72,0.023093305670391195,6,422.02369195039097
2024-02-07,Fashion,Backpack,45,0.03769309917023374,9,389.7342948360553
2024-02-07,Beauty,Face Serum,28,0.055420714463889506,4,105.79287998004438
2024-02-07,Beauty,Hair Dryer,55,0.0882702498629466,5,250.72568128768967
2024-02-07,Beauty,Perfume,60,0.06854898953734376,3,167.66118188327812
2024-02-08,Electronics,Wireless Headphones,65,0.09595810647045516,8,470.10178463536334
2024-02-08,Electronics,Smart Watch,85,0.07533467106184341,5,392.9827647987165
2024-02-08,Electronics,Bluetooth Speaker,48,0.06395202740459069,5,224.65151342289823
2024-02-08,Home,Air Fryer,110,0.089133622430592,2,200.39060306526977
2024-02-08,Home,Coffee Maker,75,0.060057717677873185,1,70.49567117415951
2024-02-08,Home,LED Lamp,32,0.016116532939880517,3,94.45281283777148
2024-02-08,Fashion,Hoodie,38,0.04805195027088161,5,180.8701294485325
2024-02-08,Fashion,Sneakers,72,0.00955586880304584,6,427.8718646770842
2024-02-08,Fashion,Backpack,45,0.08754412676693883,5,205.30257147743876
2024-02-08,Beauty,Face Serum,28,0.0680534316493143,6,156.5670234829152
2024-02-08,Beauty,Hair Dryer,55,0.02618008198482532,3,160.6802864725038
2024-02-08,Beauty,Perfume,60,0.02335979443261928,6,351.5904740042571
2024-02-09,Electronics,Wireless Headphones,65,0.009259928549640382,4,257.5924185770935
2024-02-09,Electronics,Smart Watch,85,0.014319026646609459,5,418.914413675191
2024-02-09,Electronics,Bluetooth Speaker,48,0.017971699554180924,2,94.27471684279864
2024-02-09,Home,Air Fryer,110,0.07350766070445892,6,611.4849439350571
2024-02-09,Home,Coffee Maker,75,0.0325329464310285,1,72.56002901767286
2024-02-09,Home,LED Lamp,32,0.04749981467084813,1,30.48000593053286
2024-02-09,Fashion,Hoodie,38,0.053099941048792294,5,179.91101120072946
2024-02-09,Fashion,Sneakers,72,0.07737532644090604,8,531.4318119700381
2024-02-09,Fashion,Backpack,45,0.008494234632632477,5,223.0887972076577
2024-02-09,Beauty,Face Serum,28,0.04653306428087677,9,240.27366780121906
2024-02-09,Beauty,Hair Dryer,55,0.04507053505756273,3,157.56336171550214
2024-02-09,Beauty,Perfume,60,0.04761655572567496,2,114.28601331291901
2024-02-10,Electronics,Wireless Headphones,65,0.008055047443040322,5,322.3821095810119
2024-02-10,Electronics,Smart Watch,85,0.0916165416947859,3,231.63778186782957
2024-02-10,Electronics,Bluetooth Speaker,48,0.042637287584955066,6,275.72046117553293
2024-02-10,Home,Air Fryer,110,0.08208922728915315,3,302.91055499457946
2024-02-10,Home,Coffee Maker,75,0.05935316083196652,2,141.09702587520502
2024-02-10,Home,LED Lamp,32,0.05580673334038071,1,30.21418453310782
2024-02-10,Fashion,Hoodie,38,0.04333402715170018,14,508.9462975552955
2024-02-10,Fashion,Sneakers,72,0.01857924683690048,8,565.2983538219453
2024-02-10,Fashion,Backpack,45,0.08685048451959182,8,328.7338255729469
2024-02-10,Beauty,Face Serum,28,0.012851174713094889,10,276.4016710803334
2024-02-10,Beauty,Hair Dryer,55,0.03339934817274255,4,212.65214340199663
2024-02-10,Beauty,Perfume,60,0.03577670267637309,5,289.26698919708804
2024-02-11,Electronics,Wireless Headphones,65,0.033101174650346475,7,439.93896553409235
2024-02-11,Electronics,Smart Watch,85,0.03041536812251672,9,741.7322433862747
2024-02-11,Electronics,Bluetooth Speaker,48,0.061374671538564074,5,225.2700788307446
2024-02-11,Home,Air Fryer,110,0.07357957617276227,2,203.8124932419923
2024-02-11,Home,Coffee Maker,75,0.06464114010457282,6,420.91148695294225
2024-02-11,Home,LED Lamp,32,0.03712617263045464,6,184.87177485495272
2024-02-11,Fashion,Hoodie,38,0.04057867247799192,9,328.12209401252676
2024-02-11,Fashion,Sneakers,72,0.010887260464359921,5,356.0805862328304
2024-02-11,Fashion,Backpack,45,0.05596591821624363,6,254.88920208161423
2024-02-11,Beauty,Face Serum,28,0.06279807322429673,2,52.48330789943938
2024-02-11,Beauty,Hair Dryer,55,0.0,8,440.0
2024-02-11,Beauty,Perfume,60,0.050747425139784356,7,398.6860814412906
2024-02-12,Electronics,Wireless Headphones,65,0.0559015952111053,3,184.09918893383448
2024-02-12,Electronics,Smart Watch,85,0.053275664538421,6,482.8294110854053
2024-02-12,Electronics,Bluetooth Speaker,48,0.08583864624998866,5,219.39872490000272
2024-02-12,Home,Air Fryer,110,0.009453483378528686,7,762.720817798533
2024-02-12,Home,Coffee Maker,75,0.051327025640438194,4,284.6018923078685
2024-02-12,Home,LED Lamp,32,0.06924274827593052,3,89.35269616551066
2024-02-12,Fashion,Hoodie,38,0.005441026138431358,9,340.13916906065646
2024-02-12,Fashion,Sneakers,72,0.03367418815532228,7,487.02820916971757
2024-02-12,Fashion,Backpack,45,0.06095444878700272,4,169.0281992183395
2024-02-12,Beauty,Face Serum,28,0.003459511663637886,9,251.12820306076324
2024-02-12,Beauty,Hair Dryer,55,0.11653774045332575,3,145.77127282520124
2024-02-12,Beauty,Perfume,60,0.09492742693806337,8,434.4348350697296
2024-02-13,Electronics,Wireless Headphones,65,0.061831971997466775,5,304.9046091008233
2024-02-13,Electronics,Smart Watch,85,0.06005855307004167,6,479.3701379342787
2024-02-13,Electronics,Bluetooth Speaker,48,0.034918416833479175,7,324.267411943951
2024-02-13,Home,Air Fryer,110,0.041798225701669904,3,316.20658551844895
2024-02-13,Home,Coffee Maker,75,0.07987378714418081,10,690.0946596418644
2024-02-13,Home,LED Lamp,32,0.03327933471704748,3,92.80518386716344
2024-02-13,Fashion,Hoodie,38,0.09504751053084387,8,275.10555679862347
2024-02-13,Fashion,Sneakers,72,0.036950632726624744,5,346.69777221841514
2024-02-13,Fashion,Backpack,45,0.03309308859722892,5,217.5540550656235
2024-02-13,Beauty,Face Serum,28,0.04021735975308715,5,134.3695696345678
2024-02-13,Beauty,Hair Dryer,55,0.05727933871617407,2,103.69927274122085
2024-02-13,Beauty,Perfume,60,0.06488779045632401,6,336.64039543572335
2024-02-14,Electronics,Wireless Headphones,65,0.014389190051525877,5,320.3235132332541
2024-02-14,Electronics,Smart Watch,85,0.04663224912506243,4,324.1450352974788
2024-02-14,Electronics,Bluetooth Speaker,48,0.048976159324814944,7,319.5440104668622
2024-02-14,Home,Air Fryer,110,0.047340847208276506,2,209.5850136141792
2024-02-14,Home,Coffee Maker,75,0.05033382581760217,5,356.1248153183992
2024-02-14,Home,LED Lamp,32,0.058016795010140454,3,90.43038767902652
2024-02-14,Fashion,Hoodie,38,0.05492860186554123,13,466.86527067842263
2024-02-14,Fashion,Sneakers,72,0.07889901331617045,3,198.95781312370718
2024-02-14,Fashion,Backpack,45,0.0812254183597944,8,330.75884939047404
2024-02-14,Beauty,Face Serum,28,0.07172082965058893,9,233.9263509280516
2024-02-14,Beauty,Hair Dryer,55,0.017028624874494205,2,108.12685126380563
2024-02-14,Beauty,Perfume,60,0.04764050633222306,5,285.7078481003331
2024-02-15,Electronics,Wireless Headphones,65,0.06414372650950943,7,425.8146044381732
2024-02-15,Electronics,Smart Watch,85,0.05281216325753957,7,563.576762861764
2024-02-15,Electronics,Bluetooth Speaker,48,0.05850541052721979,6,271.1504417681607
2024-02-15,Home,Air Fryer,110,0.05211066529929373,6,625.6069609024661
2024-02-15,Home,Coffee Maker,75,0.07498767113285304,3,208.12777399510807
2024-02-15,Home,LED Lamp,32,0.03711262809297693,6,184.87437540614843
2024-02-15,Fashion,Hoodie,38,0.05558085051202222,8,287.10342144434526
2024-02-15,Fashion,Sneakers,72,0.03703452012223996,3,208.00054365359617
2024-02-15,Fashion,Backpack,45,0.03718513377251157,6,259.9600138814219
2024-02-15,Beauty,Face Serum,28,0.03302935210280779,3,81.22553442336415
2024-02-15,Beauty,Hair Dryer,55,0.05071627334396613,2,104.42120993216373
2024-02-15,Beauty,Perfume,60,0.051314368023093464,3,170.76341375584317
2024-02-16,Electronics,Wireless Headphones,65,0.03299975936746283,10,628.5501564111491
2024-02-16,Electronics,Smart Watch,85,0.06999894724485195,2,158.1001789683752
2024-02-16,Electronics,Bluetooth Speaker,48,0.041238937541126924,13,598.2669029743367
2024-02-16,Home,Air Fryer,110,0.06966633741096358,1,102.33670288479401
2024-02-16,Home,Coffee Maker,75,0.04188750361231062,2,143.7168744581534
2024-02-16,Home,LED Lamp,32,0.03834718085265795,3,92.31867063814484
2024-02-16,Fashion,Hoodie,38,0.04177697585798615,3,109.23742475218958
2024-02-16,Fashion,Sneakers,72,0.06014060009404795,7,473.68913755259985
2024-02-16,Fashion,Backpack,45,0.06497281396604915,6,252.45734022916673
2024-02-16,Beauty,Face Serum,28,0.043022060774485955,4,107.18152919325757
2024-02-16,Beauty,Hair Dryer,55,0.027854225783252994,2,106.93603516384216
2024-02-16,Beauty,Perfume,60,0.05922793730985866,4,225.78529504563392
2024-02-17,Electronics,Wireless Headphones,65,0.0,6,390.0
2024-02-17,Electronics,Smart Watch,85,0.029218680955835987,1,82.51641211875393
2024-02-17,Electronics,Bluetooth Speaker,48,0.05322810573700394,8,363.56040739699046
2024-02-17,Home,Air Fryer,110,0.015434933122963096,3,324.9064720694222
2024-02-17,Home,Coffee Maker,75,0.07077717586939711,6,418.1502708587713
2024-02-17,Home,LED Lamp,32,0.05514134748295124,2,60.470953761091124
2024-02-17,Fashion,Hoodie,38,0.05728843135215303,2,71.64607921723638
2024-02-17,Fashion,Sneakers,72,0.08303196703094741,4,264.08679349508714
2024-02-17,Fashion,Backpack,45,0.050377431547152504,6,256.39809348226885
2024-02-17,Beauty,Face Serum,28,0.044864192707041936,6,160.46281562521696
2024-02-17,Beauty,Hair Dryer,55,0.01650176067193991,5,270.46201581521655
2024-02-17,Beauty,Perfume,60,0.0,7,420.0
2024-02-18,Electronics,Wireless Headphones,65,0.05963521347054443,9,550.1134001197315
2024-02-18,Electronics,Smart Watch,85,0.033896960574669205,2,164.23751670230624
2024-02-18,Electronics,Bluetooth Speaker,48,0.07105484992892186,6,267.5362032204705
2024-02-18,Home,Air Fryer,110,0.08051062609445701,4,404.5753245184389
2024-02-18,Home,Coffee Maker,75,0.05409710475939036,1,70.94271714304573
2024-02-18,Home,LED Lamp,32,0.044146625039594926,2,61.17461599746593
2024-02-18,Fashion,Hoodie,38,0.08440861038523972,8,278.3397824428871
2024-02-18,Fashion,Sneakers,72,0.03538581604907608,7,486.16554871126567
2024-02-18,Fashion,Backpack,45,0.06465211537242577,9,378.8158932741676
2024-02-18,Beauty,Face Serum,28,0.006715650984551472,8,222.49569417946046
2024-02-18,Beauty,Hair Dryer,55,0.03817514674470621,2,105.80073385808231
2024-02-18,Beauty,Perfume,60,0.08458794941432052,13,714.0213994568301
2024-02-19,Electronics,Wireless Headphones,65,0.065703557775834,14,850.209762423991
2024-02-19,Electronics,Smart Watch,85,0.0411709482904385,2,163.00093879062544
2024-02-19,Electronics,Bluetooth Speaker,48,0.02920201247026096,4,186.3932136057099
2024-02-19,Home,Air Fryer,110,0.02374593449647269,5,536.9397360269401
2024-02-19,Home,Coffee Maker,75,0.03231925943143519,7,508.0323887984965
2024-02-19,Home,LED Lamp,32,0.01713749990195182,5,157.2580000156877
2024-02-19,Fashion,Hoodie,38,0.04286330438681604,6,218.22716659980594
2024-02-19,Fashion,Sneakers,72,0.02425976990714179,7,491.77307596680055
2024-02-19,Fashion,Backpack,45,0.04869742589266658,2,85.61723166966001
2024-02-19,Beauty,Face Serum,28,0.04988448953316687,7,186.2226400514993
2024-02-19,Beauty,Hair Dryer,55,0.05240604148416437,1,52.11766771837096
2024-02-19,Beauty,Perfume,60,0.0652855115044524,9,504.7458237875957
2024-02-20,Electronics,Wireless Headphones,65,0.03035891685105255,6,378.1600224280895
2024-02-20,Electronics,Smart Watch,85,0.015339137495030152,3,251.08851993876732
2024-02-20,Electronics,Bluetooth Speaker,48,0.06487882259685372,6,269.31489909210615
2024-02-20,Home,Air Fryer,110,0.03673586845710074,8,847.6724357577514
2024-02-20,Home,Coffee Maker,75,0.05075732226587391,0,0.0
2024-02-20,Home,LED Lamp,32,0.05122308429121393,4,121.44344521072462
2024-02-20,Fashion,Hoodie,38,0.03184962552946287,4,147.15885691952164
2024-02-20,Fashion,Sneakers,72,0.011649754062128953,7,498.128523952687
2024-02-20,Fashion,Backpack,45,0.07492622988791424,11,457.9115162054825
2024-02-20,Beauty,Face Serum,28,0.06298223202732892,4,104.94599001293916
2024-02-20,Beauty,Hair Dryer,55,0.013495472407914232,2,108.51549803512943
2024-02-20,Beauty,Perfume,60,0.0722978058005948,6,333.97278991178587
2024-02-21,Electronics,Wireless Headphones,65,0.04184127632161877,4,249.12126815637913
2024-02-21,Electronics,Smart Watch,85,0.013561819681220215,8,670.7779626167703
2024-02-21,Electronics,Bluetooth Speaker,48,0.07345250786679762,6,266.8456777343623
2024-02-21,Home,Air Fryer,110,0.019884466657944095,6,646.8762520057569
2024-02-21,Home,Coffee Maker,75,0.09510978178930403,4,271.46706546320877
2024-02-21,Home,LED Lamp,32,0.05749267835414554,6,180.96140575600407
2024-02-21,Fashion,Hoodie,38,0.028005847076799564,10,369.3577781108162
2024-02-21,Fashion,Sneakers,72,0.03134109526776972,8,557.9475291257646
2024-02-21,Fashion,Backpack,45,0.07547348554857093,7,291.22585205220014
2024-02-21,Beauty,Face Serum,28,0.017197090131308337,6,165.1108888579402
2024-02-21,Beauty,Hair Dryer,55,0.043106786997194405,8,421.03301372123445
2024-02-21,Beauty,Perfume,60,0.05897418267532694,7,395.2308432763627
2024-02-22,Electronics,Wireless Headphones,65,0.053565746243706455,3,184.55467948247724
2024-02-22,Electronics,Smart Watch,85,0.06080595013064759,7,558.8204596722646
2024-02-22,Electronics,Bluetooth Speaker,48,0.00974608006033928,6,285.1931289426223
2024-02-22,Home,Air Fryer,110,0.11403953410443143,3,292.3669537455376
2024-02-22,Home,Coffee Maker,75,0.00014088778402029933,4,299.9577336647939
2024-02-22,Home,LED Lamp,32,0.07872690467456951,8,235.8459124033102
2024-02-22,Fashion,Hoodie,38,0.08646396404060477,10,347.1436936645702
2024-02-22,Fashion,Sneakers,72,0.03708766424127965,5,346.64844087313935
2024-02-22,Fashion,Backpack,45,0.03811694388159231,8,346.27790020262677
2024-02-22,Beauty,Face Serum,28,0.012116313775608838,3,82.98222964284886
2024-02-22,Beauty,Hair Dryer,55,0.05287203863518285,4,208.36815150025978
2024-02-22,Beauty,Perfume,60,0.05906527258579053,8,451.64866915882055
2024-02-23,Electronics,Wireless Headphones,65,0.034183918184892866,4,251.11218127192785
2024-02-23,Electronics,Smart Watch,85,0.10160480323223614,3,229.0907751757798
2024-02-23,Electronics,Bluetooth Speaker,48,0.023080225054389898,6,281.3528951843357
2024-02-23,Home,Air Fryer,110,0.02487996339712788,5,536.3160201315796
2024-02-23,Home,Coffee Maker,75,0.022871826093954363,8,586.2769043436274
2024-02-23,Home,LED Lamp,32,0.028886100733347204,7,217.52951343573022
2024-02-23,Fashion,Hoodie,38,0.0819082129498423,12,418.6498548948719
2024-02-23,Fashion,Sneakers,72,0.0,8,576.0
2024-02-23,Fashion,Backpack,45,0.06610914020856498,5,210.12544345307288
2024-02-23,Beauty,Face Serum,28,0.033017032138923486,3,81.22656930033042
2024-02-23,Beauty,Hair Dryer,55,0.045617122380888456,5,262.45529134525566
2024-02-23,Beauty,Perfume,60,0.050061311444209944,3,170.98896394004223
2024-02-24,Electronics,Wireless Headphones,65,0.061872295968839475,3,182.9349022860763
2024-02-24,Electronics,Smart Watch,85,0.006437215002760503,4,337.81134689906145
2024-02-24,Electronics,Bluetooth Speaker,48,0.06062901416445831,6,270.538843920636
2024-02-24,Home,Air Fryer,110,0.0,2,220.0
2024-02-24,Home,Coffee Maker,75,0.0,3,225.0
2024-02-24,Home,LED Lamp,32,0.03475671684174564,6,185.32671036638484
2024-02-24,Fashion,Hoodie,38,0.04792305028087179,10,361.7892408932687
2024-02-24,Fashion,Sneakers,72,0.029490601495711533,6,419.26006015385263
2024-02-24,Fashion,Backpack,45,0.058374623766403885,6,254.23885158307095
2024-02-24,Beauty,Face Serum,28,0.05806152905190749,2,52.74855437309318
2024-02-24,Beauty,Hair Dryer,55,0.04815386206035427,4,209.40615034672206
2024-02-24,Beauty,Perfume,60,0.01710868363636882,4,235.89391592727148
2024-02-25,Electronics,Wireless Headphones,65,0.04364438568081432,6,372.9786895844824
2024-02-25,Electronics,Smart Watch,85,0.0388578781915863,2,163.39416070743033
2024-02-25,Electronics,Bluetooth Speaker,48,0.04433619341579143,11,504.59048987646213
2024-02-25,Home,Air Fryer,110,0.07436750429471704,6,610.9174471654867
2024-02-25,Home,Coffee Maker,75,0.04050403683192754,1,71.96219723760544
2024-02-25,Home,LED Lamp,32,0.03322543546341637,4,123.7471442606827
2024-02-25,Fashion,Hoodie,38,0.07930882207407756,4,139.94505904474022
2024-02-25,Fashion,Sneakers,72,0.06320000103812537,5,337.24799962627486
2024-02-25,Fashion,Backpack,45,0.051357193856604685,7,298.82248393516954
2024-02-25,Beauty,Face Serum,28,0.05107068647859851,6,159.42012467159546
2024-02-25,Beauty,Hair Dryer,55,0.013940170529889474,4,216.9331624834243
2024-02-25,Beauty,Perfume,60,0.04907652192623286,9,513.4986781598342
2024-02-26,Electronics,Wireless Headphones,65,0.056964371411844045,5,306.4865792911507
2024-02-26,Electronics,Smart Watch,85,0.07419942278344212,3,236.07914719022224
2024-02-26,Electronics,Bluetooth Speaker,48,0.04583674461311096,4,183.19934503428271
2024-02-26,Home,Air Fryer,110,0.07388962647101266,4,407.4885643527544
2024-02-26,Home,Coffee Maker,75,0.05864425463938305,5,353.00840451023134
2024-02-26,Home,LED Lamp,32,0.11358901502617126,2,56.73030303832504
2024-02-26,Fashion,Hoodie,38,0.051324422680060544,4,144.1986877526308
2024-02-26,Fashion,Sneakers,72,0.07937010555197548,3,198.8560572007733
2024-02-26,Fashion,Backpack,45,0.04249939189540708,9,387.78774628236016
2024-02-26,Beauty,Face Serum,28,0.07076061202272911,4,104.07481145345434
2024-02-26,Beauty,Hair Dryer,55,0.05248916481771013,5,260.5654796751297
2024-02-26,Beauty,Perfume,60,0.08149364859001874,10,551.1038108459887
2024-02-27,Electronics,Wireless Headphones,65,0.08456943779113177,8,476.02389234861147
2024-02-27,Electronics,Smart Watch,85,0.08160977370207763,7,546.4421846472637
2024-02-27,Electronics,Bluetooth Speaker,48,0.06821097370286952,4,178.90349304904905
2024-02-27,Home,Air Fryer,110,0.05318000164366268,5,520.7509990959855
2024-02-27,Home,Coffee Maker,75,0.031155203523295354,2,145.3267194715057
2024-02-27,Home,LED Lamp,32,0.07128036998440396,4,118.87611264199629
2024-02-27,Fashion,Hoodie,38,0.020413102267363176,6,223.3458126830412
2024-02-27,Fashion,Sneakers,72,0.07174497876399788,6,401.0061691739529
2024-02-27,Fashion,Backpack,45,0.0055841582056655945,5,223.74356440372523
2024-02-27,Beauty,Face Serum,28,0.10431555963488554,7,175.55415031156244
2024-02-27,Beauty,Hair Dryer,55,0.0991605608455016,8,396.3693532279793
2024-02-27,Beauty,Perfume,60,0.0,5,300.0
2024-02-28,Electronics,Wireless Headphones,65,0.043539928158769954,8,497.3592373574396
2024-02-28,Electronics,Smart Watch,85,0.03236781216597022,7,575.7411517612477
2024-02-28,Electronics,Bluetooth Speaker,48,0.02634725477121027,6,280.41199062589146
2024-02-28,Home,Air Fryer,110,0.03930542835034015,7,739.7348201702381
2024-02-28,Home,Coffee Maker,75,0.03431756907595494,2,144.85236463860676
2024-02-28,Home,LED Lamp,32,0.07146750375793053,5,148.56519939873112
2024-02-28,Fashion,Hoodie,38,0.07349127295419172,8,281.6586530219257
2024-02-28,Fashion,Sneakers,72,0.05959380961352788,5,338.54622853912997
2024-02-28,Fashion,Backpack,45,0.08420110959604608,6,247.26570040906756
2024-02-28,Beauty,Face Serum,28,0.08816660610312929,3,76.59400508733714
2024-02-28,Beauty,Hair Dryer,55,0.06147496619497378,3,154.85663057782932
2024-02-28,Beauty,Perfume,60,0.07533211384418939,5,277.40036584674317
2024-02-29,Electronics,Wireless Headphones,65,0.029375970492125345,9,567.8150572621066
2024-02-29,Electronics,Smart Watch,85,0.07743354563955805,5,392.09074310318783
2024-02-29,Electronics,Bluetooth Speaker,48,0.0417622437304751,6,275.97247380562317
2024-02-29,Home,Air Fryer,110,0.09005315361157443,8,800.7532248218146
2024-02-29,Home,Coffee Maker,75,0.03666796753380489,2,144.49980486992928
2024-02-29,Home,LED Lamp,32,0.05881858252750334,3,90.35341607735967
2024-02-29,Fashion,Hoodie,38,0.04987556970568785,4,144.41891340473543
2024-02-29,Fashion,Sneakers,72,0.07899399026239874,6,397.87459620664373
2024-02-29,Fashion,Backpack,45,0.04427225808760958,5,215.03874193028784
2024-02-29,Beauty,Face Serum,28,0.0966040609412035,7,177.0656040555241
2024-02-29,Beauty,Hair Dryer,55,0.0437234569906504,3,157.7856295965427
2024-02-29,Beauty,Perfume,60,0.01950174926697732,3,176.48968513194407
2024-03-01,Electronics,Wireless Headphones,65,0.01719675154790235,9,574.9399003444771
2024-03-01,Electronics,Smart Watch,85,0.03632479308480962,5,409.5619629389559
2024-03-01,Electronics,Bluetooth Speaker,48,0.04508476296848517,6,275.01558826507625
2024-03-01,Home,Air Fryer,110,0.020386823934542372,2,215.51489873440067
2024-03-01,Home,Coffee Maker,75,0.06513080816078883,4,280.4607575517633
2024-03-01,Home,LED Lamp,32,0.06816346755290234,5,149.09384519153562
2024-03-01,Fashion,Hoodie,38,0.02698637123770653,9,332.7706610367044
2024-03-01,Fashion,Sneakers,72,0.07383294801844809,9,600.1562496840456
2024-03-01,Fashion,Backpack,45,0.013550828331101848,5,221.9510636255021
2024-03-01,Beauty,Face Serum,28,0.0020951618655500395,8,223.5306837421168
2024-03-01,Beauty,Hair Dryer,55,0.04797832018905478,3,157.08357716880596
2024-03-01,Beauty,Perfume,60,0.07098154904692278,5,278.7055352859232
2024-03-02,Electronics,Wireless Headphones,65,0.04558773383089572,7,434.25758110694244
2024-03-02,Electronics,Smart Watch,85,0.07412044565238736,8,629.5980969563766
2024-03-02,Electronics,Bluetooth Speaker,48,0.025799605747698174,8,374.09295139288395
2024-03-02,Home,Air Fryer,110,0.05119691801474053,3,313.1050170551356
2024-03-02,Home,Coffee Maker,75,0.05553968339490231,5,354.17261872691165
2024-03-02,Home,LED Lamp,32,0.1291710169169143,3,83.59958237597624
2024-03-02,Fashion,Hoodie,38,0.052895124607807785,10,359.89985264903305
2024-03-02,Fashion,Sneakers,72,0.046392148263611974,3,205.9792959750598
2024-03-02,Fashion,Backpack,45,0.056440950212622965,7,297.2211006830238
2024-03-02,Beauty,Face Serum,28,0.08664342735918629,7,179.0178882375995
2024-03-02,Beauty,Hair Dryer,55,0.03482309216196081,4,212.33891972436862
2024-03-02,Beauty,Perfume,60,0.021709711966862527,4,234.78966912795298
2024-03-03,Electronics,Wireless Headphones,65,0.04036459529635167,10,623.7630130573715
2024-03-03,Electronics,Smart Watch,85,0.05354438564861075,7,563.1410905390766
2024-03-03,Electronics,Bluetooth Speaker,48,0.06636450250145139,5,224.07251939965167
2024-03-03,Home,Air Fryer,110,0.03332013820755766,9,957.0130631745179
2024-03-03,Home,Coffee Maker,75,0.0924712308279714,6,408.3879461274129
2024-03-03,Home,LED Lamp,32,0.016046946749402956,7,220.40548392813372
2024-03-03,Fashion,Hoodie,38,0.11467456879635897,15,504.6354957860754
2024-03-03,Fashion,Sneakers,72,0.08966098016865764,9,589.8996848507098
2024-03-03,Fashion,Backpack,45,0.05252864819031419,11,468.9983191457945
2024-03-03,Beauty,Face Serum,28,0.02138060975014723,4,109.60537170798351
2024-03-03,Beauty,Hair Dryer,55,0.03522699811190981,5,265.3125755192248
2024-03-03,Beauty,Perfume,60,0.048824827433161466,5,285.35255177005155
2024-03-04,Electronics,Wireless Headphones,65,0.0028002703643295115,5,324.08991213159294
2024-03-04,Electronics,Smart Watch,85,0.07015030065123315,3,237.11167333393553
2024-03-04,Electronics,Bluetooth Speaker,48,0.0578819300291393,13,587.8816756618171
2024-03-04,Home,Air Fryer,110,0.027120698643695054,4,428.0668925967742
2024-03-04,Home,Coffee Maker,75,0.04903993210907709,1,71.32200509181922
2024-03-04,Home,LED Lamp,32,0.09199771140605079,4,116.22429294002549
2024-03-04,Fashion,Hoodie,38,0.06479638151543976,7,248.76416251689304
2024-03-04,Fashion,Sneakers,72,0.026925362870321087,4,280.2454954933475
2024-03-04,Fashion,Backpack,45,0.08236751924575594,4,165.17384653576394
2024-03-04,Beauty,Face Serum,28,0.04138602772927499,5,134.2059561179015
2024-03-04,Beauty,Hair Dryer,55,0.04311267363382652,3,157.88640885041863
2024-03-04,Beauty,Perfume,60,0.04418920798740078,6,344.09188512453574
2024-03-05,Electronics,Wireless Headphones,65,0.021829066275169062,4,254.32444276845607
2024-03-05,Electronics,Smart Watch,85,0.02540899712418373,6,497.04141146666626
2024-03-05,Electronics,Bluetooth Speaker,48,0.08428319061772041,2,87.90881370069884
2024-03-05,Home,Air Fryer,110,0.07066469651353936,3,306.680650150532
2024-03-05,Home,Coffee Maker,75,0.08656029949840204,5,342.5398876880992
2024-03-05,Home,LED Lamp,32,0.05392519151673376,7,211.92075710025162
2024-03-05,Fashion,Hoodie,38,0.04724352838832312,8,289.63796736994976
2024-03-05,Fashion,Sneakers,72,0.08318924485519208,6,396.062246222557
2024-03-05,Fashion,Backpack,45,0.04757622592734134,7,300.0134888328875
2024-03-05,Beauty,Face Serum,28,0.08255653186423625,8,205.50733686241108
2024-03-05,Beauty,Hair Dryer,55,0.08380098120430085,3,151.17283810129038
2024-03-05,Beauty,Perfume,60,0.044263950709636166,5,286.72081478710913
2024-03-06,Electronics,Wireless Headphones,65,0.03258975278299396,5,314.40833034552696
2024-03-06,Electronics,Smart Watch,85,0.07123265230477338,6,473.6713473245656
2024-03-06,Electronics,Bluetooth Speaker,48,0.009641276807591428,8,380.2977497058849
2024-03-06,Home,Air Fryer,110,0.07208359730008526,5,510.3540214849531
2024-03-06,Home,Coffee Maker,75,0.07036720901875279,2,139.44491864718708
2024-03-06,Home,LED Lamp,32,0.01203330412250616,3,94.84480280423941
2024-03-06,Fashion,Hoodie,38,0.05342836185553755,7,251.788055746427
2024-03-06,Fashion,Sneakers,72,0.05356819043200671,5,340.7154514444776
2024-03-06,Fashion,Backpack,45,0.07841343632752752,5,207.35697682630632
2024-03-06,Beauty,Face Serum,28,0.09073031290468013,4,101.83820495467583
2024-03-06,Beauty,Hair Dryer,55,0.04222289811706105,1,52.677740603561645
2024-03-06,Beauty,Perfume,60,0.05489954776067238,3,170.11808140307897
2024-03-07,Electronics,Wireless Headphones,65,0.061539686633664034,5,304.99960184405916
2024-03-07,Electronics,Smart Watch,85,0.03704282490921985,3,245.55407964814893
2024-03-07,Electronics,Bluetooth Speaker,48,0.022773228155754374,9,422.1619654367141
2024-03-07,Home,Air Fryer,110,0.0651253484812905,3,308.5086350011741
2024-03-07,Home,Coffee Maker,75,0.05102053517674465,2,142.3469197234883
2024-03-07,Home,LED Lamp,32,0.04999519821580338,9,273.6013829138486
2024-03-07,Fashion,Hoodie,38,0.037098169696851736,4,146.36107820607853
2024-03-07,Fashion,Sneakers,72,0.012090234006000372,3,213.38850945470392
2024-03-07,Fashion,Backpack,45,0.043446833561966,4,172.17956995884612
2024-03-07,Beauty,Face Serum,28,0.04569401011304862,3,80.16170315050391
2024-03-07,Beauty,Hair Dryer,55,0.053513292420533334,3,156.17030675061199
2024-03-07,Beauty,Perfume,60,0.07672815140725345,6,332.37786549338875
2024-03-08,Electronics,Wireless Headphones,65,0.10368612917719805,7,407.8228112243749
2024-03-08,Electronics,Smart Watch,85,0.07075076726524326,7,552.9032934771803
2024-03-08,Electronics,Bluetooth Speaker,48,0.04311908342430813,9,413.3725559606989
2024-03-08,Home,Air Fryer,110,0.024695150767450092,7,750.9847339090634
2024-03-08,Home,Coffee Maker,75,0.02349497126503321,2,146.475754310245
2024-03-08,Home,LED Lamp,32,0.03522949431743938,9,277.85390563657745
2024-03-08,Fashion,Hoodie,38,0.056454179212340014,11,394.4021530892419
2024-03-08,Fashion,Sneakers,72,0.022606849355048714,4,281.48922738574595
2024-03-08,Fashion,Backpack,45,0.056667024384741395,6,254.69990341611984
2024-03-08,Beauty,Face Serum,28,0.10270038797247874,7,175.87072395739418
2024-03-08,Beauty,Hair Dryer,55,0.055189747569810904,5,259.822819418302
2024-03-08,Beauty,Perfume,60,0.0,7,420.0
2024-03-09,Electronics,Wireless Headphones,65,0.028283557879165137,8,505.29254990283414
2024-03-09,Electronics,Smart Watch,85,0.0988308944725412,4,306.39749587933596
2024-03-09,Electronics,Bluetooth Speaker,48,0.08683978733707637,4,175.32676083128135
2024-03-09,Home,Air Fryer,110,0.05924965584017977,9,931.342840718222
2024-03-09,Home,Coffee Maker,75,0.0583292227864656,8,565.0024663281207
2024-03-09,Home,LED Lamp,32,0.04833775956192562,10,304.5319169401838
2024-03-09,Fashion,Hoodie,38,0.04854616887868168,6,216.93147349566058
2024-03-09,Fashion,Sneakers,72,0.04763853653076026,7,479.99017758849686
2024-03-09,Fashion,Backpack,45,0.02162198714794183,6,264.1620634700557
2024-03-09,Beauty,Face Serum,28,0.049869004482336964,5,133.0183393724728
2024-03-09,Beauty,Hair Dryer,55,0.02385307180625067,10,536.8808105065622
2024-03-09,Beauty,Perfume,60,0.05226382932699368,4,227.4566809615215
2024-03-10,Electronics,Wireless Headphones,65,0.07192935677232987,6,361.9475508587914
2024-03-10,Electronics,Smart Watch,85,0.024773435122273004,9,746.0483221314611
2024-03-10,Electronics,Bluetooth Speaker,48,0.07214183784639143,10,445.37191783373214
2024-03-10,Home,Air Fryer,110,0.07479972573853352,5,508.86015084380654
2024-03-10,Home,Coffee Maker,75,0.10218696071039454,2,134.6719558934408
2024-03-10,Home,LED Lamp,32,0.04384677525444518,6,183.58141915114652
2024-03-10,Fashion,Hoodie,38,0.02579151383497072,9,333.17930226844004
2024-03-10,Fashion,Sneakers,72,0.05862930734669877,13,881.1229683234899
2024-03-10,Fashion,Backpack,45,0.07558239901123788,8,332.79033635595437
2024-03-10,Beauty,Face Serum,28,0.03143618049815211,8,216.95829556841392
2024-03-10,Beauty,Hair Dryer,55,0.024237914063563883,5,268.33457363251995
2024-03-10,Beauty,Perfume,60,0.08915016734598827,7,382.55692971468494
2024-03-11,Electronics,Wireless Headphones,65,0.045822104916241765,3,186.06468954133285
2024-03-11,Electronics,Smart Watch,85,0.03056441769250718,10,824.0202449613689
2024-03-11,Electronics,Bluetooth Speaker,48,0.02033758650163929,1,47.02379584792131
2024-03-11,Home,Air Fryer,110,0.038401299465486934,5,528.8792852939822
2024-03-11,Home,Coffee Maker,75,0.047636224238911715,4,285.7091327283265
2024-03-11,Home,LED Lamp,32,0.006788627872412238,6,190.69658344849685
2024-03-11,Fashion,Hoodie,38,0.014371558725290522,3,112.36164230531688
2024-03-11,Fashion,Sneakers,72,0.09041039841754711,7,458.4331591975563
2024-03-11,Fashion,Backpack,45,0.054176892312905546,9,383.05835861327324
2024-03-11,Beauty,Face Serum,28,0.06126997305246829,9,236.559966790778
2024-03-11,Beauty,Hair Dryer,55,0.06766410745847147,4,205.11389635913628
2024-03-11,Beauty,Perfume,60,0.04888336834882608,3,171.2009936972113
2024-03-12,Electronics,Wireless Headphones,65,0.07558506917564856,11,660.9566755394113
2024-03-12,Electronics,Smart Watch,85,0.0659730133471617,2,158.7845877309825
2024-03-12,Electronics,Bluetooth Speaker,48,0.046113414184475544,8,366.2924489531614
2024-03-12,Home,Air Fryer,110,0.05774645047092708,3,310.94367134459407
2024-03-12,Home,Coffee Maker,75,0.08837229760612268,4,273.48831071816323
2024-03-12,Home,LED Lamp,32,0.04731244390002526,7,213.40201256639435
2024-03-12,Fashion,Hoodie,38,0.0126271833384752,8,300.1613362651035
2024-03-12,Fashion,Sneakers,72,0.04513103834842765,4,275.00226095565284
2024-03-12,Fashion,Backpack,45,0.060530817625485185,4,169.10445282741267
2024-03-12,Beauty,Face Serum,28,0.029665286517963234,5,135.84685988748515
2024-03-12,Beauty,Hair Dryer,55,0.03842343488967412,1,52.88671108106792
2024-03-12,Beauty,Perfume,60,0.08548308423101239,7,384.0971046229748
2024-03-13,Electronics,Wireless Headphones,65,0.039374491530906,7,437.0846063534378
2024-03-13,Electronics,Smart Watch,85,0.08510484234104074,7,544.3626188070807
2024-03-13,Electronics,Bluetooth Speaker,48,0.04712665490615913,5,228.6896028225218
2024-03-13,Home,Air Fryer,110,0.0,3,330.0
2024-03-13,Home,Coffee Maker,75,0.09407397417054202,6,407.6667116232561
2024-03-13,Home,LED Lamp,32,0.06212724226983055,6,180.07156948419254
2024-03-13,Fashion,Hoodie,38,0.01979230202697011,4,148.99157009190054
2024-03-13,Fashion,Sneakers,72,0.017094276134456278,3,212.30763635495745
2024-03-13,Fashion,Backpack,45,0.029339757204693798,6,262.07826555473264
2024-03-13,Beauty,Face Serum,28,0.015406644948764446,7,192.98029759004217
2024-03-13,Beauty,Hair Dryer,55,0.07808101229398043,2,101.41108864766215
2024-03-13,Beauty,Perfume,60,0.061015184390537686,9,507.0518004291097
2024-03-14,Electronics,Wireless Headphones,65,0.059890161555467954,6,366.6428369933675
2024-03-14,Electronics,Smart Watch,85,0.014057673196817465,1,83.80509777827051
2024-03-14,Electronics,Bluetooth Speaker,48,0.06006639760522842,8,360.9345033195923
2024-03-14,Home,Air Fryer,110,0.06064052284451449,7,723.3067974097238
2024-03-14,Home,Coffee Maker,75,0.0368635653628446,4,288.9409303911466
2024-03-14,Home,LED Lamp,32,0.0,3,96.0
2024-03-14,Fashion,Hoodie,38,0.03381705005535078,8,293.71961678317336
2024-03-14,Fashion,Sneakers,72,0.025550141692392017,9,631.44350818333
2024-03-14,Fashion,Backpack,45,0.046796225149116015,12,514.7300384194774
2024-03-14,Beauty,Face Serum,28,0.017238420301656218,6,165.10394538932175
2024-03-14,Beauty,Hair Dryer,55,0.04810500969865577,6,314.1253467994436
2024-03-14,Beauty,Perfume,60,0.05993370108589609,4,225.61591173938493
2024-03-15,Electronics,Wireless Headphones,65,0.045485255131344826,3,186.13037524938775
2024-03-15,Electronics,Smart Watch,85,0.026059323273129383,6,496.709745130704
2024-03-15,Electronics,Bluetooth Speaker,48,0.051183485086632945,3,136.62957814752485
2024-03-15,Home,Air Fryer,110,0.08230614707887027,3,302.8389714639728
2024-03-15,Home,Coffee Maker,75,0.0,3,225.0
2024-03-15,Home,LED Lamp,32,0.08210743909059434,6,176.23537169460587
2024-03-15,Fashion,Hoodie,38,0.06756437529691127,6,212.59532243230421
2024-03-15,Fashion,Sneakers,72,0.030564124528254504,4,279.1975321358627
2024-03-15,Fashion,Backpack,45,0.007371446313562888,8,357.3462793271174
2024-03-15,Beauty,Face Serum,28,0.05646644354516334,9,237.77045622661882
2024-03-15,Beauty,Hair Dryer,55,0.038760743994649446,5,264.3407954014714
2024-03-15,Beauty,Perfume,60,0.04888195501347347,7,399.4695788943411
2024-03-16,Electronics,Wireless Headphones,65,0.0020959662398162826,6,389.1825731664716
2024-03-16,Electronics,Smart Watch,85,0.05322128226387034,4,321.90476403028407
2024-03-16,Electronics,Bluetooth Speaker,48,0.02854150025666187,4,186.52003195072092
2024-03-16,Home,Air Fryer,110,0.03128371650299665,6,639.3527471080222
2024-03-16,Home,Coffee Maker,75,0.06280392129358438,2,140.57941180596234
2024-03-16,Home,LED Lamp,32,0.08880581877166237,9,262.42392419376125
2024-03-16,Fashion,Hoodie,38,0.009478311292806602,7,263.47876919611343
2024-03-16,Fashion,Sneakers,72,0.015493744124951928,4,283.53780169201383
2024-03-16,Fashion,Backpack,45,0.024978956603526465,11,482.6354164812544
2024-03-16,Beauty,Face Serum,28,0.0436416819989575,8,214.22426323223354
2024-03-16,Beauty,Hair Dryer,55,0.08087500917664792,7,353.86312146699055
2024-03-16,Beauty,Perfume,60,0.04374879962774854,6,344.2504321340105
2024-03-17,Electronics,Wireless Headphones,65,0.027682012440213802,7,442.4046843397027
2024-03-17,Electronics,Smart Watch,85,0.0008261580758327086,7,594.5084359448795
2024-03-17,Electronics,Bluetooth Speaker,48,0.10399610877209325,8,344.06549423151614
2024-03-17,Home,Air Fryer,110,0.03693166770374008,6,635.6250993155315
2024-03-17,Home,Coffee Maker,75,0.07269686017006488,5,347.7386774362257
2024-03-17,Home,LED Lamp,32,0.0363293257286476,6,185.02476946009966
2024-03-17,Fashion,Hoodie,38,0.0702325077299789,7,247.31815294382562
2024-03-17,Fashion,Sneakers,72,0.06885170247971276,11,737.4694516360676
2024-03-17,Fashion,Backpack,45,0.06615403975681565,8,336.18454568754635
2024-03-17,Beauty,Face Serum,28,0.057403876582738184,10,263.9269145568333
2024-03-17,Beauty,Hair Dryer,55,0.06823975587867426,4,204.98725370669166
2024-03-17,Beauty,Perfume,60,0.0868079492804944,8,438.3321843453627
2024-03-18,Electronics,Wireless Headphones,65,0.0432061333020496,4,248.7664053414671
2024-03-18,Electronics,Smart Watch,85,0.03617687017381268,5,409.6248301761296
2024-03-18,Electronics,Bluetooth Speaker,48,0.03221146217140478,4,185.81539926309028
2024-03-18,Home,Air Fryer,110,0.014925523570823857,4,433.4327696288375
2024-03-18,Home,Coffee Maker,75,0.018709204787353037,6,441.5808578456911
2024-03-18,Home,LED Lamp,32,0.08348892126760721,3,87.9850635583097
2024-03-18,Fashion,Hoodie,38,0.0005631517260401356,7,265.8502016408733
2024-03-18,Fashion,Sneakers,72,0.0497060765601886,6,410.52697492599856
2024-03-18,Fashion,Backpack,45,0.07513611754021829,8,332.95099768552143
2024-03-18,Beauty,Face Serum,28,0.03917787873522559,7,188.32113576789578
2024-03-18,Beauty,Hair Dryer,55,0.05276277794426829,4,208.39218885226097
2024-03-18,Beauty,Perfume,60,0.05278582657415478,9,511.4956536499564
2024-03-19,Electronics,Wireless Headphones,65,0.0733503859181325,3,180.69667474596417
2024-03-19,Electronics,Smart Watch,85,0.044096406553878566,3,243.75541632876096
2024-03-19,Electronics,Bluetooth Speaker,48,0.07945341596190929,3,132.55870810148508
2024-03-19,Home,Air Fryer,110,0.04454833593532134,3,315.29904914134397
2024-03-19,Home,Coffee Maker,75,0.0447973894039901,6,429.84117476820444
2024-03-19,Home,LED Lamp,32,0.08574474627955309,3,87.7685043571629
2024-03-19,Fashion,Hoodie,38,0.06457023526793429,7,248.8243174187295
2024-03-19,Fashion,Sneakers,72,0.0894168065719938,4,262.2479597072658
2024-03-19,Fashion,Backpack,45,0.05816735687275242,5,211.9123447036307
2024-03-19,Beauty,Face Serum,28,0.0765937143710946,5,129.27687998804674
2024-03-19,Beauty,Hair Dryer,55,0.0759385098216486,2,101.64676391961865
2024-03-19,Beauty,Perfume,60,0.02838517152504703,3,174.89066912549154
2024-03-20,Electronics,Wireless Headphones,65,0.05208547793937156,6,369.6866636036451
2024-03-20,Electronics,Smart Watch,85,0.018863926768134833,1,83.39656622470854
2024-03-20,Electronics,Bluetooth Speaker,48,0.07707678526310319,7,310.10220015159734
2024-03-20,Home,Air Fryer,110,0.06035303019101547,6,620.1670000739298
2024-03-20,Home,Coffee Maker,75,0.03246097942595258,3,217.69627962916067
2024-03-20,Home,LED Lamp,32,0.06746743411728158,5,149.20521054123495
2024-03-20,Fashion,Hoodie,38,0.05183265043823886,9,324.2732335501223
2024-03-20,Fashion,Sneakers,72,0.07085505812075518,4,267.59374326122247
2024-03-20,Fashion,Backpack,45,0.055386556100582976,6,255.0456298528426
2024-03-20,Beauty,Face Serum,28,0.04557963553923747,8,213.7901616392108
2024-03-20,Beauty,Hair Dryer,55,0.04162904762685449,4,210.841609522092
2024-03-20,Beauty,Perfume,60,0.08479167630683165,4,219.6499976863604
2024-03-21,Electronics,Wireless Headphones,65,0.02026417957018195,6,382.09696996762904
2024-03-21,Electronics,Smart Watch,85,0.11066653129504202,5,377.96672419960714
2024-03-21,Electronics,Bluetooth Speaker,48,0.08100465244237139,2,88.22355336553234
2024-03-21,Home,Air Fryer,110,0.009271748067994787,5,544.9005385626028
2024-03-21,Home,Coffee Maker,75,0.05812149797620352,1,70.64088765178474
2024-03-21,Home,LED Lamp,32,0.01428336172205634,6,189.2575945493652
2024-03-21,Fashion,Hoodie,38,0.05753146448086842,10,358.13804349727
2024-03-21,Fashion,Sneakers,72,0.026434028651977137,1,70.09674993705765
2024-03-21,Fashion,Backpack,45,0.040957876526747095,6,258.94137333777826
2024-03-21,Beauty,Face Serum,28,0.05285603532316902,6,159.1201860657076
2024-03-21,Beauty,Hair Dryer,55,0.03213130624226972,5,266.16389078337585
2024-03-21,Beauty,Perfume,60,0.05130269194571838,6,341.5310308995414
2024-03-22,Electronics,Wireless Headphones,65,0.07034637949856747,10,604.2748533259312
2024-03-22,Electronics,Smart Watch,85,0.09887645813334221,4,306.38200423466367
2024-03-22,Electronics,Bluetooth Speaker,48,0.06920018736049736,4,178.7135640267845
2024-03-22,Home,Air Fryer,110,0.045768350453894685,3,314.8964443502147
2024-03-22,Home,Coffee Maker,75,0.056049255196453825,1,70.79630586026596
2024-03-22,Home,LED Lamp,32,0.04419394387773017,6,183.51476277547582
2024-03-22,Fashion,Hoodie,38,0.02976709599330478,7,258.08195246578094
2024-03-22,Fashion,Sneakers,72,0.05144868563690758,9,614.6612517072839
2024-03-22,Fashion,Backpack,45,0.07193579374276168,5,208.81444640787862
2024-03-22,Beauty,Face Serum,28,0.07139334513380302,3,78.00295900876054
2024-03-22,Beauty,Hair Dryer,55,0.09693807229674531,0,0.0
2024-03-22,Beauty,Perfume,60,0.0,6,360.0
2024-03-23,Electronics,Wireless Headphones,65,0.042499369683006286,13,809.0880326178597
2024-03-23,Electronics,Smart Watch,85,0.07821903059921616,9,705.1624415915996
2024-03-23,Electronics,Bluetooth Speaker,48,0.06141419301651482,9,405.46906861686557
2024-03-23,Home,Air Fryer,110,0.050077455706827714,9,940.4233188502405
2024-03-23,Home,Coffee Maker,75,0.028874684306107297,5,364.17199338520976
2024-03-23,Home,LED Lamp,32,0.027231569097086794,7,217.90012852225254
2024-03-23,Fashion,Hoodie,38,0.046351737471400506,6,217.43180385652067
2024-03-23,Fashion,Sneakers,72,0.009011246249647456,7,499.4583318901777
2024-03-23,Fashion,Backpack,45,0.0854905292183189,8,329.2234094814052
2024-03-23,Beauty,Face Serum,28,0.038941249133222174,7,188.36751516988846
2024-03-23,Beauty,Hair Dryer,55,0.08201553010999889,8,403.9131667516005
2024-03-23,Beauty,Perfume,60,0.03625782715600591,4,231.2981214825586
2024-03-24,Electronics,Wireless Headphones,65,0.06138194139284129,10,610.1017380946532
2024-03-24,Electronics,Smart Watch,85,0.03785398295080564,10,817.8241144918152
2024-03-24,Electronics,Bluetooth Speaker,48,0.06012434518993897,6,270.6841885852976
2024-03-24,Home,Air Fryer,110,0.12683375844194145,4,384.19314628554577
2024-03-24,Home,Coffee Maker,75,0.05604426218118986,4,283.18672134564304
2024-03-24,Home,LED Lamp,32,0.06680166715461774,6,179.17407990631338
2024-03-24,Fashion,Hoodie,38,0.03096598793343305,5,184.11646229264773
2024-03-24,Fashion,Sneakers,72,0.007787880496644112,3,214.31781781272485
2024-03-24,Fashion,Backpack,45,0.07842166091609339,4,165.88410103510319
2024-03-24,Beauty,Face Serum,28,0.06584072245681274,5,130.78229885604622
2024-03-24,Beauty,Hair Dryer,55,0.0,7,385.0
2024-03-24,Beauty,Perfume,60,0.0694628701234188,4,223.32891117037948
2024-03-25,Electronics,Wireless Headphones,65,0.024926085026181655,8,507.03843578638555
2024-03-25,Electronics,Smart Watch,85,0.037356248247291356,10,818.2471889898023
2024-03-25,Electronics,Bluetooth Speaker,48,0.05128241315699448,5,227.69222084232132
2024-03-25,Home,Air Fryer,110,0.012595914659823092,4,434.4577975496778
2024-03-25,Home,Coffee Maker,75,0.024040958596398168,5,365.9846405263507
2024-03-25,Home,LED Lamp,32,0.04875844214066811,11,334.8370283664848
2024-03-25,Fashion,Hoodie,38,0.02888708984893313,9,332.12061527166486
2024-03-25,Fashion,Sneakers,72,0.02546025698110303,4,280.66744598944234
2024-03-25,Fashion,Backpack,45,0.06672102826362847,12,503.9706447376406
2024-03-25,Beauty,Face Serum,28,0.07304587335781346,9,233.59243991383102
2024-03-25,Beauty,Hair Dryer,55,0.07706561048641955,3,152.28417426974076
2024-03-25,Beauty,Perfume,60,0.012089733481144296,5,296.3730799556567
2024-03-26,Electronics,Wireless Headphones,65,0.03996311574517475,9,561.6215772890728
2024-03-26,Electronics,Smart Watch,85,0.04951965884082477,6,484.7449739911794
2024-03-26,Electronics,Bluetooth Speaker,48,0.05805518159245452,7,316.4934589849353
2024-03-26,Home,Air Fryer,110,0.06973475219744799,0,0.0
2024-03-26,Home,Coffee Maker,75,0.03848796629222566,7,504.7938176965815
2024-03-26,Home,LED Lamp,32,0.04639755166362853,5,152.57639173381943
2024-03-26,Fashion,Hoodie,38,0.07595547393555543,6,210.68215194269337
2024-03-26,Fashion,Sneakers,72,0.018042819472744935,10,707.0091699796237
2024-03-26,Fashion,Backpack,45,0.06305552699962108,4,168.6500051400682
2024-03-26,Beauty,Face Serum,28,0.05329554319532683,5,132.53862395265423
2024-03-26,Beauty,Hair Dryer,55,0.08707849616034677,7,351.4747789782665
2024-03-26,Beauty,Perfume,60,0.050955414791666,9,512.4840760125004
2024-03-27,Electronics,Wireless Headphones,65,0.08632714833261154,11,653.2760889421827
2024-03-27,Electronics,Smart Watch,85,0.029568905992997538,2,164.97328598119043
2024-03-27,Electronics,Bluetooth Speaker,48,0.0704835235931078,3,133.85037260259247
2024-03-27,Home,Air Fryer,110,0.07317718297514943,5,509.7525493636678
2024-03-27,Home,Coffee Maker,75,0.12266275174846271,5,329.00146809432647
2024-03-27,Home,LED Lamp,32,0.03720911788640683,5,154.04654113817492
2024-03-27,Fashion,Hoodie,38,0.06365145390985602,4,142.3249790057019
2024-03-27,Fashion,Sneakers,72,0.03001422209104127,5,349.1948800472251
2024-03-27,Fashion,Backpack,45,0.1033187918447886,8,322.8052349358761
2024-03-27,Beauty,Face Serum,28,0.03026045601120018,4,108.61082892674558
2024-03-27,Beauty,Hair Dryer,55,0.10136828382520985,4,197.69897755845383
2024-03-27,Beauty,Perfume,60,0.07684446948415433,5,276.9466591547537
2024-03-28,Electronics,Wireless Headphones,65,0.029178154086937677,10,631.0341998434905
2024-03-28,Electronics,Smart Watch,85,0.12885834871528073,5,370.23520179600564
2024-03-28,Electronics,Bluetooth Speaker,48,0.06537966931533946,7,314.03243111004593
2024-03-28,Home,Air Fryer,110,0.0885239182840026,6,601.5742139325582
2024-03-28,Home,Coffee Maker,75,0.07525811431044378,5,346.7782071335836
2024-03-28,Home,LED Lamp,32,0.05418207598740667,7,211.8632149788209
2024-03-28,Fashion,Hoodie,38,0.05564995580210323,5,179.4265083976004
2024-03-28,Fashion,Sneakers,72,0.05135372888900838,8,546.4202521599312
2024-03-28,Fashion,Backpack,45,0.05629155790238425,8,339.73503915514164
2024-03-28,Beauty,Face Serum,28,0.05710089588647566,5,132.0058745758934
2024-03-28,Beauty,Hair Dryer,55,0.0021188562378674294,7,384.18424034842104
2024-03-28,Beauty,Perfume,60,0.057577248870905505,7,395.81755547421966
2024-03-29,Electronics,Wireless Headphones,65,0.07300967805107973,7,421.7805964867587
2024-03-29,Electronics,Smart Watch,85,0.06756149952080033,7,554.8009077851237
2024-03-29,Electronics,Bluetooth Speaker,48,0.05183150445884145,4,182.04835114390244
2024-03-29,Home,Air Fryer,110,0.05654871354729521,7,726.4574905685827
2024-03-29,Home,Coffee Maker,75,0.050557557298582405,4,284.8327328104253
2024-03-29,Home,LED Lamp,32,0.05337431692418326,2,60.58404371685227
2024-03-29,Fashion,Hoodie,38,0.024910183997078107,10,370.53413008111033
2024-03-29,Fashion,Sneakers,72,0.007380155254867855,9,643.2176593948456
2024-03-29,Fashion,Backpack,45,0.06546796042218087,7,294.377592467013
2024-03-29,Beauty,Face Serum,28,0.04125480827735008,5,134.22432684117098
2024-03-29,Beauty,Hair Dryer,55,0.058424273146904786,5,258.9333248846012
2024-03-29,Beauty,Perfume,60,0.05208483658789648,3,170.62472941417863
2024-03-30,Electronics,Wireless Headphones,65,0.07563297622302836,9,540.7547089095284
2024-03-30,Electronics,Smart Watch,85,0.0654706985893365,6,476.6099437194384
2024-03-30,Electronics,Bluetooth Speaker,48,0.046272703024694134,3,137.33673076444404
2024-03-30,Home,Air Fryer,110,0.04941150024605258,4,418.2589398917369
2024-03-30,Home,Coffee Maker,75,0.061517717822620444,4,281.54468465321384
2024-03-30,Home,LED Lamp,32,0.07011963260693949,10,297.56171756577936
2024-03-30,Fashion,Hoodie,38,0.04899599630910457,4,144.55260856101611
2024-03-30,Fashion,Sneakers,72,0.014122913618755395,6,425.8989013166977
2024-03-30,Fashion,Backpack,45,0.05212439274666726,8,341.2352186111998
2024-03-30,Beauty,Face Serum,28,0.05025981044211883,5,132.96362653810337
2024-03-30,Beauty,Hair Dryer,55,0.03338702746282145,8,425.3097079163586
2024-03-30,Beauty,Perfume,60,0.056852758600865985,4,226.35533793579216
2024-03-31,Electronics,Wireless Headphones,65,0.0,3,195.0
2024-03-31,Electronics,Smart Watch,85,0.03861204437637834,4,326.87190491203137
2024-03-31,Electronics,Bluetooth Speaker,48,0.04743624454083275,8,365.78448209632023
2024-03-31,Home,Air Fryer,110,0.03821050023172776,7,740.5779148215696
2024-03-31,Home,Coffee Maker,75,0.0,9,675.0
2024-03-31,Home,LED Lamp,32,0.0071764644568552555,11,349.47388451118695
2024-03-31,Fashion,Hoodie,38,0.03199181953545392,9,331.05879771887476
2024-03-31,Fashion,Sneakers,72,0.07335420702143375,5,333.5924854722839
2024-03-31,Fashion,Backpack,45,0.01369593349234454,5,221.91841496422248
2024-03-31,Beauty,Face Serum,28,0.07046274571696629,1,26.027043119924944
2024-03-31,Beauty,Hair Dryer,55,0.08487215696833585,6,301.99218820044916
2024-03-31,Beauty,Perfume,60,0.052086765763676345,8,454.99835243343534
2024-04-01,Electronics,Wireless Headphones,65,0.033485848959586464,9,565.4107783586419
2024-04-01,Electronics,Smart Watch,85,0.050619429377634674,2,161.3946970058021
2024-04-01,Electronics,Bluetooth Speaker,48,0.011325083301375626,7,332.1947720107378
2024-04-01,Home,Air Fryer,110,0.04384137877956003,6,631.0646900054903
2024-04-01,Home,Coffee Maker,75,0.0337965915473277,3,217.39576690185126
2024-04-01,Home,LED Lamp,32,0.02230395532153935,4,125.14509371884296
2024-04-01,Fashion,Hoodie,38,0.024962176315849058,6,222.3086237999864
2024-04-01,Fashion,Sneakers,72,0.03993475803456145,2,138.24939484302314
2024-04-01,Fashion,Backpack,45,0.021970711504526827,7,308.0792258760741
2024-04-01,Beauty,Face Serum,28,0.0602324729116976,5,131.56745379236233
2024-04-01,Beauty,Hair Dryer,55,0.06635165865281127,5,256.7532938704769
2024-04-01,Beauty,Perfume,60,0.025373042911744297,4,233.91046970118137
2024-04-02,Electronics,Wireless Headphones,65,0.034467353663398745,8,502.07697609503265
2024-04-02,Electronics,Smart Watch,85,0.020640636222953215,8,665.9643673683918
2024-04-02,Electronics,Bluetooth Speaker,48,0.030014674903693993,7,325.9150692323588
2024-04-02,Home,Air Fryer,110,0.09114439021874107,6,599.8447024556309
2024-04-02,Home,Coffee Maker,75,0.05966103689162144,4,282.1016889325136
2024-04-02,Home,LED Lamp,32,0.057988708768836786,3,90.43308395819167
2024-04-02,Fashion,Hoodie,38,0.070131743998475,5,176.67496864028976
2024-04-02,Fashion,Sneakers,72,0.09757026692893224,7,454.82458546781817
2024-04-02,Fashion,Backpack,45,0.04163938026702278,4,172.50491155193592
2024-04-02,Beauty,Face Serum,28,0.09420307315961385,5,126.81156975765406
2024-04-02,Beauty,Hair Dryer,55,0.048005193293479284,7,366.5180005820105
2024-04-02,Beauty,Perfume,60,0.08496089276310831,6,329.414078605281
2024-04-03,Electronics,Wireless Headphones,65,0.03759367415429296,7,437.8948782597967
2024-04-03,Electronics,Smart Watch,85,0.06678475881552987,10,793.2329550067996
2024-04-03,Electronics,Bluetooth Speaker,48,0.04123219220870591,8,368.1668381918569
2024-04-03,Home,Air Fryer,110,0.046106134594513876,10,1049.2832519460349
2024-04-03,Home,Coffee Maker,75,0.03225170854975484,7,508.0678530113787
2024-04-03,Home,LED Lamp,32,0.015596602946233086,3,94.50272611716161
2024-04-03,Fashion,Hoodie,38,0.04613920729982732,10,362.4671012260656
2024-04-03,Fashion,Sneakers,72,0.04793259033083484,8,548.3908279694391
2024-04-03,Fashion,Backpack,45,0.042478031408309,10,430.88488586626096
2024-04-03,Beauty,Face Serum,28,0.0,9,252.0
2024-04-03,Beauty,Hair Dryer,55,0.04067774766379183,3,158.28817163547436
2024-04-03,Beauty,Perfume,60,0.0679027558091339,7,391.4808425601638
2024-04-04,Electronics,Wireless Headphones,65,0.0,10,650.0
2024-04-04,Electronics,Smart Watch,85,0.06269905709756458,6,478.02348088024206
2024-04-04,Electronics,Bluetooth Speaker,48,0.03022516568372422,3,139.6475761415437
2024-04-04,Home,Air Fryer,110,0.040633371365492055,5,527.6516457489794
2024-04-04,Home,Coffee Maker,75,0.03834808176542798,4,288.4955754703716
2024-04-04,Home,LED Lamp,32,0.07003747238756626,7,208.31160618518516
2024-04-04,Fashion,Hoodie,38,0.10301869760164052,6,204.51173694682598
2024-04-04,Fashion,Sneakers,72,0.07510757193832221,5,332.961274102204
2024-04-04,Fashion,Backpack,45,0.019460427506883895,14,617.7399306706632
2024-04-04,Beauty,Face Serum,28,0.037838433458735325,7,188.58366704208788
2024-04-04,Beauty,Hair Dryer,55,0.07356528246760075,3,152.8617283928459
2024-04-04,Beauty,Perfume,60,0.04629682917550819,7,400.5553317462866
2024-04-05,Electronics,Wireless Headphones,65,0.024410223488216934,7,443.8933483128613
2024-04-05,Electronics,Smart Watch,85,0.03940316267723321,4,326.6029246897407
2024-04-05,Electronics,Bluetooth Speaker,48,0.050771837471392946,4,182.25180720549255
2024-04-05,Home,Air Fryer,110,0.06359681503161035,2,206.0087006930457
2024-04-05,Home,Coffee Maker,75,0.05097427813275036,5,355.88464570021864
2024-04-05,Home,LED Lamp,32,0.06952060973686613,3,89.32602146526085
2024-04-05,Fashion,Hoodie,38,0.05347458733241608,7,251.77575976957732
2024-04-05,Fashion,Sneakers,72,0.07534248944323803,6,399.45204456052113
2024-04-05,Fashion,Backpack,45,0.05926904086599932,2,84.66578632206007
2024-04-05,Beauty,Face Serum,28,0.05460674501046257,8,211.7680891176564
2024-04-05,Beauty,Hair Dryer,55,0.05371336713156418,7,364.3203536543478
2024-04-05,Beauty,Perfume,60,0.05933475740679241,2,112.87982911118492
2024-04-06,Electronics,Wireless Headphones,65,0.07620008468709787,6,360.28196697203185
2024-04-06,Electronics,Smart Watch,85,0.0876710652846324,5,387.7397972540312
2024-04-06,Electronics,Bluetooth Speaker,48,0.026257385598817434,13,607.6153913863379
2024-04-06,Home,Air Fryer,110,0.04462173528060921,5,525.4580455956649
2024-04-06,Home,Coffee Maker,75,0.03940228895683165,4,288.1793133129505
2024-04-06,Home,LED Lamp,32,0.0,6,192.0
2024-04-06,Fashion,Hoodie,38,0.08683426355252422,10,347.0029798500408
2024-04-06,Fashion,Sneakers,72,0.006897412670942925,7,500.5237040138448
2024-04-06,Fashion,Backpack,45,0.06126154357980174,4,168.9729221556357
2024-04-06,Beauty,Face Serum,28,0.03013060646896004,10,271.5634301886912
2024-04-06,Beauty,Hair Dryer,55,0.11037182911785216,3,146.7886481955544
2024-04-06,Beauty,Perfume,60,0.06136742247987759,3,168.95386395362203
2024-04-07,Electronics,Wireless Headphones,65,0.04301189958021036,9,559.8380387455769
2024-04-07,Electronics,Smart Watch,85,0.06216345814964581,2,159.4322121145602
2024-04-07,Electronics,Bluetooth Speaker,48,0.00488373386770978,8,382.1246461947994
2024-04-07,Home,Air Fryer,110,0.06208998627612164,3,309.5103045288799
2024-04-07,Home,Coffee Maker,75,0.029214442825753126,5,364.0445839403426
2024-04-07,Home,LED Lamp,32,0.05084698511420429,4,121.49158590538185
2024-04-07,Fashion,Hoodie,38,0.026685171177928367,6,221.91578097143233
2024-04-07,Fashion,Sneakers,72,0.048091222256058164,15,1028.0614799634573
2024-04-07,Fashion,Backpack,45,0.0014855005534522153,10,449.3315247509465
2024-04-07,Beauty,Face Serum,28,0.05387106275573013,3,79.47483072851867
2024-04-07,Beauty,Hair Dryer,55,0.06273234780112144,2,103.09944174187663
2024-04-07,Beauty,Perfume,60,0.048029258121189314,9,514.0642006145578
2024-04-08,Electronics,Wireless Headphones,65,0.024426579991592673,6,380.47363380327886
2024-04-08,Electronics,Smart Watch,85,0.04058084786281953,6,489.30376758996204
2024-04-08,Electronics,Bluetooth Speaker,48,0.05432265883474377,9,408.5326113833907
2024-04-08,Home,Air Fryer,110,0.07093578213839065,1,102.19706396477703
2024-04-08,Home,Coffee Maker,75,0.06779753869831548,2,139.83036919525267
2024-04-08,Home,LED Lamp,32,0.061607522426280335,0,0.0
2024-04-08,Fashion,Hoodie,38,0.04329122810052502,15,545.3239999827008
2024-04-08,Fashion,Sneakers,72,0.07198659121051737,4,267.267861731371
2024-04-08,Fashion,Backpack,45,0.0,10,450.0
2024-04-08,Beauty,Face Serum,28,0.014098251928662,5,138.02624472998733
2024-04-08,Beauty,Hair Dryer,55,0.029748367461830353,7,373.5468785271953
2024-04-08,Beauty,Perfume,60,0.04624869692347499,7,400.5755472921405
2024-04-09,Electronics,Wireless Headphones,65,0.0774418656530936,6,359.7976723952935
2024-04-09,Electronics,Smart Watch,85,0.042192721773998916,7,569.8953305444707
2024-04-09,Electronics,Bluetooth Speaker,48,0.05382310669418311,7,317.9154361507545
2024-04-09,Home,Air Fryer,110,0.04648201405335977,7,734.208849178913
2024-04-09,Home,Coffee Maker,75,0.028454668217463345,3,218.59769965107074
2024-04-09,Home,LED Lamp,32,0.04785856295117366,3,91.40557795668732
2024-04-09,Fashion,Hoodie,38,0.02786816313533874,4,147.7640392034285
2024-04-09,Fashion,Sneakers,72,0.03518764840657412,6,416.79893588836
2024-04-09,Fashion,Backpack,45,0.05727169157708899,4,169.691095516124
2024-04-09,Beauty,Face Serum,28,0.034087820369973945,4,108.18216411856292
2024-04-09,Beauty,Hair Dryer,55,0.045235798621960956,5,262.56015537896076
2024-04-09,Beauty,Perfume,60,0.03576974396948866,15,867.8072304274602
2024-04-10,Electronics,Wireless Headphones,65,0.04279662670134354,5,311.0910963220633
2024-04-10,Electronics,Smart Watch,85,0.06339312936301111,6,477.66950402486435
2024-04-10,Electronics,Bluetooth Speaker,48,0.06742019895144756,5,223.81915225165258
2024-04-10,Home,Air Fryer,110,0.042243538484074805,5,526.7660538337589
2024-04-10,Home,Coffee Maker,75,0.028383632211819065,5,364.35613792056785
2024-04-10,Home,LED Lamp,32,0.038439058933598745,3,92.30985034237452
2024-04-10,Fashion,Hoodie,38,0.029936575929049875,11,405.48651126165714
2024-04-10,Fashion,Sneakers,72,0.08267047248659903,7,462.3340818667541
2024-04-10,Fashion,Backpack,45,0.027059402667507004,11,481.605595679584
2024-04-10,Beauty,Face Serum,28,0.052010019690967996,6,159.2623166919174
2024-04-10,Beauty,Hair Dryer,55,0.04554780027028488,4,209.9794839405373
2024-04-10,Beauty,Perfume,60,0.03602698260651095,6,347.03028626165604
2024-04-11,Electronics,Wireless Headphones,65,0.08183085646084762,4,238.7239773201796
2024-04-11,Electronics,Smart Watch,85,0.02216926166734098,4,332.46245103310406
2024-04-11,Electronics,Bluetooth Speaker,48,0.03763231272049117,11,508.1301388835807
2024-04-11,Home,Air Fryer,110,0.03890049726940339,3,317.1628359010969
2024-04-11,Home,Coffee Maker,75,0.0720045542106898,5,347.99829217099136
2024-04-11,Home,LED Lamp,32,0.018139502275299847,4,125.67814370876162
2024-04-11,Fashion,Hoodie,38,0.028237604870413404,5,184.63485507462147
2024-04-11,Fashion,Sneakers,72,0.07000560734786318,10,669.5959627095385
2024-04-11,Fashion,Backpack,45,0.020008912823345333,5,220.49799461474728
2024-04-11,Beauty,Face Serum,28,0.05270376969910392,3,79.57288334527527
2024-04-11,Beauty,Hair Dryer,55,0.012986089305451018,6,325.7145905292012
2024-04-11,Beauty,Perfume,60,0.03720309147495706,4,231.0712580460103
2024-04-12,Electronics,Wireless Headphones,65,0.07792354568201662,10,599.3496953066892
2024-04-12,Electronics,Smart Watch,85,0.08092530165702262,6,468.7280961549185
2024-04-12,Electronics,Bluetooth Speaker,48,0.014829742319570231,5,236.44086184330314
2024-04-12,Home,Air Fryer,110,0.03222294418225401,1,106.45547613995205
2024-04-12,Home,Coffee Maker,75,0.05300328270865977,4,284.0990151874021
2024-04-12,Home,LED Lamp,32,0.02944487073362593,5,155.28882068261987
2024-04-12,Fashion,Hoodie,38,0.05506352209337684,5,179.5379308022584
2024-04-12,Fashion,Sneakers,72,0.05446458390163612,4,272.3141998363288
2024-04-12,Fashion,Backpack,45,0.031645706816653796,10,435.7594319325058
2024-04-12,Beauty,Face Serum,28,0.004599655609455355,4,111.484838571741
2024-04-12,Beauty,Hair Dryer,55,0.05487003052484527,7,363.8750382479346
2024-04-12,Beauty,Perfume,60,0.01870036686287896,8,471.0238239058181
2024-04-13,Electronics,Wireless Headphones,65,0.005893526675539815,8,516.9353661287194
2024-04-13,Electronics,Smart Watch,85,0.022074259729427354,6,498.7421275379921
2024-04-13,Electronics,Bluetooth Speaker,48,0.07951183850414917,3,132.55029525540252
2024-04-13,Home,Air Fryer,110,0.03372907413662703,2,212.57960368994205
2024-04-13,Home,Coffee Maker,75,0.03315783591266801,2,145.0263246130998
2024-04-13,Home,LED Lamp,32,0.0320608042062979,4,123.89621706159387
2024-04-13,Fashion,Hoodie,38,0.08201684918673091,11,383.71695703994646
2024-04-13,Fashion,Sneakers,72,0.03929184302306615,10,691.7098730233923
2024-04-13,Fashion,Backpack,45,0.016743338575656533,11,486.71204740505
2024-04-13,Beauty,Face Serum,28,0.052478834467981815,4,106.12237053958603
2024-04-13,Beauty,Hair Dryer,55,0.03216320699558562,3,159.69307084572839
2024-04-13,Beauty,Perfume,60,0.018246756441973253,4,235.62077845392642
2024-04-14,Electronics,Wireless Headphones,65,0.06569390142638486,6,364.3793784437099
2024-04-14,Electronics,Smart Watch,85,0.05015635186513267,6,484.4202605487823
2024-04-14,Electronics,Bluetooth Speaker,48,0.04795603026025843,9,411.2829949275684
2024-04-14,Home,Air Fryer,110,0.053568003037029285,5,520.537598329634
2024-04-14,Home,Coffee Maker,75,0.020248212900304364,5,367.40692016238586
2024-04-14,Home,LED Lamp,32,0.043940030806968886,6,183.56351408506197
2024-04-14,Fashion,Hoodie,38,0.03235311148722819,12,441.24698116182395
2024-04-14,Fashion,Sneakers,72,0.08219118257881752,16,1057.3157576692022
2024-04-14,Fashion,Backpack,45,0.00020774163391821393,7,314.93456138531576
2024-04-14,Beauty,Face Serum,28,0.09813294884969981,8,202.01821945766724
2024-04-14,Beauty,Hair Dryer,55,0.05849734342303806,4,207.13058444693164
2024-04-14,Beauty,Perfume,60,0.04151022515415015,4,230.03754596300396
2024-04-15,Electronics,Wireless Headphones,65,0.0597762501696088,6,366.68726243385254
2024-04-15,Electronics,Smart Watch,85,0.009423565894164446,8,673.5919751919681
2024-04-15,Electronics,Bluetooth Speaker,48,0.05872350444389057,4,180.72508714677303
2024-04-15,Home,Air Fryer,110,0.0408314117141949,3,316.5256341343157
2024-04-15,Home,Coffee Maker,75,0.051647835071427714,3,213.37923710892878
2024-04-15,Home,LED Lamp,32,0.0,9,288.0
2024-04-15,Fashion,Hoodie,38,0.02485430952167782,5,185.27768119088122
2024-04-15,Fashion,Sneakers,72,0.04723489445813556,6,411.59452559408544
2024-04-15,Fashion,Backpack,45,0.05635571888017795,12,509.5679118047039
2024-04-15,Beauty,Face Serum,28,0.05270492713146258,4,106.09704816127619
2024-04-15,Beauty,Hair Dryer,55,0.07129387328439273,4,204.3153478774336
2024-04-15,Beauty,Perfume,60,0.033466423689328686,6,347.95208747184165
2024-04-16,Electronics,Wireless Headphones,65,0.08673244731289961,7,415.53673647263065
2024-04-16,Electronics,Smart Watch,85,0.02866051470933611,4,330.25542499882573
2024-04-16,Electronics,Bluetooth Speaker,48,0.05426994318101461,5,226.97521363655648
2024-04-16,Home,Air Fryer,110,0.029969115048627648,5,533.5169867232548
2024-04-16,Home,Coffee Maker,75,0.001020014313617576,1,74.92349892647869
2024-04-16,Home,LED Lamp,32,0.08929319252149695,6,174.8557070358726
2024-04-16,Fashion,Hoodie,38,0.028006917576013528,6,221.61442279266893
2024-04-16,Fashion,Sneakers,72,0.04556148166373114,6,412.31743992126815
2024-04-16,Fashion,Backpack,45,0.00026072577135625996,7,314.9178713820228
2024-04-16,Beauty,Face Serum,28,0.06285839847839189,4,104.9598593704201
2024-04-16,Beauty,Hair Dryer,55,0.06697170156871374,9,461.84900772348675
2024-04-16,Beauty,Perfume,60,0.04156008481580464,4,230.02557964420689
2024-04-17,Electronics,Wireless Headphones,65,0.04831246687751587,1,61.859689652961464
2024-04-17,Electronics,Smart Watch,85,0.0870935519600135,4,310.3881923335954
2024-04-17,Electronics,Bluetooth Speaker,48,0.014485185360622675,5,236.52355551345056
2024-04-17,Home,Air Fryer,110,0.03534557317576099,4,424.44794780266517
2024-04-17,Home,Coffee Maker,75,0.06617846787826909,7,490.2563043639087
2024-04-17,Home,LED Lamp,32,0.05965320527311832,10,300.91097431260215
2024-04-17,Fashion,Hoodie,38,0.04244146135930424,10,363.8722446834644
2024-04-17,Fashion,Sneakers,72,0.0009866428594427074,1,71.92896171412012
2024-04-17,Fashion,Backpack,45,0.041312445019594364,13,560.8322196635372
2024-04-17,Beauty,Face Serum,28,0.08179392983711745,2,51.41953992912143
2024-04-17,Beauty,Hair Dryer,55,0.05189475199383593,4,208.58315456135608
2024-04-17,Beauty,Perfume,60,0.025927415078891857,7,409.11048566686543
2024-04-18,Electronics,Wireless Headphones,65,0.062149814504042486,9,548.6423585151351
2024-04-18,Electronics,Smart Watch,85,0.08668230062034246,7,543.4240311308962
2024-04-18,Electronics,Bluetooth Speaker,48,0.012647679929173088,10,473.92911363399696
2024-04-18,Home,Air Fryer,110,0.039802513072084045,4,422.486894248283
2024-04-18,Home,Coffee Maker,75,0.04562565711792477,4,286.31230286462255
2024-04-18,Home,LED Lamp,32,0.10735698936486078,7,199.95203438227117
2024-04-18,Fashion,Hoodie,38,0.04443472695623635,9,326.80332338096713
2024-04-18,Fashion,Sneakers,72,0.06553865970639186,8,538.2497320091184
2024-04-18,Fashion,Backpack,45,0.05198105070601148,7,298.6259690276064
2024-04-18,Beauty,Face Serum,28,0.07743837461571154,2,51.66345102152015
2024-04-18,Beauty,Hair Dryer,55,0.0675122451101858,7,359.0077856325785
2024-04-18,Beauty,Perfume,60,0.02138554593190834,7,411.0180707085985
2024-04-19,Electronics,Wireless Headphones,65,0.0265329031692534,6,379.6521677639912
2024-04-19,Electronics,Smart Watch,85,0.04542955095273343,7,567.9694171831236
2024-04-19,Electronics,Bluetooth Speaker,48,0.04272037175432196,6,275.6965329347553
2024-04-19,Home,Air Fryer,110,0.062007124142746534,3,309.5376490328936
2024-04-19,Home,Coffee Maker,75,0.023936508715884215,8,585.6380947704695
2024-04-19,Home,LED Lamp,32,0.030969532038110086,3,93.02692492434144
2024-04-19,Fashion,Hoodie,38,0.0437768964586693,5,181.68238967285282
2024-04-19,Fashion,Sneakers,72,0.029302107480780302,9,629.0122343524544
2024-04-19,Fashion,Backpack,45,0.05607156227237842,10,424.7677969774297
2024-04-19,Beauty,Face Serum,28,0.1063388001471299,5,125.1125679794018
2024-04-19,Beauty,Hair Dryer,55,0.07549255364837654,3,152.54372864801786
2024-04-19,Beauty,Perfume,60,0.04813501732720803,5,285.5594948018376
2024-04-20,Electronics,Wireless Headphones,65,0.06547014856614791,7,425.21108240240267
2024-04-20,Electronics,Smart Watch,85,0.02589584408277887,10,827.988532529638
2024-04-20,Electronics,Bluetooth Speaker,48,0.040049371714786515,2,92.1552603153805
2024-04-20,Home,Air Fryer,110,0.048266039814145324,4,418.76294248177607
2024-04-20,Home,Coffee Maker,75,0.03308276240102455,5,362.5939640996158
2024-04-20,Home,LED Lamp,32,0.009817329511557137,7,221.80091818941122
2024-04-20,Fashion,Hoodie,38,0.05796262323997744,10,357.9742031688086
2024-04-20,Fashion,Sneakers,72,0.03979115617702612,5,345.6751837762706
2024-04-20,Fashion,Backpack,45,0.03533405572216258,4,173.63986997001072
2024-04-20,Beauty,Face Serum,28,0.07333877682971203,12,311.35817098521676
2024-04-20,Beauty,Hair Dryer,55,0.10331362257914042,5,246.58875379073638
2024-04-20,Beauty,Perfume,60,0.05596494647282728,5,283.2105160581518
2024-04-21,Electronics,Wireless Headphones,65,0.022196784275258247,6,381.3432541326493
2024-04-21,Electronics,Smart Watch,85,0.0726115590890046,5,394.140087387173
2024-04-21,Electronics,Bluetooth Speaker,48,0.0,9,432.0
2024-04-21,Home,Air Fryer,110,0.02038475533297633,5,538.788384566863
2024-04-21,Home,Coffee Maker,75,0.09098715304388791,4,272.70385408683364
2024-04-21,Home,LED Lamp,32,0.029957329453531037,5,155.20682728743503
2024-04-21,Fashion,Hoodie,38,0.07373173618875421,10,351.9819402482734
2024-04-21,Fashion,Sneakers,72,0.05573921392982475,6,407.9206595823157
2024-04-21,Fashion,Backpack,45,0.01826164206607469,10,441.7822610702664
2024-04-21,Beauty,Face Serum,28,0.09034483932788091,3,76.411033496458
2024-04-21,Beauty,Hair Dryer,55,0.05350147019781394,5,260.2870956956012
2024-04-21,Beauty,Perfume,60,0.10609343746908943,4,214.53757500741855
2024-04-22,Electronics,Wireless Headphones,65,0.05146084818949664,4,246.62017947073087
2024-04-22,Electronics,Smart Watch,85,0.11399495045879048,4,301.24171684401125
2024-04-22,Electronics,Bluetooth Speaker,48,0.06588689254956247,7,313.86200410334703
2024-04-22,Home,Air Fryer,110,0.0882435283628695,6,601.7592712805061
2024-04-22,Home,Coffee Maker,75,0.06688368956952934,2,139.9674465645706
2024-04-22,Home,LED Lamp,32,0.06314628565842648,6,179.8759131535821
2024-04-22,Fashion,Hoodie,38,0.03538094414351404,9,329.8997171029182
2024-04-22,Fashion,Sneakers,72,0.028675732993799774,6,419.6120833466785
2024-04-22,Fashion,Backpack,45,0.022545466598431242,6,263.91272401842355
2024-04-22,Beauty,Face Serum,28,0.09590966793061859,4,101.25811719177071
2024-04-22,Beauty,Hair Dryer,55,0.07906758073883036,1,50.65128305936433
2024-04-22,Beauty,Perfume,60,0.03557840876275865,9,520.7876592681104
2024-04-23,Electronics,Wireless Headphones,65,0.07262127798852694,9,542.5165523767117
2024-04-23,Electronics,Smart Watch,85,0.0601669135696847,7,559.2006864260376
2024-04-23,Electronics,Bluetooth Speaker,48,0.01628372715768226,5,236.09190548215628
2024-04-23,Home,Air Fryer,110,0.04071674939335406,6,633.1269454003864
2024-04-23,Home,Coffee Maker,75,0.0,2,150.0
2024-04-23,Home,LED Lamp,32,0.04694752856373757,11,335.4744699455644
2024-04-23,Fashion,Hoodie,38,0.06018355913685786,6,214.2781485167964
2024-04-23,Fashion,Sneakers,72,0.0,8,576.0
2024-04-23,Fashion,Backpack,45,0.09435880752288223,5,203.7692683073515
2024-04-23,Beauty,Face Serum,28,0.04354873430454764,5,133.90317719736333
2024-04-23,Beauty,Hair Dryer,55,0.04072762781949954,2,105.51996093985505
2024-04-23,Beauty,Perfume,60,0.09491601392655839,3,162.9151174932195
2024-04-24,Electronics,Wireless Headphones,65,0.04250892078986844,6,373.4215208919513
2024-04-24,Electronics,Smart Watch,85,0.07234719755369703,5,394.2524410396788
2024-04-24,Electronics,Bluetooth Speaker,48,0.06342813267943662,8,359.6435970510963
2024-04-24,Home,Air Fryer,110,0.0209174925267613,1,107.69907582205626
2024-04-24,Home,Coffee Maker,75,0.01528074184540542,9,664.6854992543514
2024-04-24,Home,LED Lamp,32,0.0032245522216388448,4,127.58725731563023
2024-04-24,Fashion,Hoodie,38,0.04579565346874268,7,253.81835617731443
2024-04-24,Fashion,Sneakers,72,0.034597150234485854,4,278.0360207324681
2024-04-24,Fashion,Backpack,45,0.052889354785221235,2,85.23995806933009
2024-04-24,Beauty,Face Serum,28,0.07472419517876347,6,155.44633520996774
2024-04-24,Beauty,Hair Dryer,55,0.011762795146733715,6,326.11827760157786
2024-04-24,Beauty,Perfume,60,0.01791052337363224,3,176.7761057927462
2024-04-25,Electronics,Wireless Headphones,65,0.047638448272063934,5,309.5175043115792
2024-04-25,Electronics,Smart Watch,85,0.04778783238136842,3,242.81410274275106
2024-04-25,Electronics,Bluetooth Speaker,48,0.05923250792012563,4,180.62735847933587
2024-04-25,Home,Air Fryer,110,0.0954147029453406,5,497.52191338006264
2024-04-25,Home,Coffee Maker,75,0.05169315554506585,6,426.73808000472036
2024-04-25,Home,LED Lamp,32,0.0682090746029698,4,119.26923845081987
2024-04-25,Fashion,Hoodie,38,0.010561586966624403,8,300.78927756214614
2024-04-25,Fashion,Sneakers,72,0.05664838856364409,11,747.1344762575939
2024-04-25,Fashion,Backpack,45,0.08782938107167862,10,410.4767785177446
2024-04-25,Beauty,Face Serum,28,0.04811231025454114,4,106.6114212514914
2024-04-25,Beauty,Hair Dryer,55,0.02673340702933108,5,267.64831306693395
2024-04-25,Beauty,Perfume,60,0.038066805413337665,8,461.72793340159797
2024-04-26,Electronics,Wireless Headphones,65,0.02747726299105287,2,126.42795581116312
2024-04-26,Electronics,Smart Watch,85,0.09336456802042314,9,693.5761054643763
2024-04-26,Electronics,Bluetooth Speaker,48,0.023778432501890087,5,234.2931761995464
2024-04-26,Home,Air Fryer,110,0.0392541649469591,6,634.092251135007
2024-04-26,Home,Coffee Maker,75,0.0,5,375.0
2024-04-26,Home,LED Lamp,32,0.06308713337912378,7,209.8684821230763
2024-04-26,Fashion,Hoodie,38,0.08396289270130977,6,208.8564604641014
2024-04-26,Fashion,Sneakers,72,0.034748905715147715,3,208.49423636552808
2024-04-26,Fashion,Backpack,45,0.04836526276724409,4,171.29425270189606
2024-04-26,Beauty,Face Serum,28,0.03581829208700634,10,269.9708782156382
2024-04-26,Beauty,Hair Dryer,55,0.020901076214802885,6,323.10264484911505
2024-04-26,Beauty,Perfume,60,0.06510022917539121,6,336.5639174968591
2024-04-27,Electronics,Wireless Headphones,65,0.01101063670036341,7,449.99016030133464
2024-04-27,Electronics,Smart Watch,85,0.07849157731505609,6,469.9692955693214
2024-04-27,Electronics,Bluetooth Speaker,48,0.03253181387565256,5,232.19236466984339
2024-04-27,Home,Air Fryer,110,0.022758007255483992,5,537.4830960094838
2024-04-27,Home,Coffee Maker,75,0.03211913989101241,4,290.3642580326963
2024-04-27,Home,LED Lamp,32,0.027445422149606186,7,217.8522254384882
2024-04-27,Fashion,Hoodie,38,0.13226742034054542,14,461.63373237882985
2024-04-27,Fashion,Sneakers,72,0.06070543798090457,6,405.7752507922492
2024-04-27,Fashion,Backpack,45,0.019652512036581166,13,573.5032804586
2024-04-27,Beauty,Face Serum,28,0.02923096486465256,6,163.08919790273836
2024-04-27,Beauty,Hair Dryer,55,0.062917674923649,4,206.15811151679722
2024-04-27,Beauty,Perfume,60,0.018268288446315305,3,176.71170807966323
2024-04-28,Electronics,Wireless Headphones,65,0.060798583048629236,11,671.52901312023
2024-04-28,Electronics,Smart Watch,85,0.028495101070949082,6,495.46749845381595
2024-04-28,Electronics,Bluetooth Speaker,48,0.06684068896901756,4,179.16658771794863
2024-04-28,Home,Air Fryer,110,0.05610213914957163,9,934.4588822419241
2024-04-28,Home,Coffee Maker,75,0.05869558495016908,1,70.59783112873731
2024-04-28,Home,LED Lamp,32,0.069217540582584,5,148.92519350678657
2024-04-28,Fashion,Hoodie,38,0.01536701397225524,7,261.9123742833801
2024-04-28,Fashion,Sneakers,72,0.012090742829296772,5,355.64733258145316
2024-04-28,Fashion,Backpack,45,0.08880522715582875,8,328.03011822390164
2024-04-28,Beauty,Face Serum,28,0.04372134551769784,10,267.75802325504463
2024-04-28,Beauty,Hair Dryer,55,0.04765451608700249,9,471.4110145369338
2024-04-28,Beauty,Perfume,60,0.013822586719666359,5,295.85322398410005
2024-04-29,Electronics,Wireless Headphones,65,0.06910723855370583,6,363.04817696405473
2024-04-29,Electronics,Smart Watch,85,0.08542428717075623,11,855.128291495343
2024-04-29,Electronics,Bluetooth Speaker,48,0.0512238369598845,3,136.62376747777662
2024-04-29,Home,Air Fryer,110,0.06008481099561991,6,620.3440247428908
2024-04-29,Home,Coffee Maker,75,0.008220151884601172,9,669.4513974778943
2024-04-29,Home,LED Lamp,32,0.03962469815440337,4,122.92803863623637
2024-04-29,Fashion,Hoodie,38,0.006871254574852201,9,339.65003093540054
2024-04-29,Fashion,Sneakers,72,0.02126703431242823,7,493.28141470653617
2024-04-29,Fashion,Backpack,45,0.09467040751778413,7,285.178821631898
2024-04-29,Beauty,Face Serum,28,0.11788794989608814,6,148.1948244174572
2024-04-29,Beauty,Hair Dryer,55,0.06509537064880146,6,308.51852768589555
2024-04-29,Beauty,Perfume,60,0.061879912847139396,7,394.01043660420146
2024-04-30,Electronics,Wireless Headphones,65,0.041269473073932625,5,311.5874212509719
2024-04-30,Electronics,Smart Watch,85,0.05126178033913123,6,483.8564920270431
2024-04-30,Electronics,Bluetooth Speaker,48,0.05090016801511492,9,410.0111274174704
2024-04-30,Home,Air Fryer,110,0.006098289480675909,8,874.6335052570051
2024-04-30,Home,Coffee Maker,75,0.08670331743347486,5,342.48625596244693
2024-04-30,Home,LED Lamp,32,0.06352268623869195,5,149.8363702018093
2024-04-30,Fashion,Hoodie,38,0.008317493957062813,6,226.10361137778966
2024-04-30,Fashion,Sneakers,72,0.021981310604480993,9,633.7561107282963
2024-04-30,Fashion,Backpack,45,0.043531428194343025,5,215.2054286562728
2024-04-30,Beauty,Face Serum,28,0.10239095665144958,3,75.39915964127823
2024-04-30,Beauty,Hair Dryer,55,0.08323130217851893,4,201.68911352072584
2024-04-30,Beauty,Perfume,60,0.007868729293197492,3,178.58362872722446
2024-05-01,Electronics,Wireless Headphones,65,0.04787202490540183,10,618.8831838114888
2024-05-01,Electronics,Smart Watch,85,0.04939922073242008,7,565.6074636642101
2024-05-01,Electronics,Bluetooth Speaker,48,0.04454228646118735,5,229.30985124931505
2024-05-01,Home,Air Fryer,110,0.08502521154112441,4,402.5889069219053
2024-05-01,Home,Coffee Maker,75,0.07919633230660114,3,207.18082523101475
2024-05-01,Home,LED Lamp,32,0.03382743600764698,5,154.5876102387765
2024-05-01,Fashion,Hoodie,38,0.03208050921732413,4,147.12376259896675
2024-05-01,Fashion,Sneakers,72,0.05674067249018255,5,339.57335790353426
2024-05-01,Fashion,Backpack,45,0.04030510642739937,6,259.1176212646022
2024-05-01,Beauty,Face Serum,28,0.0690745597643449,3,78.19773697979502
2024-05-01,Beauty,Hair Dryer,55,0.05224671162451582,3,156.3792925819549
2024-05-01,Beauty,Perfume,60,0.059937488998181666,5,282.0187533005455
2024-05-02,Electronics,Wireless Headphones,65,0.058370341175076355,3,183.6177834708601
2024-05-02,Electronics,Smart Watch,85,0.08654076256714996,7,543.5082462725458
2024-05-02,Electronics,Bluetooth Speaker,48,0.06360617432965553,7,314.62832542523574
2024-05-02,Home,Air Fryer,110,0.047694786228747954,1,104.75357351483773
2024-05-02,Home,Coffee Maker,75,0.05400568619857755,3,212.84872060532004
2024-05-02,Home,LED Lamp,32,0.03973690022614651,0,0.0
2024-05-02,Fashion,Hoodie,38,0.034455224490633,10,366.90701469355946
2024-05-02,Fashion,Sneakers,72,0.0065889219534124716,5,357.6279880967715
2024-05-02,Fashion,Backpack,45,0.09112989874739907,2,81.79830911273409
2024-05-02,Beauty,Face Serum,28,0.0,5,140.0
2024-05-02,Beauty,Hair Dryer,55,0.01553717661649201,5,270.7272764304647
2024-05-02,Beauty,Perfume,60,0.06293918669784386,9,506.0128391831643
2024-05-03,Electronics,Wireless Headphones,65,0.05121100807647486,6,370.0277068501748
2024-05-03,Electronics,Smart Watch,85,0.08922365235434755,1,77.41598954988045
2024-05-03,Electronics,Bluetooth Speaker,48,0.015536296867079406,7,330.77980425266134
2024-05-03,Home,Air Fryer,110,0.035003347709527295,5,530.74815875976
2024-05-03,Home,Coffee Maker,75,0.08248154966854757,5,344.0694188742946
2024-05-03,Home,LED Lamp,32,0.06132933702548164,8,240.2996897214767
2024-05-03,Fashion,Hoodie,38,0.09380336237251716,8,275.4837778387548
2024-05-03,Fashion,Sneakers,72,0.08792746867820672,4,262.67688902067647
2024-05-03,Fashion,Backpack,45,0.03746212390465649,10,433.14204424290455
2024-05-03,Beauty,Face Serum,28,0.08333273977914452,3,77.00004985855186
2024-05-03,Beauty,Hair Dryer,55,0.048306525198235556,6,314.05884668458225
2024-05-03,Beauty,Perfume,60,0.036860456449159265,4,231.15349045220177
2024-05-04,Electronics,Wireless Headphones,65,0.024564955826452135,11,697.4360565840867
2024-05-04,Electronics,Smart Watch,85,0.041303629385139706,8,651.913532018105
2024-05-04,Electronics,Bluetooth Speaker,48,0.034459671942733375,6,278.0756144804928
2024-05-04,Home,Air Fryer,110,0.044674268358959573,4,420.3433219220578
2024-05-04,Home,Coffee Maker,75,0.013644973355064371,5,369.8831349918509
2024-05-04,Home,LED Lamp,32,0.06595141356349374,11,328.78510242565017
2024-05-04,Fashion,Hoodie,38,0.07748236133368204,7,245.38969188524058
2024-05-04,Fashion,Sneakers,72,0.05544036442463656,13,884.1078188985402
2024-05-04,Fashion,Backpack,45,0.021249165376788594,4,176.17515023217805
2024-05-04,Beauty,Face Serum,28,0.059707438939018656,12,315.93830051648973
2024-05-04,Beauty,Hair Dryer,55,0.01593972100569683,9,487.10983810218005
2024-05-04,Beauty,Perfume,60,0.04135745082390592,5,287.5927647528282
2024-05-05,Electronics,Wireless Headphones,65,0.025044913311066515,7,443.60456444346477
2024-05-05,Electronics,Smart Watch,85,0.04410959622984292,8,650.0054745637068
2024-05-05,Electronics,Bluetooth Speaker,48,0.0473232880796604,14,640.1987504104683
2024-05-05,Home,Air Fryer,110,0.041868205659642076,7,737.7614816420755
2024-05-05,Home,Coffee Maker,75,0.04386282289124201,6,430.2617296989411
2024-05-05,Home,LED Lamp,32,0.03199832664796558,4,123.90421418906041
2024-05-05,Fashion,Hoodie,38,0.03104931383307257,11,405.0213868177757
2024-05-05,Fashion,Sneakers,72,0.05124893090210695,6,409.8604618502898
2024-05-05,Fashion,Backpack,45,0.07766123411745389,10,415.05244464714576
2024-05-05,Beauty,Face Serum,28,0.08714434907966184,7,178.91970758038627
2024-05-05,Beauty,Hair Dryer,55,0.04510727731994676,4,210.0763989896117
2024-05-05,Beauty,Perfume,60,0.044178905160361825,8,458.7941255230263
2024-05-06,Electronics,Wireless Headphones,65,0.031733413606579455,5,314.6866405778617
2024-05-06,Electronics,Smart Watch,85,0.07154478132724534,6,473.51216152310485
2024-05-06,Electronics,Bluetooth Speaker,48,0.05533711492676013,7,317.40672938460864
2024-05-06,Home,Air Fryer,110,0.07892215265544422,4,405.27425283160454
2024-05-06,Home,Coffee Maker,75,0.0,2,150.0
2024-05-06,Home,LED Lamp,32,0.06706876418074117,2,59.70759909243257
2024-05-06,Fashion,Hoodie,38,0.041398584305176095,8,291.41483037122646
2024-05-06,Fashion,Sneakers,72,0.07582909616326995,7,465.78213553371194
2024-05-06,Fashion,Backpack,45,0.053683688629871926,10,425.84234011655764
2024-05-06,Beauty,Face Serum,28,0.056185730718504176,6,158.5607972392913
2024-05-06,Beauty,Hair Dryer,55,0.042812549419817575,8,421.16247825528023
2024-05-06,Beauty,Perfume,60,0.015048254720686875,5,295.48552358379396
2024-05-07,Electronics,Wireless Headphones,65,0.029861580998754605,12,756.7079668209715
2024-05-07,Electronics,Smart Watch,85,0.005342622746725437,6,507.27526239917
2024-05-07,Electronics,Bluetooth Speaker,48,0.051974852094533085,5,227.52603549731205
2024-05-07,Home,Air Fryer,110,0.03786299573111677,3,317.5052114087315
2024-05-07,Home,Coffee Maker,75,0.05200907552261091,4,284.39727734321673
2024-05-07,Home,LED Lamp,32,0.029158436203692795,7,217.46851029037282
2024-05-07,Fashion,Hoodie,38,0.00779331062414277,7,263.92697937397804
2024-05-07,Fashion,Sneakers,72,0.05783107469052572,7,474.85313835597503
2024-05-07,Fashion,Backpack,45,0.061150774330358024,10,422.4821515513389
2024-05-07,Beauty,Face Serum,28,0.06522714958059217,9,235.56275830569078
2024-05-07,Beauty,Hair Dryer,55,0.021452247995505713,2,107.64025272049437
2024-05-07,Beauty,Perfume,60,0.040213122550667946,5,287.93606323479963
2024-05-08,Electronics,Wireless Headphones,65,0.027465181634278496,7,442.5033423564033
2024-05-08,Electronics,Smart Watch,85,0.039149698823053726,4,326.68910240016174
2024-05-08,Electronics,Bluetooth Speaker,48,0.06995349131182299,7,312.4956269192275
2024-05-08,Home,Air Fryer,110,0.06143756890522763,4,412.9674696816998
2024-05-08,Home,Coffee Maker,75,0.08079356762899934,3,206.82144728347515
2024-05-08,Home,LED Lamp,32,0.08963384846358934,7,203.92201794415598
2024-05-08,Fashion,Hoodie,38,0.07411895403637869,4,140.73391898647043
2024-05-08,Fashion,Sneakers,72,0.04093195733610444,6,414.3173944308029
2024-05-08,Fashion,Backpack,45,0.04862975543353899,6,256.8699660329445
2024-05-08,Beauty,Face Serum,28,0.056492932566783685,4,105.67279155252022
2024-05-08,Beauty,Hair Dryer,55,0.03908202066492432,4,211.40195545371665
2024-05-08,Beauty,Perfume,60,0.07844911784156634,4,221.17221171802407
2024-05-09,Electronics,Wireless Headphones,65,0.03162025914336588,7,440.61278208976853
2024-05-09,Electronics,Smart Watch,85,0.07040773123233206,8,632.1227427620142
2024-05-09,Electronics,Bluetooth Speaker,48,0.050258615144166664,6,273.52551883848
2024-05-09,Home,Air Fryer,110,0.03494242697178355,5,530.781665165519
2024-05-09,Home,Coffee Maker,75,0.03265161612690377,6,435.30677274289326
2024-05-09,Home,LED Lamp,32,0.03424863620240251,4,123.61617456609248
2024-05-09,Fashion,Hoodie,38,0.04403342219016254,3,108.98018987032147
2024-05-09,Fashion,Sneakers,72,0.04880688868104859,5,342.4295200748225
2024-05-09,Fashion,Backpack,45,0.06911784636967519,9,377.00727222028155
2024-05-09,Beauty,Face Serum,28,0.06080819477696662,4,105.18948218497974
2024-05-09,Beauty,Hair Dryer,55,0.06388492091606503,5,257.43164674808213
2024-05-09,Beauty,Perfume,60,0.049094368344732756,4,228.21735159726413
2024-05-10,Electronics,Wireless Headphones,65,0.047472908515364745,8,495.3140875720103
2024-05-10,Electronics,Smart Watch,85,0.016839185106062853,3,250.70600779795396
2024-05-10,Electronics,Bluetooth Speaker,48,0.09507756679293271,6,260.6176607636354
2024-05-10,Home,Air Fryer,110,0.0534566879016996,5,520.5988216540652
2024-05-10,Home,Coffee Maker,75,0.027450171329862987,5,364.7061857513014
2024-05-10,Home,LED Lamp,32,0.038196037688234444,5,153.8886339698825
2024-05-10,Fashion,Hoodie,38,0.07302136419408649,12,422.7022579274966
2024-05-10,Fashion,Sneakers,72,0.05773900100837952,5,339.21395963698336
2024-05-10,Fashion,Backpack,45,0.0,14,630.0
2024-05-10,Beauty,Face Serum,28,0.03342542373693333,4,108.25635254146346
2024-05-10,Beauty,Hair Dryer,55,0.04910511299334339,7,366.0945314975628
2024-05-10,Beauty,Perfume,60,0.06706475554649051,2,111.95222933442113
2024-05-11,Electronics,Wireless Headphones,65,0.041574148273127595,6,373.7860821734803
2024-05-11,Electronics,Smart Watch,85,0.051163451942089176,4,322.60442633968967
2024-05-11,Electronics,Bluetooth Speaker,48,0.039396375360371313,5,230.5448699135109
2024-05-11,Home,Air Fryer,110,0.05952197643845247,4,413.8103303670809
2024-05-11,Home,Coffee Maker,75,0.051887629305080576,6,426.65056681271375
2024-05-11,Home,LED Lamp,32,0.04924561696518648,8,243.39312205691226
2024-05-11,Fashion,Hoodie,38,0.046148396002157636,11,398.70997047109813
2024-05-11,Fashion,Sneakers,72,0.05989426696059816,7,473.8132894518585
2024-05-11,Fashion,Backpack,45,0.06036186468769683,7,295.9860126233755
2024-05-11,Beauty,Face Serum,28,0.0,4,112.0
2024-05-11,Beauty,Hair Dryer,55,0.07319823790965599,8,407.7927753197514
2024-05-11,Beauty,Perfume,60,0.06748576663878694,3,167.85256200501834
2024-05-12,Electronics,Wireless Headphones,65,0.029236222816206883,6,378.59787310167934
2024-05-12,Electronics,Smart Watch,85,0.022635220013507047,3,249.2280188965557
2024-05-12,Electronics,Bluetooth Speaker,48,0.04681294889379991,5,228.76489226548802
2024-05-12,Home,Air Fryer,110,0.06398210381504876,7,720.7337800624125
2024-05-12,Home,Coffee Maker,75,0.07040455691883407,6,418.3179493865247
2024-05-12,Home,LED Lamp,32,0.06725068644132878,9,268.6318023048973
2024-05-12,Fashion,Hoodie,38,0.0616699020671854,9,320.9088934930226
2024-05-12,Fashion,Sneakers,72,0.060971588791995567,2,135.22009121395263
2024-05-12,Fashion,Backpack,45,0.04139045226194843,7,301.9620075374863
2024-05-12,Beauty,Face Serum,28,0.029878647232315994,8,217.3071830199612
2024-05-12,Beauty,Hair Dryer,55,0.06615449861891333,4,205.44601030383907
2024-05-12,Beauty,Perfume,60,0.0515426994176122,2,113.81487606988654
2024-05-13,Electronics,Wireless Headphones,65,0.03902395090426271,9,562.1709887210063
2024-05-13,Electronics,Smart Watch,85,0.05712831186665243,3,240.43228047400362
2024-05-13,Electronics,Bluetooth Speaker,48,0.059474332504722685,3,135.43569611931994
2024-05-13,Home,Air Fryer,110,0.06732748271398373,7,718.1578383102326
2024-05-13,Home,Coffee Maker,75,0.06498678675092563,2,140.25198198736115
2024-05-13,Home,LED Lamp,32,0.039189250527654255,3,92.23783194934519
2024-05-13,Fashion,Hoodie,38,0.010970213494482309,14,526.1638464209354
2024-05-13,Fashion,Sneakers,72,0.06504110863405227,10,673.1704017834824
2024-05-13,Fashion,Backpack,45,0.02741148245155575,4,175.06593315871996
2024-05-13,Beauty,Face Serum,28,0.06353256443613506,6,157.3265291747293
2024-05-13,Beauty,Hair Dryer,55,0.03635555474890687,5,265.00222244405063
2024-05-13,Beauty,Perfume,60,0.05586367247052498,5,283.2408982588425
2024-05-14,Electronics,Wireless Headphones,65,0.055683383352414184,12,736.5669609851169
2024-05-14,Electronics,Smart Watch,85,0.026528594244020993,9,744.7056254033239
2024-05-14,Electronics,Bluetooth Speaker,48,0.04641206089944867,5,228.86110538413232
2024-05-14,Home,Air Fryer,110,0.03526076020855764,4,424.48526550823465
2024-05-14,Home,Coffee Maker,75,0.028662858960310608,8,582.8022846238136
2024-05-14,Home,LED Lamp,32,0.11021839624162401,6,170.8380679216082
2024-05-14,Fashion,Hoodie,38,0.09023574866086714,11,380.28145705975754
2024-05-14,Fashion,Sneakers,72,0.0,8,576.0
2024-05-14,Fashion,Backpack,45,0.046085977446731555,5,214.6306550744854
2024-05-14,Beauty,Face Serum,28,0.04745321375800047,6,160.02786008865593
2024-05-14,Beauty,Hair Dryer,55,0.08151829564322023,8,404.1319499169831
2024-05-14,Beauty,Perfume,60,0.014058645256532262,7,414.09536899225645
2024-05-15,Electronics,Wireless Headphones,65,0.09358319392577633,7,412.41964676377177
2024-05-15,Electronics,Smart Watch,85,0.09686862967821251,3,230.29849943205582
2024-05-15,Electronics,Bluetooth Speaker,48,0.03599326041867772,7,323.9062644993243
2024-05-15,Home,Air Fryer,110,0.045239742724418934,5,525.1181415015697
2024-05-15,Home,Coffee Maker,75,0.024266393685207756,5,365.9001023680471
2024-05-15,Home,LED Lamp,32,0.03032934755276738,8,248.23568702649155
2024-05-15,Fashion,Hoodie,38,0.008893217557616559,9,338.9585195952952
2024-05-15,Fashion,Sneakers,72,0.06178929458764598,3,202.6535123690685
2024-05-15,Fashion,Backpack,45,0.06539552176477867,9,378.51481368526464
2024-05-15,Beauty,Face Serum,28,0.06136258116290029,10,262.81847727438793
2024-05-15,Beauty,Hair Dryer,55,0.029609569276947578,1,53.37147368976788
2024-05-15,Beauty,Perfume,60,0.053200129877101286,1,56.80799220737392
2024-05-16,Electronics,Wireless Headphones,65,0.06512904611676067,10,607.6661200241056
2024-05-16,Electronics,Smart Watch,85,0.042633872608716865,10,813.7612082825907
2024-05-16,Electronics,Bluetooth Speaker,48,0.022935443255204708,8,375.19278979000137
2024-05-16,Home,Air Fryer,110,0.04326019729816243,4,420.96551318880853
2024-05-16,Home,Coffee Maker,75,0.04799193042036141,3,214.20181565541867
2024-05-16,Home,LED Lamp,32,0.05697661365661294,1,30.176748362988384
2024-05-16,Fashion,Hoodie,38,0.033444713839324666,9,330.56190786695095
2024-05-16,Fashion,Sneakers,72,0.005686566453836375,6,429.5434032919427
2024-05-16,Fashion,Backpack,45,0.06028431956529483,3,126.86161685868521
2024-05-16,Beauty,Face Serum,28,0.08340268439969081,9,230.98252353127793
2024-05-16,Beauty,Hair Dryer,55,0.02514695761290172,5,268.084586656452
2024-05-16,Beauty,Perfume,60,0.07338848774728128,10,555.9669073516312
2024-05-17,Electronics,Wireless Headphones,65,0.04743120661066654,3,185.75091471092003
2024-05-17,Electronics,Smart Watch,85,0.02750579566596919,8,661.296058947141
2024-05-17,Electronics,Bluetooth Speaker,48,0.01745163464792851,3,141.4869646106983
2024-05-17,Home,Air Fryer,110,0.06514195168525459,2,205.668770629244
2024-05-17,Home,Coffee Maker,75,0.0,7,525.0
2024-05-17,Home,LED Lamp,32,0.040180014130307785,3,92.14271864349045
2024-05-17,Fashion,Hoodie,38,0.03757034216418083,9,329.15094297985013
2024-05-17,Fashion,Sneakers,72,0.04747390090385686,8,548.6550330793784
2024-05-17,Fashion,Backpack,45,0.05503715529405571,10,425.2332801176749
2024-05-17,Beauty,Face Serum,28,0.053021796462243614,6,159.09233819434309
2024-05-17,Beauty,Hair Dryer,55,0.02336213888107317,6,322.29049416924585
2024-05-17,Beauty,Perfume,60,0.003908271092665741,3,179.29651120332016
2024-05-18,Electronics,Wireless Headphones,65,0.07959920018370031,10,598.2605198805949
2024-05-18,Electronics,Smart Watch,85,0.041111463608073245,8,652.0442047465102
2024-05-18,Electronics,Bluetooth Speaker,48,0.009045810729124873,4,190.26320434000803
2024-05-18,Home,Air Fryer,110,0.04881640471434282,4,418.52078192568916
2024-05-18,Home,Coffee Maker,75,0.0658580772250737,6,420.3638652487169
2024-05-18,Home,LED Lamp,32,0.060610386383954024,7,210.4232734499943
2024-05-18,Fashion,Hoodie,38,0.07338006648652515,11,387.32713220863246
2024-05-18,Fashion,Sneakers,72,0.003251103814291799,4,287.06368210148395
2024-05-18,Fashion,Backpack,45,0.021209753631706935,6,264.2733665194391
2024-05-18,Beauty,Face Serum,28,0.06993022477329876,6,156.2517222380858
2024-05-18,Beauty,Hair Dryer,55,0.014505061110576277,3,162.6066649167549
2024-05-18,Beauty,Perfume,60,0.05862366920526517,4,225.93031939073634
2024-05-19,Electronics,Wireless Headphones,65,0.09902146814865144,10,585.6360457033766
2024-05-19,Electronics,Smart Watch,85,0.05944406401279574,2,159.89450911782473
2024-05-19,Electronics,Bluetooth Speaker,48,0.0,9,432.0
2024-05-19,Home,Air Fryer,110,0.06096263777033955,3,309.88232953578796
2024-05-19,Home,Coffee Maker,75,0.06849874135383359,5,349.3129719923124
2024-05-19,Home,LED Lamp,32,0.06614113893647448,4,119.53393421613127
2024-05-19,Fashion,Hoodie,38,0.0877135060466115,9,312.00198093205887
2024-05-19,Fashion,Sneakers,72,0.03432626163091067,5,347.64254581287213
2024-05-19,Fashion,Backpack,45,0.025148905758570844,11,482.5512916495074
2024-05-19,Beauty,Face Serum,28,0.023140653131301172,5,136.76030856161782
2024-05-19,Beauty,Hair Dryer,55,0.050439323665480436,3,156.67751159519574
2024-05-19,Beauty,Perfume,60,0.08856179422377466,3,164.05887703972056
2024-05-20,Electronics,Wireless Headphones,65,0.04387131991844775,8,497.1869136424072
2024-05-20,Electronics,Smart Watch,85,0.04716538564842867,4,323.96376887953426
2024-05-20,Electronics,Bluetooth Speaker,48,0.018281075719629274,2,94.2450167309156
2024-05-20,Home,Air Fryer,110,0.05640098206406197,4,415.18356789181274
2024-05-20,Home,Coffee Maker,75,0.0697085913350546,3,209.31556694961273
2024-05-20,Home,LED Lamp,32,0.02361561383800726,1,31.244300357183768
2024-05-20,Fashion,Hoodie,38,0.07021651099424336,6,211.9906354933125
2024-05-20,Fashion,Sneakers,72,0.04366475819488835,2,137.71227481993608
2024-05-20,Fashion,Backpack,45,0.10910105238494584,6,240.54271585606463
2024-05-20,Beauty,Face Serum,28,0.04788641167556424,4,106.6367218923368
2024-05-20,Beauty,Hair Dryer,55,0.03190118079557239,3,159.73630516873055
2024-05-20,Beauty,Perfume,60,0.03020928104474584,5,290.9372156865762
2024-05-21,Electronics,Wireless Headphones,65,0.03596223855203701,3,187.98736348235278
2024-05-21,Electronics,Smart Watch,85,0.08547286465837353,4,310.939226016153
2024-05-21,Electronics,Bluetooth Speaker,48,0.041286983595134406,8,368.1457982994684
2024-05-21,Home,Air Fryer,110,0.008739524302636956,7,763.2705662869696
2024-05-21,Home,Coffee Maker,75,0.09727166621750877,3,203.1138751010605
2024-05-21,Home,LED Lamp,32,0.05399383977940262,6,181.6331827623547
2024-05-21,Fashion,Hoodie,38,0.048048688995035324,9,325.56734836369793
2024-05-21,Fashion,Sneakers,72,0.03755103016128173,4,277.1853033135509
2024-05-21,Fashion,Backpack,45,0.053241310106387676,7,298.22898731648786
2024-05-21,Beauty,Face Serum,28,0.057964815605564796,7,184.63889614130932
2024-05-21,Beauty,Hair Dryer,55,0.010803074380396162,6,326.43498545446926
2024-05-21,Beauty,Perfume,60,0.05542088058591779,3,170.0242414945348
2024-05-22,Electronics,Wireless Headphones,65,0.055736587178742136,6,368.2627310002906
2024-05-22,Electronics,Smart Watch,85,0.03436250439473852,5,410.3959356322361
2024-05-22,Electronics,Bluetooth Speaker,48,0.027286132704948177,2,93.38053126032497
2024-05-22,Home,Air Fryer,110,0.05728344670648397,2,207.39764172457353
2024-05-22,Home,Coffee Maker,75,0.07157189339263913,1,69.63210799555206
2024-05-22,Home,LED Lamp,32,0.05166177489385116,11,333.8150552373644
2024-05-22,Fashion,Hoodie,38,0.06296288866132281,12,427.2889227704368
2024-05-22,Fashion,Sneakers,72,0.06797952691062903,4,268.42189624973884
2024-05-22,Fashion,Backpack,45,0.014872185103814654,9,398.9767650329551
2024-05-22,Beauty,Face Serum,28,0.06347199986699804,7,183.55948802606838
2024-05-22,Beauty,Hair Dryer,55,0.0777586240438819,2,101.44655135517299
2024-05-22,Beauty,Perfume,60,0.010334801264316143,5,296.89955962070513
2024-05-23,Electronics,Wireless Headphones,65,0.06411909986247964,12,729.9871021072659
2024-05-23,Electronics,Smart Watch,85,0.06456188836557503,10,795.1223948892613
2024-05-23,Electronics,Bluetooth Speaker,48,0.05138392888868555,9,409.80214272008783
2024-05-23,Home,Air Fryer,110,0.06030950180504468,11,1137.0255028158958
2024-05-23,Home,Coffee Maker,75,0.029440773339817677,4,291.1677679980547
2024-05-23,Home,LED Lamp,32,0.04599057226155764,5,152.64150843815077
2024-05-23,Fashion,Hoodie,38,0.05123231852940275,4,144.21268758353077
2024-05-23,Fashion,Sneakers,72,0.043925798985713735,4,275.34936989211445
2024-05-23,Fashion,Backpack,45,0.054390086858204754,8,340.4195687310463
2024-05-23,Beauty,Face Serum,28,0.07625132982593545,9,232.78466488386428
2024-05-23,Beauty,Hair Dryer,55,0.06900863529135581,7,358.431675412828
2024-05-23,Beauty,Perfume,60,0.042069525608067496,5,287.37914231757975
2024-05-24,Electronics,Wireless Headphones,65,0.0367577916694209,9,563.4966918733887
2024-05-24,Electronics,Smart Watch,85,0.009206912679117218,7,589.5218869559253
2024-05-24,Electronics,Bluetooth Speaker,48,0.07791841671901141,6,265.5594959849247
2024-05-24,Home,Air Fryer,110,0.1028057059467682,3,296.0741170375665
2024-05-24,Home,Coffee Maker,75,0.021771197827162553,7,513.5701211407397
2024-05-24,Home,LED Lamp,32,0.012875043682579794,8,252.70398881725959
2024-05-24,Fashion,Hoodie,38,0.03936951755778399,9,328.53562499523787
2024-05-24,Fashion,Sneakers,72,0.05014837238868364,6,410.33590312808866
2024-05-24,Fashion,Backpack,45,0.03976393486202977,3,129.63186879362598
2024-05-24,Beauty,Face Serum,28,0.038471334238052476,6,161.5368158480072
2024-05-24,Beauty,Hair Dryer,55,0.06233933876863687,4,206.2853454708999
2024-05-24,Beauty,Perfume,60,0.0185812898657135,4,235.54049043222875
2024-05-25,Electronics,Wireless Headphones,65,0.07402602759026697,9,541.6947738596938
2024-05-25,Electronics,Smart Watch,85,0.03565110675517396,3,245.90896777743066
2024-05-25,Electronics,Bluetooth Speaker,48,0.01607529512976171,5,236.1419291688572
2024-05-25,Home,Air Fryer,110,0.02970681021231578,6,640.3935052598715
2024-05-25,Home,Coffee Maker,75,0.03685251335927817,4,288.94424599221657
2024-05-25,Home,LED Lamp,32,0.049170978410425996,7,212.98570083606458
2024-05-25,Fashion,Hoodie,38,0.054595819492411615,11,395.17894745217194
2024-05-25,Fashion,Sneakers,72,0.014632515438023096,5,354.7322944423117
2024-05-25,Fashion,Backpack,45,0.06379127630240647,9,379.1645330975254
2024-05-25,Beauty,Face Serum,28,0.07551473935269838,7,181.1991110868711
2024-05-25,Beauty,Hair Dryer,55,0.05811641825848557,2,103.60719399156659
2024-05-25,Beauty,Perfume,60,0.06703589896876909,6,335.8670763712431
2024-05-26,Electronics,Wireless Headphones,65,0.04088284494814653,9,561.0835357053343
2024-05-26,Electronics,Smart Watch,85,0.03872732234444136,9,735.3735984065024
2024-05-26,Electronics,Bluetooth Speaker,48,0.05648070341142573,9,407.6003361262641
2024-05-26,Home,Air Fryer,110,0.004977430135191585,8,875.6198614810314
2024-05-26,Home,Coffee Maker,75,0.0812570491356598,4,275.62288525930205
2024-05-26,Home,LED Lamp,32,0.05473447599348744,9,272.2364709138756
2024-05-26,Fashion,Hoodie,38,0.039417211810804244,8,292.0171676095155
2024-05-26,Fashion,Sneakers,72,0.030900557374881295,9,627.976438821077
2024-05-26,Fashion,Backpack,45,0.05026056360851785,7,299.16792246331687
2024-05-26,Beauty,Face Serum,28,0.04333519919393343,6,160.71968653541919
2024-05-26,Beauty,Hair Dryer,55,0.05144025952576787,7,365.1955000825794
2024-05-26,Beauty,Perfume,60,0.0596446316082163,3,169.26396631052106
2024-05-27,Electronics,Wireless Headphones,65,0.037153735149215154,4,250.34002886120405
2024-05-27,Electronics,Smart Watch,85,0.06857937729986044,3,237.5122587885356
2024-05-27,Electronics,Bluetooth Speaker,48,0.09568619446021291,8,347.2565013272783
2024-05-27,Home,Air Fryer,110,0.08380094439992888,7,705.4732728120547
2024-05-27,Home,Coffee Maker,75,0.060364584861701286,3,211.4179684061172
2024-05-27,Home,LED Lamp,32,0.04484344311714081,6,183.39005892150897
2024-05-27,Fashion,Hoodie,38,0.034425633682185666,3,110.07547776023084
2024-05-27,Fashion,Sneakers,72,0.04773516270849284,8,548.5045462799081
2024-05-27,Fashion,Backpack,45,0.04259731795135474,4,172.33248276875614
2024-05-27,Beauty,Face Serum,28,0.07769369013162714,2,51.64915335262888
2024-05-27,Beauty,Hair Dryer,55,0.06802984919992505,8,410.066866352033
2024-05-27,Beauty,Perfume,60,0.06938629976396707,6,335.0209320849719
2024-05-28,Electronics,Wireless Headphones,65,0.013775439435419395,11,705.1505608036751
2024-05-28,Electronics,Smart Watch,85,0.03717758637909966,5,409.1995257888827
2024-05-28,Electronics,Bluetooth Speaker,48,0.037633537290646925,7,323.35513147034266
2024-05-28,Home,Air Fryer,110,0.06026580055233871,2,206.7415238784855
2024-05-28,Home,Coffee Maker,75,0.10844891300250403,5,334.331657624061
2024-05-28,Home,LED Lamp,32,0.017731638117106797,5,157.16293790126292
2024-05-28,Fashion,Hoodie,38,0.05564005847249519,8,287.0854222243615
2024-05-28,Fashion,Sneakers,72,0.08005590551265024,8,529.8877984247135
2024-05-28,Fashion,Backpack,45,0.045732755299219864,6,257.65215606921066
2024-05-28,Beauty,Face Serum,28,0.021671477693502795,8,219.1455889966554
2024-05-28,Beauty,Hair Dryer,55,0.07261714938432669,1,51.00605678386203
2024-05-28,Beauty,Perfume,60,0.03909599801430691,6,345.9254407148495
2024-05-29,Electronics,Wireless Headphones,65,0.05819038722305297,6,367.3057489830094
2024-05-29,Electronics,Smart Watch,85,0.03617466662352883,4,327.70061334800016
2024-05-29,Electronics,Bluetooth Speaker,48,0.04981094825986547,5,228.0453724176323
2024-05-29,Home,Air Fryer,110,0.019269893704465003,5,539.4015584625442
2024-05-29,Home,Coffee Maker,75,0.08432658551515143,6,412.0530365181819
2024-05-29,Home,LED Lamp,32,0.0610952868182895,8,240.3596065745179
2024-05-29,Fashion,Hoodie,38,0.0,8,304.0
2024-05-29,Fashion,Sneakers,72,0.05361277003443642,6,408.8392833451235
2024-05-29,Fashion,Backpack,45,0.037656785536203184,11,476.35989115957943
2024-05-29,Beauty,Face Serum,28,0.04266304903520776,5,134.0271731350709
2024-05-29,Beauty,Hair Dryer,55,0.058971000677167235,4,207.02637985102322
2024-05-29,Beauty,Perfume,60,0.05508638992242667,5,283.474083023272
2024-05-30,Electronics,Wireless Headphones,65,0.03991559549021789,6,374.432917758815
2024-05-30,Electronics,Smart Watch,85,0.0,9,765.0
2024-05-30,Electronics,Bluetooth Speaker,48,0.03215515765576012,6,278.7393145951411
2024-05-30,Home,Air Fryer,110,0.03773801738833299,3,317.5464542618501
2024-05-30,Home,Coffee Maker,75,0.11408027332953567,5,332.21989750142416
2024-05-30,Home,LED Lamp,32,0.07842622829704136,5,147.4518034724734
2024-05-30,Fashion,Hoodie,38,0.07623247741385944,6,210.61899514964006
2024-05-30,Fashion,Sneakers,72,0.062452575749739815,7,472.5239018221311
2024-05-30,Fashion,Backpack,45,0.06780873558510685,6,251.69164139202115
2024-05-30,Beauty,Face Serum,28,0.10128045710185342,6,150.98488320688864
2024-05-30,Beauty,Hair Dryer,55,0.04753685664279158,5,261.9273644232323
2024-05-30,Beauty,Perfume,60,0.056765615939859064,2,113.18812608721692
2024-05-31,Electronics,Wireless Headphones,65,0.05285399116302291,13,800.3383774672457
2024-05-31,Electronics,Smart Watch,85,0.06838404655834088,7,554.3114922977871
2024-05-31,Electronics,Bluetooth Speaker,48,0.03842406340283405,8,369.2451596533117
2024-05-31,Home,Air Fryer,110,0.03495770253635453,7,743.082569047007
2024-05-31,Home,Coffee Maker,75,0.02980579779146561,4,291.0582606625603
2024-05-31,Home,LED Lamp,32,0.04984464694383885,4,121.61988519118863
2024-05-31,Fashion,Hoodie,38,0.04401837815315324,4,145.30920652072072
2024-05-31,Fashion,Sneakers,72,0.07008350703320619,8,535.6318999488732
2024-05-31,Fashion,Backpack,45,0.06558922403975687,4,168.19393967284375
2024-05-31,Beauty,Face Serum,28,0.039151240371443984,7,188.32635688719697
2024-05-31,Beauty,Hair Dryer,55,0.04979076465157145,6,313.56904766498144
2024-05-31,Beauty,Perfume,60,0.01020911956771959,8,475.09962260749455
2024-06-01,Electronics,Wireless Headphones,65,0.07485072145315703,9,541.212327949903
2024-06-01,Electronics,Smart Watch,85,0.10790962074508749,7,530.793775656673
2024-06-01,Electronics,Bluetooth Speaker,48,0.04397651009172956,5,229.4456375779849
2024-06-01,Home,Air Fryer,110,0.07579013078639155,1,101.66308561349693
2024-06-01,Home,Coffee Maker,75,0.03643665949539137,4,289.0690021513826
2024-06-01,Home,LED Lamp,32,0.06628040705890127,3,89.63708092234548
2024-06-01,Fashion,Hoodie,38,0.03771536091641603,4,146.26726514070475
2024-06-01,Fashion,Sneakers,72,0.07182142721093755,6,400.973143444875
2024-06-01,Fashion,Backpack,45,0.011336809480684086,11,489.3882793070614
2024-06-01,Beauty,Face Serum,28,0.06770576665928779,6,156.62543120123965
2024-06-01,Beauty,Hair Dryer,55,0.009632998330339766,3,163.41055527549392
2024-06-01,Beauty,Perfume,60,0.05006781975115905,5,284.9796540746523
2024-06-02,Electronics,Wireless Headphones,65,0.10026940814075097,13,760.2723501210655
2024-06-02,Electronics,Smart Watch,85,0.03623205613896964,8,655.3622018255006
2024-06-02,Electronics,Bluetooth Speaker,48,0.0451568737108472,7,320.8272904331553
2024-06-02,Home,Air Fryer,110,0.023953316898612423,2,214.73027028230527
2024-06-02,Home,Coffee Maker,75,0.02767435471024379,8,583.3953871738537
2024-06-02,Home,LED Lamp,32,0.06024683892719266,7,210.50470808030886
2024-06-02,Fashion,Hoodie,38,0.06362437849591342,3,106.74682085146587
2024-06-02,Fashion,Sneakers,72,0.0661108143005858,4,268.9600854814313
2024-06-02,Fashion,Backpack,45,0.026985584466788157,8,350.2851895919563
2024-06-02,Beauty,Face Serum,28,0.04190585073570427,7,187.78645325580194
2024-06-02,Beauty,Hair Dryer,55,0.026981858286261567,2,107.03199558851124
2024-06-02,Beauty,Perfume,60,0.030169408740586556,6,349.1390128533888
2024-06-03,Electronics,Wireless Headphones,65,0.0,4,260.0
2024-06-03,Electronics,Smart Watch,85,0.060183720575620755,2,159.76876750214447
2024-06-03,Electronics,Bluetooth Speaker,48,0.04015917654108278,5,230.36179763014013
2024-06-03,Home,Air Fryer,110,0.0378962436246539,6,634.9884792077283
2024-06-03,Home,Coffee Maker,75,0.034245593898624596,1,72.43158045760316
2024-06-03,Home,LED Lamp,32,0.06348060799483214,12,359.62344652998445
2024-06-03,Fashion,Hoodie,38,0.06390617050191932,10,355.71565520927066
2024-06-03,Fashion,Sneakers,72,0.0,10,720.0
2024-06-03,Fashion,Backpack,45,0.062162050156852916,11,464.22978517235777
2024-06-03,Beauty,Face Serum,28,0.00610540283570582,8,222.6323897648019
2024-06-03,Beauty,Hair Dryer,55,0.07540926856699041,1,50.852490228815526
2024-06-03,Beauty,Perfume,60,0.06788929705573216,5,279.63321088328036
2024-06-04,Electronics,Wireless Headphones,65,0.0,5,325.0
2024-06-04,Electronics,Smart Watch,85,0.02912366144642538,4,330.09795510821533
2024-06-04,Electronics,Bluetooth Speaker,48,0.030526977211042895,7,325.74293565708956
2024-06-04,Home,Air Fryer,110,0.07117064112320626,2,204.34245895289462
2024-06-04,Home,Coffee Maker,75,0.06321106312710872,2,140.51834053093367
2024-06-04,Home,LED Lamp,32,0.0266588013638654,6,186.88151013813783
2024-06-04,Fashion,Hoodie,38,0.05533548761975817,6,215.38350882269515
2024-06-04,Fashion,Sneakers,72,0.05020705588374557,5,341.9254598818516
2024-06-04,Fashion,Backpack,45,0.09277343572762071,9,367.4267585303136
2024-06-04,Beauty,Face Serum,28,0.05901598663010148,6,158.08531424614296
2024-06-04,Beauty,Hair Dryer,55,0.04274208785454628,7,368.5442961759997
2024-06-04,Beauty,Perfume,60,0.032542991452407015,3,174.14226153856674
2024-06-05,Electronics,Wireless Headphones,65,0.04755542750428487,6,371.4533832733289
2024-06-05,Electronics,Smart Watch,85,0.03609031411622121,8,655.4585864009696
2024-06-05,Electronics,Bluetooth Speaker,48,0.02283162714369439,10,469.04081897102674
2024-06-05,Home,Air Fryer,110,0.02962972283778001,7,747.1851134149094
2024-06-05,Home,Coffee Maker,75,0.06564496082250228,2,140.15325587662466
2024-06-05,Home,LED Lamp,32,0.054590853405670846,6,181.5185561461112
2024-06-05,Fashion,Hoodie,38,0.03948904578869099,8,291.995330080238
2024-06-05,Fashion,Sneakers,72,0.052248004512550614,2,136.4762873501927
2024-06-05,Fashion,Backpack,45,0.0648456443937399,3,126.24583800684512
2024-06-05,Beauty,Face Serum,28,0.04078254694441335,11,295.4389755411207
2024-06-05,Beauty,Hair Dryer,55,0.04311739528861535,8,421.02834607300923
2024-06-05,Beauty,Perfume,60,0.03870212147944452,4,230.7114908449333
2024-06-06,Electronics,Wireless Headphones,65,0.05244539458771983,6,369.5462961107893
2024-06-06,Electronics,Smart Watch,85,0.04336267111041535,4,325.2566918224588
2024-06-06,Electronics,Bluetooth Speaker,48,0.0,6,288.0
2024-06-06,Home,Air Fryer,110,0.04374584882553967,4,420.75182651676255
2024-06-06,Home,Coffee Maker,75,0.11049723832050783,1,66.71270712596191
2024-06-06,Home,LED Lamp,32,0.03305643360422136,9,278.47974712198425
2024-06-06,Fashion,Hoodie,38,0.06309483727586881,5,178.0119809175849
2024-06-06,Fashion,Sneakers,72,0.028920615183005056,7,489.42400994776546
2024-06-06,Fashion,Backpack,45,0.028523058654658224,7,306.0152365237827
2024-06-06,Beauty,Face Serum,28,0.031350603314885095,5,135.6109155359161
2024-06-06,Beauty,Hair Dryer,55,0.030488217092605855,2,106.64629611981336
2024-06-06,Beauty,Perfume,60,0.03187542262399011,2,116.17494928512119
2024-06-07,Electronics,Wireless Headphones,65,0.01145209026520487,2,128.51122826552336
2024-06-07,Electronics,Smart Watch,85,0.03369212456837825,5,410.68084705843927
2024-06-07,Electronics,Bluetooth Speaker,48,0.0775554549864035,8,354.21870528522106
2024-06-07,Home,Air Fryer,110,0.03095420649698427,5,532.9751864266586
2024-06-07,Home,Coffee Maker,75,0.09279323305671251,5,340.2025376037328
2024-06-07,Home,LED Lamp,32,0.06830584617154084,5,149.07106461255347
2024-06-07,Fashion,Hoodie,38,0.0,5,190.0
2024-06-07,Fashion,Sneakers,72,0.028762223553015682,6,419.5747194250972
2024-06-07,Fashion,Backpack,45,0.02607176765148652,7,306.7873931897817
2024-06-07,Beauty,Face Serum,28,0.019545302385039733,5,137.26365766609445
2024-06-07,Beauty,Hair Dryer,55,0.07274633336613223,4,203.99580665945092
2024-06-07,Beauty,Perfume,60,0.04314687634122801,2,114.82237483905263
2024-06-08,Electronics,Wireless Headphones,65,0.01589559883669025,3,191.9003582268454
2024-06-08,Electronics,Smart Watch,85,0.03276636881388004,6,493.28915190492114
2024-06-08,Electronics,Bluetooth Speaker,48,0.03836502838083562,6,276.9508718263193
2024-06-08,Home,Air Fryer,110,0.07859621579975107,5,506.7720813101369
2024-06-08,Home,Coffee Maker,75,0.06583519792896454,5,350.3118007766383
2024-06-08,Home,LED Lamp,32,0.059488204591252467,8,240.77101962463937
2024-06-08,Fashion,Hoodie,38,0.07680763935313485,12,420.9757164549705
2024-06-08,Fashion,Sneakers,72,0.061335007710175866,5,337.9193972243367
2024-06-08,Fashion,Backpack,45,0.010333745176525175,10,445.34981467056366
2024-06-08,Beauty,Face Serum,28,0.04688241438620402,7,186.81104678030403
2024-06-08,Beauty,Hair Dryer,55,0.01988452616489191,6,323.43810636558567
2024-06-08,Beauty,Perfume,60,0.036795797150129206,7,404.54576519694575
2024-06-09,Electronics,Wireless Headphones,65,0.06430815230493415,7,425.73979070125495
2024-06-09,Electronics,Smart Watch,85,0.040371918301798045,7,570.9787086104301
2024-06-09,Electronics,Bluetooth Speaker,48,0.04695113497432138,4,182.9853820849303
2024-06-09,Home,Air Fryer,110,0.06638194261931807,3,308.09395893562504
2024-06-09,Home,Coffee Maker,75,0.06351653979152619,2,140.47251903127108
2024-06-09,Home,LED Lamp,32,0.049665435858401864,5,152.0535302626557
2024-06-09,Fashion,Hoodie,38,0.06418607938067046,10,355.60928983534524
2024-06-09,Fashion,Sneakers,72,0.015812478410348628,4,283.4460062178196
2024-06-09,Fashion,Backpack,45,0.03323596908441681,4,174.01752556480497
2024-06-09,Beauty,Face Serum,28,0.061711570076178446,2,52.544152075734004
2024-06-09,Beauty,Hair Dryer,55,0.021570999164223295,4,215.25438018387086
2024-06-09,Beauty,Perfume,60,0.04790013006849394,5,285.6299609794518
2024-06-10,Electronics,Wireless Headphones,65,0.046731505047001284,9,557.6620695475042
2024-06-10,Electronics,Smart Watch,85,0.060360812202931935,5,399.3466548137539
2024-06-10,Electronics,Bluetooth Speaker,48,0.07557547786932298,5,221.8618853113625
2024-06-10,Home,Air Fryer,110,0.0051133497196587455,4,437.7501261233502
2024-06-10,Home,Coffee Maker,75,0.04792913074498055,3,214.2159455823794
2024-06-10,Home,LED Lamp,32,0.004848909589133955,3,95.53450467944313
2024-06-10,Fashion,Hoodie,38,0.050045041002213686,4,144.3931537676635
2024-06-10,Fashion,Sneakers,72,0.08957317310391431,4,262.2029261460727
2024-06-10,Fashion,Backpack,45,0.046239914092922975,3,128.7576115974554
2024-06-10,Beauty,Face Serum,28,0.08076019607739343,5,128.69357254916494
2024-06-10,Beauty,Hair Dryer,55,0.0665733581036355,6,308.0307918258003
2024-06-10,Beauty,Perfume,60,0.012388697545503966,1,59.25667814726976
2024-06-11,Electronics,Wireless Headphones,65,0.06714610567446345,6,363.8130187869593
2024-06-11,Electronics,Smart Watch,85,0.0671606683649724,10,792.9134318897735
2024-06-11,Electronics,Bluetooth Speaker,48,0.051821154392640435,4,182.05033835661303
2024-06-11,Home,Air Fryer,110,0.03470471557237648,9,955.6423315833472
2024-06-11,Home,Coffee Maker,75,0.04663612214378493,3,214.5068725176484
2024-06-11,Home,LED Lamp,32,0.044756456028239515,1,30.567793407096335
2024-06-11,Fashion,Hoodie,38,0.06410640391344602,10,355.6395665128905
2024-06-11,Fashion,Sneakers,72,0.06512162290022276,8,538.4899452094717
2024-06-11,Fashion,Backpack,45,0.03625037629980422,11,477.0560637315969
2024-06-11,Beauty,Face Serum,28,0.007014318689962204,4,111.21439630672424
2024-06-11,Beauty,Hair Dryer,55,0.07307137531872689,4,203.92429742988008
2024-06-11,Beauty,Perfume,60,0.056653267127786594,2,113.20160794466561
2024-06-12,Electronics,Wireless Headphones,65,0.0298816600233556,2,126.11538419696377
2024-06-12,Electronics,Smart Watch,85,0.08226504711526672,2,156.01494199040465
2024-06-12,Electronics,Bluetooth Speaker,48,0.028405609080114053,3,139.90959229246357
2024-06-12,Home,Air Fryer,110,0.040955055586089036,5,527.474719427651
2024-06-12,Home,Coffee Maker,75,0.04909652959835747,3,213.9532808403696
2024-06-12,Home,LED Lamp,32,0.06807108600744505,8,238.57380198209407
2024-06-12,Fashion,Hoodie,38,0.12175884531329512,6,200.2389832685687
2024-06-12,Fashion,Sneakers,72,0.04316451789523604,6,413.35292826925803
2024-06-12,Fashion,Backpack,45,0.0320391754394124,8,348.46589684181157
2024-06-12,Beauty,Face Serum,28,0.056961846019345244,6,158.43040986875
2024-06-12,Beauty,Hair Dryer,55,0.05953846719190744,4,206.90153721778034
2024-06-12,Beauty,Perfume,60,0.0,5,300.0
2024-06-13,Electronics,Wireless Headphones,65,0.03078913812254232,5,314.9935301101737
2024-06-13,Electronics,Smart Watch,85,0.0435396273287455,1,81.29913167705664
2024-06-13,Electronics,Bluetooth Speaker,48,0.04470599740510041,2,91.70822424911036
2024-06-13,Home,Air Fryer,110,0.0411907765171414,9,949.22113124803
2024-06-13,Home,Coffee Maker,75,0.00912801715140553,7,520.2077909955121
2024-06-13,Home,LED Lamp,32,0.02207775762397049,2,62.58702351206589
2024-06-13,Fashion,Hoodie,38,0.09872108808370372,5,171.2429932640963
2024-06-13,Fashion,Sneakers,72,0.040222481580485726,6,414.6238879572302
2024-06-13,Fashion,Backpack,45,0.09431141800104668,5,203.7799309497645
2024-06-13,Beauty,Face Serum,28,0.09472385171457098,4,101.39092860796805
2024-06-13,Beauty,Hair Dryer,55,0.023104183144979248,4,214.91707970810458
2024-06-13,Beauty,Perfume,60,0.044523621184307985,4,229.31433091576608
2024-06-14,Electronics,Wireless Headphones,65,0.04396125167541036,7,434.9976304876883
2024-06-14,Electronics,Smart Watch,85,0.05067911356666734,6,484.1536520809997
2024-06-14,Electronics,Bluetooth Speaker,48,0.043095637805988074,7,321.519865697188
2024-06-14,Home,Air Fryer,110,0.06528119385252504,5,514.0953433811112
2024-06-14,Home,Coffee Maker,75,0.07969930172561467,4,276.0902094823156
2024-06-14,Home,LED Lamp,32,0.06570612401254389,7,209.28182822119018
2024-06-14,Fashion,Hoodie,38,0.05211726467818859,4,144.07817576891534
2024-06-14,Fashion,Sneakers,72,0.04043089546326056,3,207.2669265799357
2024-06-14,Fashion,Backpack,45,0.031453584719286845,3,130.7537660628963
2024-06-14,Beauty,Face Serum,28,0.07063954068543178,10,260.2209286080791
2024-06-14,Beauty,Hair Dryer,55,0.048339675654242825,1,52.34131783901665
2024-06-14,Beauty,Perfume,60,0.0886914402029449,7,382.74959511476317
2024-06-15,Electronics,Wireless Headphones,65,0.06158961809339882,13,792.956772711078
2024-06-15,Electronics,Smart Watch,85,0.07323743982167687,7,551.4237233061023
2024-06-15,Electronics,Bluetooth Speaker,48,0.04468012860233486,7,320.98747678961547
2024-06-15,Home,Air Fryer,110,0.023564787893591232,3,322.2236199951149
2024-06-15,Home,Coffee Maker,75,0.0,7,525.0
2024-06-15,Home,LED Lamp,32,0.06890821489451876,6,178.76962274025237
2024-06-15,Fashion,Hoodie,38,0.03318548714901012,13,477.60636934838897
2024-06-15,Fashion,Sneakers,72,0.01943816290432028,3,211.80135681266682
2024-06-15,Fashion,Backpack,45,0.06431937103619266,10,421.05628303371327
2024-06-15,Beauty,Face Serum,28,0.0,2,56.0
2024-06-15,Beauty,Hair Dryer,55,0.0886224771295745,3,150.37729127362022
2024-06-15,Beauty,Perfume,60,0.018405407697161542,5,294.4783776908515
2024-06-16,Electronics,Wireless Headphones,65,0.004899691529624578,8,517.4521604045952
2024-06-16,Electronics,Smart Watch,85,0.060742884850152695,2,159.67370957547405
2024-06-16,Electronics,Bluetooth Speaker,48,0.0,6,288.0
2024-06-16,Home,Air Fryer,110,0.0800972334080921,6,607.1358259506593
2024-06-16,Home,Coffee Maker,75,0.03906252831808761,6,432.42186225686055
2024-06-16,Home,LED Lamp,32,0.04476587831347452,3,91.70247568190644
2024-06-16,Fashion,Hoodie,38,0.04854080105159101,10,361.55449560039546
2024-06-16,Fashion,Sneakers,72,0.045922225139850364,5,343.46799894965386
2024-06-16,Fashion,Backpack,45,0.06041028857089945,10,422.81537014309527
2024-06-16,Beauty,Face Serum,28,0.048046184730510505,7,186.58294779281994
2024-06-16,Beauty,Hair Dryer,55,0.0004908916391235599,5,274.86500479924104
2024-06-16,Beauty,Perfume,60,0.017966245149052887,3,176.76607587317048
2024-06-17,Electronics,Wireless Headphones,65,0.07986187171651449,8,478.47182670741245
2024-06-17,Electronics,Smart Watch,85,0.051597261150088024,4,322.4569312089701
2024-06-17,Electronics,Bluetooth Speaker,48,0.02339102974426732,13,609.4039974395772
2024-06-17,Home,Air Fryer,110,0.03973663750344093,7,739.4027891223504
2024-06-17,Home,Coffee Maker,75,0.04407372120218705,2,143.38894181967194
2024-06-17,Home,LED Lamp,32,0.015295161529768495,2,63.021109662094815
2024-06-17,Fashion,Hoodie,38,0.07043965619456832,12,423.87951677527684
2024-06-17,Fashion,Sneakers,72,0.04770473116497049,6,411.39155613673273
2024-06-17,Fashion,Backpack,45,0.0698806204104866,5,209.27686040764053
2024-06-17,Beauty,Face Serum,28,0.07473272231891466,5,129.53741887535193
2024-06-17,Beauty,Hair Dryer,55,0.03922047340495545,5,264.21436981363723
2024-06-17,Beauty,Perfume,60,0.05641361781759349,5,283.07591465472194
2024-06-18,Electronics,Wireless Headphones,65,0.05278629263128147,5,307.8444548948335
2024-06-18,Electronics,Smart Watch,85,0.041140064898732356,0,0.0
2024-06-18,Electronics,Bluetooth Speaker,48,0.07173027550516314,7,311.89862743026515
2024-06-18,Home,Air Fryer,110,0.021301614870269176,5,538.284111821352
2024-06-18,Home,Coffee Maker,75,0.05776029316219937,7,494.6758460898454
2024-06-18,Home,LED Lamp,32,0.06380613009834882,4,119.83281534741135
2024-06-18,Fashion,Hoodie,38,0.05602592579858284,9,322.83913337688466
2024-06-18,Fashion,Sneakers,72,0.05694985140667855,6,407.3976641923149
2024-06-18,Fashion,Backpack,45,0.04336596893664553,6,258.2911883871057
2024-06-18,Beauty,Face Serum,28,0.048000098788588276,4,106.62398893567811
2024-06-18,Beauty,Hair Dryer,55,0.07829846125155954,2,101.38716926232844
2024-06-18,Beauty,Perfume,60,0.03573986451310872,2,115.71121625842696
2024-06-19,Electronics,Wireless Headphones,65,0.060154562643730286,7,427.6296739971027
2024-06-19,Electronics,Smart Watch,85,0.009546554605382285,8,673.50834286834
2024-06-19,Electronics,Bluetooth Speaker,48,0.10073653611332248,8,345.3171701324842
2024-06-19,Home,Air Fryer,110,0.050586724133362786,4,417.7418413813204
2024-06-19,Home,Coffee Maker,75,0.008245719079285077,7,520.6709974833753
2024-06-19,Home,LED Lamp,32,0.06015174653546003,4,120.30057644346111
2024-06-19,Fashion,Hoodie,38,0.07046460288732362,11,388.54579599309875
2024-06-19,Fashion,Sneakers,72,0.025159565068489143,8,561.5080905205502
2024-06-19,Fashion,Backpack,45,0.05123371288291294,2,85.38896584053784
2024-06-19,Beauty,Face Serum,28,0.04243183921484195,8,214.4952680158754
2024-06-19,Beauty,Hair Dryer,55,0.0,4,220.0
2024-06-19,Beauty,Perfume,60,0.0696559827718708,4,223.282564134751
2024-06-20,Electronics,Wireless Headphones,65,0.056051006049516,9,552.2101614610332
2024-06-20,Electronics,Smart Watch,85,0.07098115572999333,2,157.93320352590115
2024-06-20,Electronics,Bluetooth Speaker,48,0.08584477041587293,7,307.1561571402667
2024-06-20,Home,Air Fryer,110,0.011434072016904981,4,434.9690083125618
2024-06-20,Home,Coffee Maker,75,0.06637832187059857,5,350.10812929852557
2024-06-20,Home,LED Lamp,32,0.03656924162484467,5,154.14892134002486
2024-06-20,Fashion,Hoodie,38,0.052132683979901374,9,324.17062207887375
2024-06-20,Fashion,Sneakers,72,0.07808076278566699,3,199.13455523829592
2024-06-20,Fashion,Backpack,45,0.03861780805201843,5,216.31099318829587
2024-06-20,Beauty,Face Serum,28,0.053529837811684244,3,79.50349362381853
2024-06-20,Beauty,Hair Dryer,55,0.06657078783796572,4,205.35442667564752
2024-06-20,Beauty,Perfume,60,0.05371523024799621,5,283.88543092560116
2024-06-21,Electronics,Wireless Headphones,65,0.0,4,260.0
2024-06-21,Electronics,Smart Watch,85,0.014995436946098284,2,167.4507757191633
2024-06-21,Electronics,Bluetooth Speaker,48,0.04452341143640184,5,229.31438125526356
2024-06-21,Home,Air Fryer,110,0.0,4,440.0
2024-06-21,Home,Coffee Maker,75,0.07173965906453374,7,487.3366789911198
2024-06-21,Home,LED Lamp,32,0.0522602442044756,5,151.6383609272839
2024-06-21,Fashion,Hoodie,38,0.04830199825347956,12,433.9742887964133
2024-06-21,Fashion,Sneakers,72,0.031120718057235028,7,488.31515809915356
2024-06-21,Fashion,Backpack,45,0.05931429118977193,9,380.97771206814235
2024-06-21,Beauty,Face Serum,28,0.08233554844317853,7,179.86223250513703
2024-06-21,Beauty,Hair Dryer,55,0.05553374342853735,2,103.8912882228609
2024-06-21,Beauty,Perfume,60,0.041967595996367145,5,287.40972120108984
2024-06-22,Electronics,Wireless Headphones,65,0.0405477507540107,9,561.2795658089037
2024-06-22,Electronics,Smart Watch,85,0.015271289971493185,5,418.5097017621154
2024-06-22,Electronics,Bluetooth Speaker,48,0.020083238172962255,6,282.21602740618687
2024-06-22,Home,Air Fryer,110,0.05970827185786213,9,930.8888108607165
2024-06-22,Home,Coffee Maker,75,0.03986405477977688,6,432.06117534910044
2024-06-22,Home,LED Lamp,32,0.06533724673387588,3,89.72762431354792
2024-06-22,Fashion,Hoodie,38,0.03442974466676768,7,256.8416879186398
2024-06-22,Fashion,Sneakers,72,0.03440518606169985,13,903.796745846249
2024-06-22,Fashion,Backpack,45,0.0730107613310239,1,41.71451574010393
2024-06-22,Beauty,Face Serum,28,0.08140659380162647,8,205.76492298843567
2024-06-22,Beauty,Hair Dryer,55,0.04169687620989703,4,210.82668723382264
2024-06-22,Beauty,Perfume,60,0.0,9,540.0
2024-06-23,Electronics,Wireless Headphones,65,0.07125192563458303,14,845.1607476725294
2024-06-23,Electronics,Smart Watch,85,0.04779888225239861,6,485.62257005127674
2024-06-23,Electronics,Bluetooth Speaker,48,0.041831810995505904,7,321.94451150551004
2024-06-23,Home,Air Fryer,110,0.09164149381935133,0,0.0
2024-06-23,Home,Coffee Maker,75,0.058222644614821545,3,211.89990496166516
2024-06-23,Home,LED Lamp,32,0.05450475514805866,6,181.53508701157273
2024-06-23,Fashion,Hoodie,38,0.06218616029686404,14,498.9169627220683
2024-06-23,Fashion,Sneakers,72,0.07002254047036649,7,468.7086396029353
2024-06-23,Fashion,Backpack,45,0.036447391098394025,8,346.87893920457816
2024-06-23,Beauty,Face Serum,28,0.06230574820090611,7,183.7880733526224
2024-06-23,Beauty,Hair Dryer,55,0.0763412275471992,4,203.2049299396162
2024-06-23,Beauty,Perfume,60,0.008885540393897738,5,297.33433788183066
2024-06-24,Electronics,Wireless Headphones,65,0.0469917107808156,6,371.67323279548197
2024-06-24,Electronics,Smart Watch,85,0.008798983125468979,5,421.2604321716757
2024-06-24,Electronics,Bluetooth Speaker,48,0.06129620306511783,4,180.2311290114974
2024-06-24,Home,Air Fryer,110,0.035178222308635924,5,530.6519777302502
2024-06-24,Home,Coffee Maker,75,0.05047611744699693,4,284.8571647659009
2024-06-24,Home,LED Lamp,32,0.06114837777935617,6,180.25951146636362
2024-06-24,Fashion,Hoodie,38,0.06534941206551337,12,426.2006680981259
2024-06-24,Fashion,Sneakers,72,0.07232038078489919,6,400.7575955009235
2024-06-24,Fashion,Backpack,45,0.07824566692310768,6,248.87366993076094
2024-06-24,Beauty,Face Serum,28,0.08446090758553454,4,102.54037835042014
2024-06-24,Beauty,Hair Dryer,55,0.015384352800351574,6,324.92316357588396
2024-06-24,Beauty,Perfume,60,0.05624339876689881,3,169.87618822195822
2024-06-25,Electronics,Wireless Headphones,65,0.06144307921403849,6,366.037199106525
2024-06-25,Electronics,Smart Watch,85,0.06768279933281664,3,237.74088617013177
2024-06-25,Electronics,Bluetooth Speaker,48,0.049237763573810274,7,319.45611143919973
2024-06-25,Home,Air Fryer,110,0.011694712617044883,8,869.7086528970004
2024-06-25,Home,Coffee Maker,75,0.04395317641826692,5,358.5175588431499
2024-06-25,Home,LED Lamp,32,0.08074812804200121,6,176.49635941593576
2024-06-25,Fashion,Hoodie,38,0.057885785534809234,7,250.60238104774072
2024-06-25,Fashion,Sneakers,72,0.011206939594896402,7,498.35170244417225
2024-06-25,Fashion,Backpack,45,0.07298769304411058,9,375.4399843171352
2024-06-25,Beauty,Face Serum,28,0.06474197814203843,8,209.4977968961834
2024-06-25,Beauty,Hair Dryer,55,0.07211837733834098,6,306.2009354783475
2024-06-25,Beauty,Perfume,60,0.03158120048921753,1,58.10512797064695
2024-06-26,Electronics,Wireless Headphones,65,0.03653014755052314,7,438.378782864512
2024-06-26,Electronics,Smart Watch,85,0.052971239211753576,2,160.9948893340019
2024-06-26,Electronics,Bluetooth Speaker,48,0.054045479684743325,6,272.4349018507939
2024-06-26,Home,Air Fryer,110,0.025434489649495046,5,536.0110306927777
2024-06-26,Home,Coffee Maker,75,0.08053157252230017,7,482.7209244257924
2024-06-26,Home,LED Lamp,32,0.09167412484253996,6,174.39856803023233
2024-06-26,Fashion,Hoodie,38,0.08813316482658601,11,381.16033710248706
2024-06-26,Fashion,Sneakers,72,0.07921775028487757,6,397.7779318769329
2024-06-26,Fashion,Backpack,45,0.04173017643458614,7,301.8549944231054
2024-06-26,Beauty,Face Serum,28,0.0795091459090686,5,128.86871957273038
2024-06-26,Beauty,Hair Dryer,55,0.016913202435253537,3,162.20932159818318
2024-06-26,Beauty,Perfume,60,0.0,6,360.0
2024-06-27,Electronics,Wireless Headphones,65,0.0653317260315158,9,546.7809402715633
2024-06-27,Electronics,Smart Watch,85,0.0,9,765.0
2024-06-27,Electronics,Bluetooth Speaker,48,0.05200568283920398,3,136.51118167115465
2024-06-27,Home,Air Fryer,110,0.05159838778810618,6,625.9450640598499
2024-06-27,Home,Coffee Maker,75,0.06536006197331781,10,700.9799535200117
2024-06-27,Home,LED Lamp,32,0.06111244526532362,4,120.17760700603857
2024-06-27,Fashion,Hoodie,38,0.034365448176869796,4,146.7764518771158
2024-06-27,Fashion,Sneakers,72,0.06607111261264267,3,201.7286396756692
2024-06-27,Fashion,Backpack,45,0.03604450680795705,7,303.6459803554935
2024-06-27,Beauty,Face Serum,28,0.0517879288070785,6,159.29962796041082
2024-06-27,Beauty,Hair Dryer,55,0.052383036343649714,4,208.47573200439706
2024-06-27,Beauty,Perfume,60,0.08794823466215773,6,328.3386355216232
2024-06-28,Electronics,Wireless Headphones,65,0.039897412943601426,6,374.4400089519955
2024-06-28,Electronics,Smart Watch,85,0.026937489800278134,5,413.5515668348818
2024-06-28,Electronics,Bluetooth Speaker,48,0.08242445696471351,9,396.3926345912438
2024-06-28,Home,Air Fryer,110,0.09606078370508932,5,497.16656896220087
2024-06-28,Home,Coffee Maker,75,0.014249808276230756,3,221.79379313784807
2024-06-28,Home,LED Lamp,32,0.06108564141821204,6,180.2715568477033
2024-06-28,Fashion,Hoodie,38,0.026517119483948786,10,369.9234945960995
2024-06-28,Fashion,Sneakers,72,0.009153082974063594,8,570.7278242069394
2024-06-28,Fashion,Backpack,45,0.010644344442994398,8,356.168036000522
2024-06-28,Beauty,Face Serum,28,0.05854071507994884,7,184.52601984433002
2024-06-28,Beauty,Hair Dryer,55,0.026455574099100848,8,428.3595473963956
2024-06-28,Beauty,Perfume,60,0.02754942895043488,5,291.73517131486955
2024-06-29,Electronics,Wireless Headphones,65,0.04025651256884383,12,748.5999201963018
2024-06-29,Electronics,Smart Watch,85,0.06976219935507658,4,316.280852219274
2024-06-29,Electronics,Bluetooth Speaker,48,0.1008053863864142,8,345.29073162761694
2024-06-29,Home,Air Fryer,110,0.09859028040290628,6,594.9304149340818
2024-06-29,Home,Coffee Maker,75,0.09672606010586156,2,135.49109098412077
2024-06-29,Home,LED Lamp,32,0.09210070463097404,6,174.316664710853
2024-06-29,Fashion,Hoodie,38,0.0515729409353445,8,288.3218259556553
2024-06-29,Fashion,Sneakers,72,0.024984684929816803,8,561.6088214804256
2024-06-29,Fashion,Backpack,45,0.056898453230353294,3,127.3187088139023
2024-06-29,Beauty,Face Serum,28,0.002347941044712802,8,223.47406120598433
2024-06-29,Beauty,Hair Dryer,55,0.044667710586007714,8,420.3462073421566
2024-06-29,Beauty,Perfume,60,0.02845910153077161,5,291.46226954076855
2024-06-30,Electronics,Wireless Headphones,65,0.04381014488734382,7,435.06638407625854
2024-06-30,Electronics,Smart Watch,85,0.07607873685433345,9,706.7997663064349
2024-06-30,Electronics,Bluetooth Speaker,48,0.10207873816772911,8,344.80176454359207
2024-06-30,Home,Air Fryer,110,0.054226998517775266,5,520.1751508152237
2024-06-30,Home,Coffee Maker,75,0.016906622507540985,4,294.92801324773774
2024-06-30,Home,LED Lamp,32,0.0330809884679882,8,247.531266952195
2024-06-30,Fashion,Hoodie,38,0.0411611534673003,10,364.3587616824259
2024-06-30,Fashion,Sneakers,72,0.056891841387011824,5,339.5189371006757
2024-06-30,Fashion,Backpack,45,0.06278913945547066,4,168.69795489801527
2024-06-30,Beauty,Face Serum,28,0.05085199340063843,11,292.3375860326034
2024-06-30,Beauty,Hair Dryer,55,0.04491530937066721,6,315.1779479076798
2024-06-30,Beauty,Perfume,60,0.05651382333916695,5,283.0458529982499
2024-07-01,Electronics,Wireless Headphones,65,0.039225813510844774,6,374.7019327307705
2024-07-01,Electronics,Smart Watch,85,0.013731628794341179,3,251.498434657443
2024-07-01,Electronics,Bluetooth Speaker,48,0.02439319306164956,9,421.4621405973674
2024-07-01,Home,Air Fryer,110,0.030188515973259358,3,320.0377897288244
2024-07-01,Home,Coffee Maker,75,0.032813725097060535,3,217.61691185316138
2024-07-01,Home,LED Lamp,32,0.049992731402695174,6,182.40139557068252
2024-07-01,Fashion,Hoodie,38,0.07626487638606225,8,280.81547757863706
2024-07-01,Fashion,Sneakers,72,0.042121977536520534,6,413.80330570422313
2024-07-01,Fashion,Backpack,45,0.03638840505889593,4,173.45008708939872
2024-07-01,Beauty,Face Serum,28,0.06541910009970658,6,157.00959118324928
2024-07-01,Beauty,Hair Dryer,55,0.04399892384236459,3,157.74017756600983
2024-07-01,Beauty,Perfume,60,0.0037335807213117814,4,239.10394062688516
2024-07-02,Electronics,Wireless Headphones,65,0.07276903538431949,3,180.8100381000577
2024-07-02,Electronics,Smart Watch,85,0.07787918019380492,5,391.9013484176329
2024-07-02,Electronics,Bluetooth Speaker,48,0.0760364922740994,4,177.40099348337293
2024-07-02,Home,Air Fryer,110,0.03985306940074353,6,633.6969741955093
2024-07-02,Home,Coffee Maker,75,0.04704075054796667,2,142.943887417805
2024-07-02,Home,LED Lamp,32,0.06263001681116084,7,209.97087623429996
2024-07-02,Fashion,Hoodie,38,0.012235561387846969,9,337.8154380053563
2024-07-02,Fashion,Sneakers,72,0.03630268880588074,7,485.70344484183613
2024-07-02,Fashion,Backpack,45,0.04306000315682355,5,215.3114992897147
2024-07-02,Beauty,Face Serum,28,0.03133413939820387,5,135.61322048425146
2024-07-02,Beauty,Hair Dryer,55,0.06597899218810115,6,308.2269325779266
2024-07-02,Beauty,Perfume,60,0.07523668396087818,4,221.9431958493892
2024-07-03,Electronics,Wireless Headphones,65,0.02876740213272709,7,441.91083202960914
2024-07-03,Electronics,Smart Watch,85,0.043453983509531544,5,406.5320570084491
2024-07-03,Electronics,Bluetooth Speaker,48,0.021548287923137833,4,187.86272871875755
2024-07-03,Home,Air Fryer,110,0.022872426474009666,2,214.96806617571787
2024-07-03,Home,Coffee Maker,75,0.017630373638832637,6,442.0663318625253
2024-07-03,Home,LED Lamp,32,0.0746959927516751,9,266.4875540875176
2024-07-03,Fashion,Hoodie,38,0.05053178494958289,7,252.55854520341094
2024-07-03,Fashion,Sneakers,72,0.06034891758619387,5,338.27438966897023
2024-07-03,Fashion,Backpack,45,0.04253375736658486,2,86.17196183700736
2024-07-03,Beauty,Face Serum,28,0.048430614756973994,6,159.86365672082837
2024-07-03,Beauty,Hair Dryer,55,0.042109854523740026,2,105.3679160023886
2024-07-03,Beauty,Perfume,60,0.07355701796455125,10,555.8657892212692
2024-07-04,Electronics,Wireless Headphones,65,0.03512613714141333,2,125.43360217161627
2024-07-04,Electronics,Smart Watch,85,0.022153428478491284,6,498.70175147596944
2024-07-04,Electronics,Bluetooth Speaker,48,0.02418846468502229,5,234.19476847559463
2024-07-04,Home,Air Fryer,110,0.07455627368234007,2,203.5976197898852
2024-07-04,Home,Coffee Maker,75,0.06373873910526495,4,280.87837826842053
2024-07-04,Home,LED Lamp,32,0.06303532062430313,6,179.8972184401338
2024-07-04,Fashion,Hoodie,38,0.04315594239626,6,218.16044513365273
2024-07-04,Fashion,Sneakers,72,0.04866407506017341,6,410.9771195740051
2024-07-04,Fashion,Backpack,45,0.0513442629526691,3,128.06852450138967
2024-07-04,Beauty,Face Serum,28,0.03510583172879523,2,54.034073423187465
2024-07-04,Beauty,Hair Dryer,55,0.042492898453699204,5,263.31445292523273
2024-07-04,Beauty,Perfume,60,0.06487664210642295,2,112.21480294722924
2024-07-05,Electronics,Wireless Headphones,65,0.04502470051549804,7,434.5137612654484
2024-07-05,Electronics,Smart Watch,85,0.06367875780619534,3,238.7619167594202
2024-07-05,Electronics,Bluetooth Speaker,48,0.04361193422451594,3,137.7198814716697
2024-07-05,Home,Air Fryer,110,0.03774153352789716,7,740.9390191835192
2024-07-05,Home,Coffee Maker,75,0.03903933588619856,5,360.36024904267555
2024-07-05,Home,LED Lamp,32,0.06234611329523309,7,210.0344706218678
2024-07-05,Fashion,Hoodie,38,0.08100931915091446,13,453.9813963394482
2024-07-05,Fashion,Sneakers,72,0.026543633801492796,7,490.62200856404763
2024-07-05,Fashion,Backpack,45,0.057695010583555265,5,212.01862261870005
2024-07-05,Beauty,Face Serum,28,0.065056142216453,4,104.71371207175726
2024-07-05,Beauty,Hair Dryer,55,0.06007275435270416,2,103.39199702120254
2024-07-05,Beauty,Perfume,60,0.0735173466645121,4,222.35583680051712
2024-07-06,Electronics,Wireless Headphones,65,0.03854210776314972,7,437.4633409677669
2024-07-06,Electronics,Smart Watch,85,0.036346505953082586,5,409.55273496993993
2024-07-06,Electronics,Bluetooth Speaker,48,0.0480880391464229,7,319.84241884680193
2024-07-06,Home,Air Fryer,110,0.030160222684995505,7,746.7766285325534
2024-07-06,Home,Coffee Maker,75,0.06249120583264791,5,351.56579781275707
2024-07-06,Home,LED Lamp,32,0.04271827903814417,5,153.16507535389692
2024-07-06,Fashion,Hoodie,38,0.08101110622546055,6,209.52946778059498
2024-07-06,Fashion,Sneakers,72,0.0,8,576.0
2024-07-06,Fashion,Backpack,45,0.03776934992799038,7,303.102654772683
2024-07-06,Beauty,Face Serum,28,0.036006283506597805,7,188.94276843270683
2024-07-06,Beauty,Hair Dryer,55,0.0711535724659728,8,408.69242811497196
2024-07-06,Beauty,Perfume,60,0.03164560207116951,7,406.7088471301088
2024-07-07,Electronics,Wireless Headphones,65,0.0,10,650.0
2024-07-07,Electronics,Smart Watch,85,0.07568790769085454,4,314.26611138510947
2024-07-07,Electronics,Bluetooth Speaker,48,0.0892324710069485,7,306.0178897416653
2024-07-07,Home,Air Fryer,110,0.07335576946749825,6,611.5851921514512
2024-07-07,Home,Coffee Maker,75,0.06252379187687401,5,351.5535780461723
2024-07-07,Home,LED Lamp,32,0.07397945295877281,6,177.7959450319156
2024-07-07,Fashion,Hoodie,38,0.04771601026595447,8,289.49433287914985
2024-07-07,Fashion,Sneakers,72,0.05114793509130443,7,478.2214407139826
2024-07-07,Fashion,Backpack,45,0.03824973110546226,14,605.9026694035588
2024-07-07,Beauty,Face Serum,28,0.03669037638411855,5,134.8633473062234
2024-07-07,Beauty,Hair Dryer,55,0.06535383481859423,3,154.21661725493195
2024-07-07,Beauty,Perfume,60,0.023384414143828854,5,292.98467575685135
2024-07-08,Electronics,Wireless Headphones,65,0.056543687775174954,10,613.2466029461362
2024-07-08,Electronics,Smart Watch,85,0.020260706870818202,2,166.5556798319609
2024-07-08,Electronics,Bluetooth Speaker,48,0.0547398641879097,5,226.8624325949017
2024-07-08,Home,Air Fryer,110,0.06281305133749485,2,206.18112870575115
2024-07-08,Home,Coffee Maker,75,0.031204959648140206,4,290.63851210555794
2024-07-08,Home,LED Lamp,32,0.0654835094831558,2,59.809055393078026
2024-07-08,Fashion,Hoodie,38,0.034898290432270405,7,256.71705474501607
2024-07-08,Fashion,Sneakers,72,0.0082847103564068,6,428.4210051260323
2024-07-08,Fashion,Backpack,45,0.048104868947147425,7,299.8469662816486
2024-07-08,Beauty,Face Serum,28,0.029998068764092365,5,135.80027037302708
2024-07-08,Beauty,Hair Dryer,55,0.056469012672162984,3,155.6826129090931
2024-07-08,Beauty,Perfume,60,0.04040934868337068,3,172.72631723699328
2024-07-09,Electronics,Wireless Headphones,65,0.029867307041757767,8,504.469000338286
2024-07-09,Electronics,Smart Watch,85,0.09335983520690919,5,385.3220700370636
2024-07-09,Electronics,Bluetooth Speaker,48,0.08382110628110459,6,263.8595213910419
2024-07-09,Home,Air Fryer,110,0.024822452416903937,5,536.3476511707029
2024-07-09,Home,Coffee Maker,75,0.022417083607457075,3,219.95615618832215
2024-07-09,Home,LED Lamp,32,0.013138326382988508,9,284.21616200169933
2024-07-09,Fashion,Hoodie,38,0.06969670890730717,7,247.4606754306563
2024-07-09,Fashion,Sneakers,72,0.09330940448961961,6,391.6903372604843
2024-07-09,Fashion,Backpack,45,0.10805690074558802,7,280.9620762651398
2024-07-09,Beauty,Face Serum,28,0.0626761550862352,7,183.7154736030979
2024-07-09,Beauty,Hair Dryer,55,0.0640928227816733,4,205.8995789880319
2024-07-09,Beauty,Perfume,60,0.08306623407031337,8,440.1282076462496
2024-07-10,Electronics,Wireless Headphones,65,0.016440346078905065,8,511.4510200389694
2024-07-10,Electronics,Smart Watch,85,0.043480225877076444,8,650.433446403588
2024-07-10,Electronics,Bluetooth Speaker,48,0.050827866913953614,8,364.4820991050418
2024-07-10,Home,Air Fryer,110,0.05481692770990249,3,311.91041385573214
2024-07-10,Home,Coffee Maker,75,0.03756297502168649,4,288.73110749349405
2024-07-10,Home,LED Lamp,32,0.060266332655659914,6,180.42886413011328
2024-07-10,Fashion,Hoodie,38,0.042964644606335874,9,327.30609154463315
2024-07-10,Fashion,Sneakers,72,0.08872116497382426,11,721.7328373407312
2024-07-10,Fashion,Backpack,45,0.041170585348620406,7,302.03126561518457
2024-07-10,Beauty,Face Serum,28,0.02933452382938466,8,217.42906666221785
2024-07-10,Beauty,Hair Dryer,55,0.03430399584036414,4,212.45312091511988
2024-07-10,Beauty,Perfume,60,0.0533295138956981,4,227.20091666503245
2024-07-11,Electronics,Wireless Headphones,65,0.07341108033408245,9,542.0545180045618
2024-07-11,Electronics,Smart Watch,85,0.05692910985660132,13,1042.0933336084554
2024-07-11,Electronics,Bluetooth Speaker,48,0.0956632738740132,0,0.0
2024-07-11,Home,Air Fryer,110,0.0478583065237254,5,523.677931411951
2024-07-11,Home,Coffee Maker,75,0.07417298878046469,3,208.31107752439544
2024-07-11,Home,LED Lamp,32,0.05711989864638798,4,120.68865297326234
2024-07-11,Fashion,Hoodie,38,0.047888891234286066,10,361.8022213309713
2024-07-11,Fashion,Sneakers,72,0.042298333119461184,7,482.68164010779157
2024-07-11,Fashion,Backpack,45,0.05525247655805741,4,170.05455421954966
2024-07-11,Beauty,Face Serum,28,0.057481769937006176,7,184.7335730923468
2024-07-11,Beauty,Hair Dryer,55,0.03800535608919005,3,158.72911624528365
2024-07-11,Beauty,Perfume,60,0.03137292091337561,6,348.7057484711848
2024-07-12,Electronics,Wireless Headphones,65,0.0,7,455.0
2024-07-12,Electronics,Smart Watch,85,0.02780181201230958,6,495.8210758737221
2024-07-12,Electronics,Bluetooth Speaker,48,0.06952190497983705,4,178.65179424387128
2024-07-12,Home,Air Fryer,110,0.0,3,330.0
2024-07-12,Home,Coffee Maker,75,0.04944955406070977,10,712.9128344544677
2024-07-12,Home,LED Lamp,32,0.0404756241072558,5,153.52390014283907
2024-07-12,Fashion,Hoodie,38,0.07915733438611511,8,279.936170346621
2024-07-12,Fashion,Sneakers,72,0.023950657247168234,4,281.1022107128155
2024-07-12,Fashion,Backpack,45,0.049479421530908105,5,213.86713015554568
2024-07-12,Beauty,Face Serum,28,0.024004924038638815,4,109.31144850767245
2024-07-12,Beauty,Hair Dryer,55,0.0713436702585732,3,153.22829440733543
2024-07-12,Beauty,Perfume,60,0.05636200272968939,5,283.0913991810932
2024-07-13,Electronics,Wireless Headphones,65,0.09728960844255581,7,410.7332281586371
2024-07-13,Electronics,Smart Watch,85,0.06855423827240514,4,316.6915589873822
2024-07-13,Electronics,Bluetooth Speaker,48,0.07520750991925909,4,177.56015809550226
2024-07-13,Home,Air Fryer,110,0.04213545606789205,5,526.8254991626594
2024-07-13,Home,Coffee Maker,75,0.034712777285135984,4,289.5861668144592
2024-07-13,Home,LED Lamp,32,0.100324897616014,12,345.4752393154506
2024-07-13,Fashion,Hoodie,38,0.06947305007934274,9,318.2402168728648
2024-07-13,Fashion,Sneakers,72,0.013972264615286133,4,283.9759877907976
2024-07-13,Fashion,Backpack,45,0.0605980264736372,9,380.45779927817694
2024-07-13,Beauty,Face Serum,28,0.08067451394403674,7,180.18779526696878
2024-07-13,Beauty,Hair Dryer,55,0.07416407341965409,2,101.84195192383805
2024-07-13,Beauty,Perfume,60,0.03285891591654473,5,290.1423252250366
2024-07-14,Electronics,Wireless Headphones,65,0.0542175112650879,10,614.7586176776929
2024-07-14,Electronics,Smart Watch,85,0.05604751518979671,11,882.5955732975401
2024-07-14,Electronics,Bluetooth Speaker,48,0.11026791949509339,10,427.0713986423552
2024-07-14,Home,Air Fryer,110,0.03767993408911992,4,423.4208290007872
2024-07-14,Home,Coffee Maker,75,0.12187909993777478,3,197.57720251400067
2024-07-14,Home,LED Lamp,32,0.05031037586777968,5,151.95033986115527
2024-07-14,Fashion,Hoodie,38,0.020498143783765934,7,260.54749375351827
2024-07-14,Fashion,Sneakers,72,0.07631342549875061,6,399.0326001845397
2024-07-14,Fashion,Backpack,45,0.06759058380737065,7,293.70896610067825
2024-07-14,Beauty,Face Serum,28,0.07903824364223469,5,128.93464589008715
2024-07-14,Beauty,Hair Dryer,55,0.03988718000409699,6,316.837230598648
2024-07-14,Beauty,Perfume,60,0.06632311596564669,6,336.1236782523672
2024-07-15,Electronics,Wireless Headphones,65,0.07693866657087005,7,419.99290671025415
2024-07-15,Electronics,Smart Watch,85,0.05209640044533482,6,483.4308357728792
2024-07-15,Electronics,Bluetooth Speaker,48,0.030333520360234668,5,232.71995511354368
2024-07-15,Home,Air Fryer,110,0.02761939694299053,6,641.7711980176263
2024-07-15,Home,Coffee Maker,75,0.06487256209808691,3,210.40367352793044
2024-07-15,Home,LED Lamp,32,0.08248641900473347,10,293.6043459184853
2024-07-15,Fashion,Hoodie,38,0.04534911588193626,5,181.38366798243212
2024-07-15,Fashion,Sneakers,72,0.02638353376788191,9,630.9034701184125
2024-07-15,Fashion,Backpack,45,0.04377067945965321,11,473.33351366747166
2024-07-15,Beauty,Face Serum,28,0.004813588170843666,4,111.46087812486552
2024-07-15,Beauty,Hair Dryer,55,0.05616876689641114,2,103.82143564139477
2024-07-15,Beauty,Perfume,60,0.05385112494260634,7,397.38252752410534
2024-07-16,Electronics,Wireless Headphones,65,0.08312545864218343,6,357.58107112954843
2024-07-16,Electronics,Smart Watch,85,0.07922912731108334,3,234.79657253567376
2024-07-16,Electronics,Bluetooth Speaker,48,0.03521116681823094,6,277.8591839563495
2024-07-16,Home,Air Fryer,110,0.060051664667522306,3,310.1829506597176
2024-07-16,Home,Coffee Maker,75,0.0,2,150.0
2024-07-16,Home,LED Lamp,32,0.06813333570555527,5,149.09866628711117
2024-07-16,Fashion,Hoodie,38,0.07423110468063765,10,351.7921802213577
2024-07-16,Fashion,Sneakers,72,0.040382606030279426,7,483.64716656073915
2024-07-16,Fashion,Backpack,45,0.015858420477843853,8,354.2909686279762
2024-07-16,Beauty,Face Serum,28,0.0,6,168.0
2024-07-16,Beauty,Hair Dryer,55,0.06113854014685405,3,154.91214087576907
2024-07-16,Beauty,Perfume,60,0.08643723170460524,1,54.813766097723686
2024-07-17,Electronics,Wireless Headphones,65,0.03472823472518309,3,188.2279942285893
2024-07-17,Electronics,Smart Watch,85,0.059829157662268186,4,319.65808639482884
2024-07-17,Electronics,Bluetooth Speaker,48,0.020745143798710904,7,329.0296316836331
2024-07-17,Home,Air Fryer,110,0.0314200097178666,9,958.894190379312
2024-07-17,Home,Coffee Maker,75,0.07178951191379959,5,348.07893303232515
2024-07-17,Home,LED Lamp,32,0.04732709175369753,7,213.39873144717174
2024-07-17,Fashion,Hoodie,38,0.01853172632578059,5,186.47897199810168
2024-07-17,Fashion,Sneakers,72,0.03863862681157525,6,415.30811321739947
2024-07-17,Fashion,Backpack,45,0.038908729307159856,2,86.49821436235561
2024-07-17,Beauty,Face Serum,28,0.06825299282112422,7,182.62241340705967
2024-07-17,Beauty,Hair Dryer,55,0.024778747821177012,2,107.27433773967053
2024-07-17,Beauty,Perfume,60,0.04473628165662532,11,630.4740541066272
2024-07-18,Electronics,Wireless Headphones,65,0.08267181941931237,3,178.8789952132341
2024-07-18,Electronics,Smart Watch,85,0.10206614550695958,9,686.9193986871759
2024-07-18,Electronics,Bluetooth Speaker,48,0.0,5,240.0
2024-07-18,Home,Air Fryer,110,0.042370713212937915,5,526.6961077328841
2024-07-18,Home,Coffee Maker,75,0.03764581452960165,3,216.52969173083963
2024-07-18,Home,LED Lamp,32,0.020150234749017365,6,188.13115492818866
2024-07-18,Fashion,Hoodie,38,0.05962029223949585,5,178.67214447449578
2024-07-18,Fashion,Sneakers,72,0.0638869768570389,6,404.40082599775917
2024-07-18,Fashion,Backpack,45,0.03631645389471729,6,260.19455744842634
2024-07-18,Beauty,Face Serum,28,0.058421998434716155,1,26.364184043827947
2024-07-18,Beauty,Hair Dryer,55,0.05843744574321068,2,103.57188096824683
2024-07-18,Beauty,Perfume,60,0.06864527727697664,2,111.7625667267628
2024-07-19,Electronics,Wireless Headphones,65,0.05027045831646887,14,864.2538829320134
2024-07-19,Electronics,Smart Watch,85,0.034285935262665976,3,246.25708650802017
2024-07-19,Electronics,Bluetooth Speaker,48,0.027707541788426382,4,186.68015197662214
2024-07-19,Home,Air Fryer,110,0.012764064215146753,5,542.9797646816693
2024-07-19,Home,Coffee Maker,75,0.08730256915363087,10,684.5230731347768
2024-07-19,Home,LED Lamp,32,0.08768286005252071,8,233.5531878265547
2024-07-19,Fashion,Hoodie,38,0.05810597335767144,4,143.16789204963393
2024-07-19,Fashion,Sneakers,72,0.09633596811477961,8,520.5104823658869
2024-07-19,Fashion,Backpack,45,0.10985316629332414,9,360.5094676512037
2024-07-19,Beauty,Face Serum,28,0.04670764537910153,3,80.07655778815547
2024-07-19,Beauty,Hair Dryer,55,0.04801890442996222,2,104.71792051270415
2024-07-19,Beauty,Perfume,60,0.0790892752312744,4,221.01857394449414
2024-07-20,Electronics,Wireless Headphones,65,0.02905282915186029,8,504.8925288410327
2024-07-20,Electronics,Smart Watch,85,0.0667344618957733,5,396.6378536942964
2024-07-20,Electronics,Bluetooth Speaker,48,0.03175902099721893,5,232.37783496066746
2024-07-20,Home,Air Fryer,110,0.03986113234317389,4,422.4611017690035
2024-07-20,Home,Coffee Maker,75,0.09889509299210007,3,202.74860407677747
2024-07-20,Home,LED Lamp,32,0.01959975373518022,10,313.7280788047423
2024-07-20,Fashion,Hoodie,38,0.04447343475644336,10,363.1000947925515
2024-07-20,Fashion,Sneakers,72,0.019082975544743627,6,423.7561545646708
2024-07-20,Fashion,Backpack,45,0.009401270591490249,7,312.03859976368057
2024-07-20,Beauty,Face Serum,28,0.02960490954927468,4,108.68425013048125
2024-07-20,Beauty,Hair Dryer,55,0.03914828773308873,3,158.54053252404034
2024-07-20,Beauty,Perfume,60,0.06371982184897007,9,505.59129620155613
2024-07-21,Electronics,Wireless Headphones,65,0.02888804398679485,3,189.366831422575
2024-07-21,Electronics,Smart Watch,85,0.0555819989362619,11,883.0308309945951
2024-07-21,Electronics,Bluetooth Speaker,48,0.043238244134868216,4,183.69825712610532
2024-07-21,Home,Air Fryer,110,0.03393419779643864,1,106.26723824239174
2024-07-21,Home,Coffee Maker,75,0.03738186268207546,3,216.58908089653303
2024-07-21,Home,LED Lamp,32,0.07095322821274229,5,148.64748348596123
2024-07-21,Fashion,Hoodie,38,0.060800819103522946,11,392.5852576147274
2024-07-21,Fashion,Sneakers,72,0.008987082492327304,7,499.47051042386704
2024-07-21,Fashion,Backpack,45,0.02735788787288363,10,437.6889504572024
2024-07-21,Beauty,Face Serum,28,0.0762626949945517,3,77.59393362045765
2024-07-21,Beauty,Hair Dryer,55,0.04296311534888991,5,263.1851432790553
2024-07-21,Beauty,Perfume,60,0.05514466561989377,5,283.4566003140319
2024-07-22,Electronics,Wireless Headphones,65,0.046635759613290355,3,185.90602687540837
2024-07-22,Electronics,Smart Watch,85,0.025691275745185607,5,414.08120780829614
2024-07-22,Electronics,Bluetooth Speaker,48,0.05975743616103124,6,270.789858385623
2024-07-22,Home,Air Fryer,110,0.06097275169104074,2,206.58599462797102
2024-07-22,Home,Coffee Maker,75,0.10128238944011628,3,202.21146237597384
2024-07-22,Home,LED Lamp,32,0.008649809991038884,5,158.61603040143376
2024-07-22,Fashion,Hoodie,38,0.0408694121319044,8,291.57569871190105
2024-07-22,Fashion,Sneakers,72,0.05151999131043957,6,409.7433637538901
2024-07-22,Fashion,Backpack,45,0.021530209536619094,5,220.1557028542607
2024-07-22,Beauty,Face Serum,28,0.05562906350081977,5,132.21193110988523
2024-07-22,Beauty,Hair Dryer,55,0.10169405083752986,5,247.03413601967927
2024-07-22,Beauty,Perfume,60,0.07908083562449433,4,221.02059945012138
2024-07-23,Electronics,Wireless Headphones,65,0.09594980317127375,10,587.632627938672
2024-07-23,Electronics,Smart Watch,85,0.0456533495541344,6,486.71679172739147
2024-07-23,Electronics,Bluetooth Speaker,48,0.02611317029775196,5,233.73283912853952
2024-07-23,Home,Air Fryer,110,0.03468300624770788,4,424.7394772510085
2024-07-23,Home,Coffee Maker,75,0.1521354491102092,1,63.589841316734315
2024-07-23,Home,LED Lamp,32,0.0405309655558558,4,122.81203640885046
2024-07-23,Fashion,Hoodie,38,0.07917653203898191,12,419.89550139022424
2024-07-23,Fashion,Sneakers,72,0.03427488949633458,7,486.7254556938474
2024-07-23,Fashion,Backpack,45,0.06415665345670213,6,252.6777035666904
2024-07-23,Beauty,Face Serum,28,0.02913306506620291,2,54.368548356292635
2024-07-23,Beauty,Hair Dryer,55,0.028484016304888126,3,160.30013730969344
2024-07-23,Beauty,Perfume,60,0.03971866118063715,5,288.08440164580884
2024-07-24,Electronics,Wireless Headphones,65,0.07272438997750721,4,241.09165860584812
2024-07-24,Electronics,Smart Watch,85,0.08100798047137688,4,312.4572866397319
2024-07-24,Electronics,Bluetooth Speaker,48,0.07062003902637914,2,89.22047625346761
2024-07-24,Home,Air Fryer,110,0.06462506327476415,3,308.67372911932785
2024-07-24,Home,Coffee Maker,75,0.10548022813199025,4,268.35593156040295
2024-07-24,Home,LED Lamp,32,0.03281362872833252,9,278.54967492624024
2024-07-24,Fashion,Hoodie,38,0.058897699382754985,6,214.57132454073187
2024-07-24,Fashion,Sneakers,72,0.06916280414670216,4,268.08111240574976
2024-07-24,Fashion,Backpack,45,0.04269588948546105,4,172.314739892617
2024-07-24,Beauty,Face Serum,28,0.05915249176913747,3,79.03119069139245
2024-07-24,Beauty,Hair Dryer,55,0.028176993234238022,4,213.80106148846764
2024-07-24,Beauty,Perfume,60,0.035544614986368996,3,173.6019693024536
2024-07-25,Electronics,Wireless Headphones,65,0.04750290725471133,10,619.1231102844376
2024-07-25,Electronics,Smart Watch,85,0.011737981877426931,6,504.01362924251225
2024-07-25,Electronics,Bluetooth Speaker,48,0.02815114447710715,2,93.2974901301977
2024-07-25,Home,Air Fryer,110,0.070370468924139,6,613.5554905100682
2024-07-25,Home,Coffee Maker,75,0.06076856892302354,6,422.6541439846394
2024-07-25,Home,LED Lamp,32,0.0818708581624532,5,146.90066269400748
2024-07-25,Fashion,Hoodie,38,0.04146578283152071,9,327.81870227161994
2024-07-25,Fashion,Sneakers,72,0.02702517123105219,4,280.216750685457
2024-07-25,Fashion,Backpack,45,0.09185451921028838,4,163.46618654214808
2024-07-25,Beauty,Face Serum,28,0.060505496464312865,4,105.22338439599696
2024-07-25,Beauty,Hair Dryer,55,0.055033782114293876,4,207.89256793485535
2024-07-25,Beauty,Perfume,60,0.031734894966172114,6,348.57543781217805
2024-07-26,Electronics,Wireless Headphones,65,0.04666419111160582,6,371.8009654664737
2024-07-26,Electronics,Smart Watch,85,0.03091880833346507,6,494.2314077499328
2024-07-26,Electronics,Bluetooth Speaker,48,0.04793777952461801,7,319.89290607972833
2024-07-26,Home,Air Fryer,110,0.04298392873562776,3,315.81530351724285
2024-07-26,Home,Coffee Maker,75,0.014596231502818462,5,369.5264131864431
2024-07-26,Home,LED Lamp,32,0.03392673797205273,4,123.65737753957725
2024-07-26,Fashion,Hoodie,38,0.05361002431254015,7,251.73973353286434
2024-07-26,Fashion,Sneakers,72,0.05460322795536874,4,272.2742703488538
2024-07-26,Fashion,Backpack,45,0.0472188622535015,9,385.8763607873319
2024-07-26,Beauty,Face Serum,28,0.041084740988211514,0,0.0
2024-07-26,Beauty,Hair Dryer,55,0.055058899867410194,4,207.88704202916975
2024-07-26,Beauty,Perfume,60,0.06242787440059573,7,393.7802927517498
2024-07-27,Electronics,Wireless Headphones,65,0.018942754379060473,5,318.84360482680535
2024-07-27,Electronics,Smart Watch,85,0.06474356387863847,4,317.98718828126295
2024-07-27,Electronics,Bluetooth Speaker,48,0.07916039408078084,4,176.8012043364901
2024-07-27,Home,Air Fryer,110,0.0,5,550.0
2024-07-27,Home,Coffee Maker,75,0.06748976104949235,2,139.87653584257615
2024-07-27,Home,LED Lamp,32,0.05908408508246128,5,150.5465463868062
2024-07-27,Fashion,Hoodie,38,0.08642417762109636,5,173.57940625199168
2024-07-27,Fashion,Sneakers,72,0.07701714925775455,10,664.5476525344168
2024-07-27,Fashion,Backpack,45,0.04288376059431762,9,387.63207695930134
2024-07-27,Beauty,Face Serum,28,0.045634940210848615,3,80.16666502228873
2024-07-27,Beauty,Hair Dryer,55,0.045633941930103075,2,104.98026638768866
2024-07-27,Beauty,Perfume,60,0.08297325706034875,2,110.04320915275815
2024-07-28,Electronics,Wireless Headphones,65,0.04886034775385676,5,309.12038697999657
2024-07-28,Electronics,Smart Watch,85,0.0,11,935.0
2024-07-28,Electronics,Bluetooth Speaker,48,0.04834438414943672,6,274.0768173649622
2024-07-28,Home,Air Fryer,110,0.07591354831842301,6,609.8970581098408
2024-07-28,Home,Coffee Maker,75,0.08152724200469333,11,757.740025346128
2024-07-28,Home,LED Lamp,32,0.07280906847644743,8,237.36087847002946
2024-07-28,Fashion,Hoodie,38,0.0625123107875286,5,178.12266095036955
2024-07-28,Fashion,Sneakers,72,0.05470010771953224,8,544.4927379535494
2024-07-28,Fashion,Backpack,45,0.0625771507438291,10,421.8402821652769
2024-07-28,Beauty,Face Serum,28,0.04222698994119491,3,80.45293284493962
2024-07-28,Beauty,Hair Dryer,55,0.05286791990284171,4,208.36905762137482
2024-07-28,Beauty,Perfume,60,0.038896875388091307,5,288.33093738357263
2024-07-29,Electronics,Wireless Headphones,65,0.04787929344519942,8,495.1027674084963
2024-07-29,Electronics,Smart Watch,85,0.05981651644519567,6,479.4935766129502
2024-07-29,Electronics,Bluetooth Speaker,48,0.04293833588165832,4,183.75583951072161
2024-07-29,Home,Air Fryer,110,0.07096191124141547,5,510.9709488172215
2024-07-29,Home,Coffee Maker,75,0.05805518384024547,0,0.0
2024-07-29,Home,LED Lamp,32,0.06005053615607094,5,150.39191421502866
2024-07-29,Fashion,Hoodie,38,0.02725623669392999,3,110.89278901689198
2024-07-29,Fashion,Sneakers,72,0.024488255789312897,3,210.7105367495084
2024-07-29,Fashion,Backpack,45,0.04573993653336005,5,214.70851427999398
2024-07-29,Beauty,Face Serum,28,0.044400929082817765,7,187.2974178997677
2024-07-29,Beauty,Hair Dryer,55,0.05911593282516898,6,310.4917421676942
2024-07-29,Beauty,Perfume,60,0.05903909906623978,4,225.83061622410244
2024-07-30,Electronics,Wireless Headphones,65,0.03201904603703401,6,377.51257204555674
2024-07-30,Electronics,Smart Watch,85,0.029522111682715624,4,329.9624820278767
2024-07-30,Electronics,Bluetooth Speaker,48,0.06088575788280387,0,0.0
2024-07-30,Home,Air Fryer,110,0.03617109863765439,1,106.02117914985801
2024-07-30,Home,Coffee Maker,75,0.02802581427098974,9,656.082575367082
2024-07-30,Home,LED Lamp,32,0.049541636890571394,4,121.65867047800685
2024-07-30,Fashion,Hoodie,38,0.06665400569151218,8,283.7371822697803
2024-07-30,Fashion,Sneakers,72,0.067835037550602,4,268.46350918542663
2024-07-30,Fashion,Backpack,45,0.032423176641962995,4,174.16382820444665
2024-07-30,Beauty,Face Serum,28,0.039290747765581405,3,80.69957718769116
2024-07-30,Beauty,Hair Dryer,55,0.028250884716509363,10,534.4620134059198
2024-07-30,Beauty,Perfume,60,0.044031738161401685,3,172.07428713094768
2024-07-31,Electronics,Wireless Headphones,65,0.041767242646629205,2,124.5702584559382
2024-07-31,Electronics,Smart Watch,85,0.06457812524508161,9,715.5977341875125
2024-07-31,Electronics,Bluetooth Speaker,48,0.032502015979919474,5,232.19951616481933
2024-07-31,Home,Air Fryer,110,0.013097451035420593,2,217.11856077220747
2024-07-31,Home,Coffee Maker,75,0.08032808696046152,4,275.90157391186153
2024-07-31,Home,LED Lamp,32,0.027946365617205007,4,124.42286520099776
2024-07-31,Fashion,Hoodie,38,0.035824314488410516,2,73.2773520988808
2024-07-31,Fashion,Sneakers,72,0.031038001844369358,4,279.0610554688216
2024-07-31,Fashion,Backpack,45,0.0692160872767815,8,335.08220858035867
2024-07-31,Beauty,Face Serum,28,0.04342212572880673,1,26.78418047959341
2024-07-31,Beauty,Hair Dryer,55,0.06766360519746503,3,153.83550514241827
2024-07-31,Beauty,Perfume,60,0.012001501496295912,5,296.39954955111125
2024-08-01,Electronics,Wireless Headphones,65,0.10107319559623455,4,233.72096914497902
2024-08-01,Electronics,Smart Watch,85,0.02622191824582161,6,496.62682169463096
2024-08-01,Electronics,Bluetooth Speaker,48,0.0315452702046371,6,278.91496218106454
2024-08-01,Home,Air Fryer,110,0.025480640163035334,9,964.7741662385951
2024-08-01,Home,Coffee Maker,75,0.1148394179061976,5,331.9352182851759
2024-08-01,Home,LED Lamp,32,0.05364020844754488,5,151.4175666483928
2024-08-01,Fashion,Hoodie,38,0.045402860797531336,4,145.09876515877525
2024-08-01,Fashion,Sneakers,72,0.04478714504018992,5,343.87662778553164
2024-08-01,Fashion,Backpack,45,0.08538699291480402,6,246.94551191300292
2024-08-01,Beauty,Face Serum,28,0.05066060202568524,4,106.32601257312325
2024-08-01,Beauty,Hair Dryer,55,0.028249934392781506,4,213.78501443358806
2024-08-01,Beauty,Perfume,60,0.012011853608104688,2,118.55857756702744
2024-08-02,Electronics,Wireless Headphones,65,0.09722525131975328,8,469.4428693137283
2024-08-02,Electronics,Smart Watch,85,0.07292066361775049,5,394.00871796245605
2024-08-02,Electronics,Bluetooth Speaker,48,0.06582369591106839,2,89.68092519253743
2024-08-02,Home,Air Fryer,110,0.07829519314431721,2,202.7750575082502
2024-08-02,Home,Coffee Maker,75,0.06876878696595931,5,349.2117048877652
2024-08-02,Home,LED Lamp,32,0.07166394969705998,6,178.24052165816448
2024-08-02,Fashion,Hoodie,38,0.019875144024718863,6,223.46846716236408
2024-08-02,Fashion,Sneakers,72,0.05394591096738162,6,408.6953664620911
2024-08-02,Fashion,Backpack,45,0.052047820368965006,2,85.31569616679315
2024-08-02,Beauty,Face Serum,28,0.003780269705908876,7,195.25906713764186
2024-08-02,Beauty,Hair Dryer,55,0.03831846520197786,2,105.78496882778244
2024-08-02,Beauty,Perfume,60,0.042891177606521745,7,401.9857054052609
2024-08-03,Electronics,Wireless Headphones,65,0.00041547237951600896,7,454.8109600673202
2024-08-03,Electronics,Smart Watch,85,0.058596891487010944,2,160.03852844720814
2024-08-03,Electronics,Bluetooth Speaker,48,0.059788832383509675,3,135.39040813677462
2024-08-03,Home,Air Fryer,110,0.06367369874604639,7,720.9712519655442
2024-08-03,Home,Coffee Maker,75,0.05256954301677501,7,497.40098991619317
2024-08-03,Home,LED Lamp,32,0.06233452405394985,9,270.0476570724624
2024-08-03,Fashion,Hoodie,38,0.05157181516228618,9,324.3624392144981
2024-08-03,Fashion,Sneakers,72,0.036162300113139645,8,555.1705151348315
2024-08-03,Fashion,Backpack,45,0.04189148684040467,10,431.1488309218179
2024-08-03,Beauty,Face Serum,28,0.061834154638417765,7,183.8805056908701
2024-08-03,Beauty,Hair Dryer,55,0.022408151604702775,3,161.30265498522405
2024-08-03,Beauty,Perfume,60,0.0417142227068009,6,344.98287982555166
2024-08-04,Electronics,Wireless Headphones,65,0.026940105640604867,6,379.4933588001641
2024-08-04,Electronics,Smart Watch,85,0.0,5,425.0
2024-08-04,Electronics,Bluetooth Speaker,48,0.061754499251005374,3,135.10735210785523
2024-08-04,Home,Air Fryer,110,0.05407686256165389,2,208.10309023643615
2024-08-04,Home,Coffee Maker,75,0.09116974658657818,5,340.8113450300332
2024-08-04,Home,LED Lamp,32,0.07124749974419038,4,118.88032003274363
2024-08-04,Fashion,Hoodie,38,0.06599515621273559,7,248.44528844741234
2024-08-04,Fashion,Sneakers,72,0.06448330603664576,6,404.14321179216904
2024-08-04,Fashion,Backpack,45,0.05053670233621489,8,341.80678715896266
2024-08-04,Beauty,Face Serum,28,0.06260689067164406,13,341.21109179552155
2024-08-04,Beauty,Hair Dryer,55,0.04543142511091687,4,210.0050864755983
2024-08-04,Beauty,Perfume,60,0.06627944392847523,6,336.1394001857489
2024-08-05,Electronics,Wireless Headphones,65,0.0659583562107835,8,485.70165477039257
2024-08-05,Electronics,Smart Watch,85,0.034143648170014765,2,164.19557981109747
2024-08-05,Electronics,Bluetooth Speaker,48,0.005318756520340369,6,286.468198122142
2024-08-05,Home,Air Fryer,110,0.06000160352155088,4,413.5992944505176
2024-08-05,Home,Coffee Maker,75,0.08731401409433939,4,273.8057957716982
2024-08-05,Home,LED Lamp,32,0.08388462380223306,4,117.26276815331417
2024-08-05,Fashion,Hoodie,38,0.06113402066878812,8,285.4152577166884
2024-08-05,Fashion,Sneakers,72,0.11326542745127205,7,446.9142245645589
2024-08-05,Fashion,Backpack,45,0.03975282955484204,10,432.1112267003211
2024-08-05,Beauty,Face Serum,28,0.042327921594534426,5,134.07409097676518
2024-08-05,Beauty,Hair Dryer,55,0.10345160842117355,5,246.55080768417727
2024-08-05,Beauty,Perfume,60,0.06170271284323331,8,450.38269783524805
2024-08-06,Electronics,Wireless Headphones,65,0.043645844079164706,4,248.65208053941717
2024-08-06,Electronics,Smart Watch,85,0.07757200767596663,1,78.40637934754284
2024-08-06,Electronics,Bluetooth Speaker,48,0.04295114868327416,7,321.5684140424199
2024-08-06,Home,Air Fryer,110,0.04558709230028056,1,104.98541984696914
2024-08-06,Home,Coffee Maker,75,0.005710263911237259,5,372.85865103328604
2024-08-06,Home,LED Lamp,32,0.060830401849282775,1,30.05342714082295
2024-08-06,Fashion,Hoodie,38,0.03458735271413813,7,256.79976417803925
2024-08-06,Fashion,Sneakers,72,0.03337759817418165,8,556.7745034516714
2024-08-06,Fashion,Backpack,45,0.06655231988843002,6,252.0308736301239
2024-08-06,Beauty,Face Serum,28,0.0703927488073121,7,182.20302123376683
2024-08-06,Beauty,Hair Dryer,55,0.058296160222133964,8,414.34968950226107
2024-08-06,Beauty,Perfume,60,0.02509581233977348,3,175.4827537788408
2024-08-07,Electronics,Wireless Headphones,65,0.05727464440600366,6,367.66288868165856
2024-08-07,Electronics,Smart Watch,85,0.0727270689381933,2,157.63639828050714
2024-08-07,Electronics,Bluetooth Speaker,48,0.07928557434284793,5,220.9714621577165
2024-08-07,Home,Air Fryer,110,0.054645258321411413,8,831.912172677158
2024-08-07,Home,Coffee Maker,75,0.0428819092774285,2,143.56771360838573
2024-08-07,Home,LED Lamp,32,0.03879248499163229,12,369.1036857632132
2024-08-07,Fashion,Hoodie,38,0.04636426646857667,8,289.9052629935527
2024-08-07,Fashion,Sneakers,72,0.03844125285939391,4,276.92891917649456
2024-08-07,Fashion,Backpack,45,0.05296657546885616,5,213.08252051950737
2024-08-07,Beauty,Face Serum,28,0.01197179678385131,4,110.65915876020865
2024-08-07,Beauty,Hair Dryer,55,0.03764194292593028,3,158.7890794172215
2024-08-07,Beauty,Perfume,60,0.0748057415366104,10,555.1165550780338
2024-08-08,Electronics,Wireless Headphones,65,0.10495217077939027,8,465.42487119471707
2024-08-08,Electronics,Smart Watch,85,0.042005066405345313,2,162.8591387110913
2024-08-08,Electronics,Bluetooth Speaker,48,0.023673064951165758,2,93.7273857646881
2024-08-08,Home,Air Fryer,110,0.04555960766274508,4,419.95377262839213
2024-08-08,Home,Coffee Maker,75,0.05356837537739663,4,283.929487386781
2024-08-08,Home,LED Lamp,32,0.03286988786976819,5,154.74081794083708
2024-08-08,Fashion,Hoodie,38,0.04788464548593441,8,289.4430677722759
2024-08-08,Fashion,Sneakers,72,0.05323944705394926,7,477.1673186848096
2024-08-08,Fashion,Backpack,45,0.0895015685090372,6,245.83457650255994
2024-08-08,Beauty,Face Serum,28,0.02772903604124324,9,245.0122829176067
2024-08-08,Beauty,Hair Dryer,55,0.04274503513448872,3,157.94706920280936
2024-08-08,Beauty,Perfume,60,0.0475905977970119,3,171.43369239653785
2024-08-09,Electronics,Wireless Headphones,65,0.09766650309759772,10,586.5167729865615
2024-08-09,Electronics,Smart Watch,85,0.07559184930119527,5,392.873464046992
2024-08-09,Electronics,Bluetooth Speaker,48,0.01567025108694743,9,425.2304515304387
2024-08-09,Home,Air Fryer,110,0.0680313815776539,4,410.0661921058323
2024-08-09,Home,Coffee Maker,75,0.07931755886845297,5,345.25591542433017
2024-08-09,Home,LED Lamp,32,0.05793581344078175,3,90.43816190968496
2024-08-09,Fashion,Hoodie,38,0.023719574899917953,8,296.78924923042496
2024-08-09,Fashion,Sneakers,72,0.06535693716058741,10,672.943005244377
2024-08-09,Fashion,Backpack,45,0.0714618211378191,2,83.56843609759629
2024-08-09,Beauty,Face Serum,28,0.03565612113268579,8,216.01302886627838
2024-08-09,Beauty,Hair Dryer,55,0.013673523117016188,4,216.99182491425643
2024-08-09,Beauty,Perfume,60,0.06174938129850682,3,168.88511136626877
2024-08-10,Electronics,Wireless Headphones,65,0.037537274946579435,4,250.24030851388935
2024-08-10,Electronics,Smart Watch,85,0.03799252041313748,2,163.54127152976662
2024-08-10,Electronics,Bluetooth Speaker,48,0.057704614954027754,8,361.84142785765334
2024-08-10,Home,Air Fryer,110,0.04290735144840331,7,736.9613393847295
2024-08-10,Home,Coffee Maker,75,0.0689954233039318,3,209.47602975661533
2024-08-10,Home,LED Lamp,32,0.03435918709129589,6,185.4030360784712
2024-08-10,Fashion,Hoodie,38,0.048945453992007025,6,216.8404364898224
2024-08-10,Fashion,Sneakers,72,0.026051843002418792,4,280.4970692153034
2024-08-10,Fashion,Backpack,45,0.06861138419757856,6,251.47492626665377
2024-08-10,Beauty,Face Serum,28,0.0918854087259596,3,76.2816256670194
2024-08-10,Beauty,Hair Dryer,55,0.05858748615444594,2,103.55537652301095
2024-08-10,Beauty,Perfume,60,0.030018311961090168,5,290.99450641167294
2024-08-11,Electronics,Wireless Headphones,65,0.049594803674677036,5,308.88168880572994
2024-08-11,Electronics,Smart Watch,85,0.04409100257084818,10,812.522647814779
2024-08-11,Electronics,Bluetooth Speaker,48,0.08325238276232463,6,264.0233137644505
2024-08-11,Home,Air Fryer,110,0.04428226890968933,1,105.12895041993417
2024-08-11,Home,Coffee Maker,75,0.0064819794217580926,6,447.08310926020886
2024-08-11,Home,LED Lamp,32,0.05821452741733171,5,150.68567561322692
2024-08-11,Fashion,Hoodie,38,0.050762939669199224,9,324.6390746331339
2024-08-11,Fashion,Sneakers,72,0.043707669588241085,7,481.9713345275265
2024-08-11,Fashion,Backpack,45,0.017977610837258816,10,441.9100751232335
2024-08-11,Beauty,Face Serum,28,0.0238978898996981,8,218.64687266246762
2024-08-11,Beauty,Hair Dryer,55,0.024199114560772023,4,214.67619479663014
2024-08-11,Beauty,Perfume,60,0.04591019887338454,5,286.2269403379846
2024-08-12,Electronics,Wireless Headphones,65,0.011822974837739628,7,449.62054644882846
2024-08-12,Electronics,Smart Watch,85,0.0645094559840812,1,79.5166962413531
2024-08-12,Electronics,Bluetooth Speaker,48,0.06894441326027767,5,223.45334081753336
2024-08-12,Home,Air Fryer,110,0.04090924067249797,3,316.49995057807564
2024-08-12,Home,Coffee Maker,75,0.061709939616483515,2,140.74350905752746
2024-08-12,Home,LED Lamp,32,0.03429915234627762,8,247.21941699935292
2024-08-12,Fashion,Hoodie,38,0.03900789217646993,9,328.65930087564726
2024-08-12,Fashion,Sneakers,72,0.039011328388597055,6,415.14710613612607
2024-08-12,Fashion,Backpack,45,0.05703252995459249,8,339.4682892163467
2024-08-12,Beauty,Face Serum,28,0.05946660810435512,2,52.66986994615611
2024-08-12,Beauty,Hair Dryer,55,0.05676093270093687,2,103.75629740289695
2024-08-12,Beauty,Perfume,60,0.045961850059327486,6,343.4537339786421
2024-08-13,Electronics,Wireless Headphones,65,0.030795709489083598,6,377.9896732992574
2024-08-13,Electronics,Smart Watch,85,0.06587872454540283,4,317.60123365456303
2024-08-13,Electronics,Bluetooth Speaker,48,0.060604737310849886,7,315.6368082635544
2024-08-13,Home,Air Fryer,110,0.05151190017547002,2,208.6673819613966
2024-08-13,Home,Coffee Maker,75,0.05245460128685026,1,71.06590490348623
2024-08-13,Home,LED Lamp,32,0.04560243320686666,1,30.540722137380268
2024-08-13,Fashion,Hoodie,38,0.05858758880751191,9,321.9630446278309
2024-08-13,Fashion,Sneakers,72,0.051703631497318346,11,751.0507238541238
2024-08-13,Fashion,Backpack,45,0.09298840243416831,3,122.44656567138728
2024-08-13,Beauty,Face Serum,28,0.04939536647659624,8,212.93543790924244
2024-08-13,Beauty,Hair Dryer,55,0.022633442695212044,1,53.75516065176334
2024-08-13,Beauty,Perfume,60,0.032340773694313395,5,290.297767891706
2024-08-14,Electronics,Wireless Headphones,65,0.08912373882779327,2,118.41391395238688
2024-08-14,Electronics,Smart Watch,85,0.05604945545726675,3,240.70738885839697
2024-08-14,Electronics,Bluetooth Speaker,48,0.056156344829848694,7,317.1314681371708
2024-08-14,Home,Air Fryer,110,0.03272520823344946,1,106.40022709432056
2024-08-14,Home,Coffee Maker,75,0.03428762182338958,2,144.85685672649154
2024-08-14,Home,LED Lamp,32,0.03377894502259224,2,61.838147518554095
2024-08-14,Fashion,Hoodie,38,0.08601140519890374,4,138.92626640976664
2024-08-14,Fashion,Sneakers,72,0.008023534552440162,8,571.3784440977945
2024-08-14,Fashion,Backpack,45,0.04839701450705974,1,42.82213434718231
2024-08-14,Beauty,Face Serum,28,0.06632503161106737,2,52.28579822978023
2024-08-14,Beauty,Hair Dryer,55,0.043981177555779336,3,157.7431057032964
2024-08-14,Beauty,Perfume,60,0.07006839906045607,3,167.38768816911792
2024-08-15,Electronics,Wireless Headphones,65,0.0423251142050778,9,560.2398081900295
2024-08-15,Electronics,Smart Watch,85,0.08940914216089504,1,77.40022291632393
2024-08-15,Electronics,Bluetooth Speaker,48,0.07352970081354127,6,266.8234461657001
2024-08-15,Home,Air Fryer,110,0.050257664782348624,5,522.3582843697083
2024-08-15,Home,Coffee Maker,75,0.057855110566590054,6,423.96520024503445
2024-08-15,Home,LED Lamp,32,0.07425559520857983,6,177.74292571995267
2024-08-15,Fashion,Hoodie,38,0.047592425844898194,2,72.38297563578773
2024-08-15,Fashion,Sneakers,72,0.0505114453096729,6,410.1790556262213
2024-08-15,Fashion,Backpack,45,0.01395964052652339,14,621.2054264682903
2024-08-15,Beauty,Face Serum,28,0.0416933694217258,3,80.49775696857503
2024-08-15,Beauty,Hair Dryer,55,0.02282568320285624,4,214.97834969537163
2024-08-15,Beauty,Perfume,60,0.026678934561284118,4,233.5970557052918
2024-08-16,Electronics,Wireless Headphones,65,0.041970594253591356,8,498.1752909881325
2024-08-16,Electronics,Smart Watch,85,0.0769789409467512,1,78.45679001952615
2024-08-16,Electronics,Bluetooth Speaker,48,0.06402361432184246,9,404.34179861296406
2024-08-16,Home,Air Fryer,110,0.05678393144653488,3,311.2613026226435
2024-08-16,Home,Coffee Maker,75,0.026981621982731074,3,218.92913505388552
2024-08-16,Home,LED Lamp,32,0.027678815802743527,2,62.22855578862441
2024-08-16,Fashion,Hoodie,38,0.024036744524660893,5,185.43301854031444
2024-08-16,Fashion,Sneakers,72,0.06827963049223357,4,268.33546641823676
2024-08-16,Fashion,Backpack,45,0.03322459758365581,4,174.01957243494195
2024-08-16,Beauty,Face Serum,28,0.010171374692131092,3,83.14560452586099
2024-08-16,Beauty,Hair Dryer,55,0.07489467902225813,2,101.76158530755161
2024-08-16,Beauty,Perfume,60,0.08128101586471922,2,110.2462780962337
2024-08-17,Electronics,Wireless Headphones,65,0.06789775259051667,6,363.5198764896985
2024-08-17,Electronics,Smart Watch,85,0.07426681085229778,7,550.8112475428828
2024-08-17,Electronics,Bluetooth Speaker,48,0.03193761500188353,3,139.40098343972878
2024-08-17,Home,Air Fryer,110,0.088446770593935,3,300.81256570400143
2024-08-17,Home,Coffee Maker,75,0.030938386972733982,4,290.7184839081798
2024-08-17,Home,LED Lamp,32,0.038229322374005184,3,92.3299850520955
2024-08-17,Fashion,Hoodie,38,0.04837195259044509,14,506.26612122188317
2024-08-17,Fashion,Sneakers,72,0.03269334334747773,6,417.8764756738896
2024-08-17,Fashion,Backpack,45,0.0580925524984252,7,296.7008459629961
2024-08-17,Beauty,Face Serum,28,0.0,5,140.0
2024-08-17,Beauty,Hair Dryer,55,0.09441216012884833,2,99.61466238582668
2024-08-17,Beauty,Perfume,60,0.027469681641525297,2,116.70363820301696
2024-08-18,Electronics,Wireless Headphones,65,0.10083001824958719,6,350.676292882661
2024-08-18,Electronics,Smart Watch,85,0.06294342190735489,3,238.9494274136245
2024-08-18,Electronics,Bluetooth Speaker,48,0.028843965652049552,11,512.7703861357178
2024-08-18,Home,Air Fryer,110,0.054870960609172306,7,727.7493603309373
2024-08-18,Home,Coffee Maker,75,0.027822607580481443,6,437.47982658878334
2024-08-18,Home,LED Lamp,32,0.028082482352972137,10,311.0136056470489
2024-08-18,Fashion,Hoodie,38,0.06810762797365058,9,318.7071912330115
2024-08-18,Fashion,Sneakers,72,0.024175127579929442,4,281.0375632569803
2024-08-18,Fashion,Backpack,45,0.04118897422804245,2,86.29299231947618
2024-08-18,Beauty,Face Serum,28,0.10225158714018666,5,125.68477780037387
2024-08-18,Beauty,Hair Dryer,55,0.027041401303537237,4,214.0508917132218
2024-08-18,Beauty,Perfume,60,0.06285389498154348,5,281.143831505537
2024-08-19,Electronics,Wireless Headphones,65,0.03890800381480847,9,562.2388177683371
2024-08-19,Electronics,Smart Watch,85,0.0790003073062219,4,313.1398955158846
2024-08-19,Electronics,Bluetooth Speaker,48,0.056396865046573735,8,362.3436038221157
2024-08-19,Home,Air Fryer,110,0.0,7,770.0
2024-08-19,Home,Coffee Maker,75,0.028990336842594815,1,72.8257247368054
2024-08-19,Home,LED Lamp,32,0.05521674853029835,9,272.09757642327406
2024-08-19,Fashion,Hoodie,38,0.0534984936941104,7,251.76940067736663
2024-08-19,Fashion,Sneakers,72,0.00408030634380805,4,286.8248717729833
2024-08-19,Fashion,Backpack,45,0.06962061672311382,5,209.3353612372994
2024-08-19,Beauty,Face Serum,28,0.10871471022332976,5,124.77994056873383
2024-08-19,Beauty,Hair Dryer,55,0.04456706113901544,5,262.74405818677076
2024-08-19,Beauty,Perfume,60,0.055442393054671205,5,283.36728208359864
2024-08-20,Electronics,Wireless Headphones,65,0.03698997133232415,6,375.57391118039357
2024-08-20,Electronics,Smart Watch,85,0.08726334257229226,4,310.3304635254206
2024-08-20,Electronics,Bluetooth Speaker,48,0.00497269463075363,10,477.6131065772382
2024-08-20,Home,Air Fryer,110,0.07366056396829523,5,509.4866898174376
2024-08-20,Home,Coffee Maker,75,0.030678584400530826,7,508.8937431897213
2024-08-20,Home,LED Lamp,32,0.02827504072182115,6,186.57119218141034
2024-08-20,Fashion,Hoodie,38,0.07497734628873902,7,246.05602588719543
2024-08-20,Fashion,Sneakers,72,0.05756791643291216,5,339.27555008415163
2024-08-20,Fashion,Backpack,45,0.0744998956420633,6,249.88502817664292
2024-08-20,Beauty,Face Serum,28,0.0065907413944303606,5,139.07729620477974
2024-08-20,Beauty,Hair Dryer,55,0.03319532215399261,7,372.21980097071287
2024-08-20,Beauty,Perfume,60,0.05495682303274358,6,340.2155437082123
2024-08-21,Electronics,Wireless Headphones,65,0.09466647412179144,9,529.6201126387521
2024-08-21,Electronics,Smart Watch,85,0.07574936946132386,8,628.4904287662998
2024-08-21,Electronics,Bluetooth Speaker,48,0.0,2,96.0
2024-08-21,Home,Air Fryer,110,0.03601094595397513,4,424.1551837802509
2024-08-21,Home,Coffee Maker,75,0.0842682760345071,4,274.7195171896479
2024-08-21,Home,LED Lamp,32,0.01233985670423389,5,158.0256229273226
2024-08-21,Fashion,Hoodie,38,0.06894144108974527,6,212.28135143153807
2024-08-21,Fashion,Sneakers,72,0.033460270806733264,3,208.77258150574562
2024-08-21,Fashion,Backpack,45,0.009601747837561639,7,311.9754494311681
2024-08-21,Beauty,Face Serum,28,0.011530781759284639,3,83.03141433222008
2024-08-21,Beauty,Hair Dryer,55,0.0,6,330.0
2024-08-21,Beauty,Perfume,60,0.06764241621311361,11,615.356005299345
2024-08-22,Electronics,Wireless Headphones,65,0.07276009714235362,5,301.35296842873504
2024-08-22,Electronics,Smart Watch,85,0.01051171146234952,3,252.31951357710088
2024-08-22,Electronics,Bluetooth Speaker,48,0.028060193997084485,8,373.2248855051196
2024-08-22,Home,Air Fryer,110,0.0566923724587717,3,311.29151708860536
2024-08-22,Home,Coffee Maker,75,0.08186640801412537,1,68.8600193989406
2024-08-22,Home,LED Lamp,32,0.05264567525097802,4,121.2613535678748
2024-08-22,Fashion,Hoodie,38,0.057172056637368074,8,286.6196947822401
2024-08-22,Fashion,Sneakers,72,0.05064057000195679,4,273.41551583943647
2024-08-22,Fashion,Backpack,45,0.04271001791090484,2,86.15609838801856
2024-08-22,Beauty,Face Serum,28,0.04447022545135549,9,240.79350318625842
2024-08-22,Beauty,Hair Dryer,55,0.03187938173064013,6,319.4798040288888
2024-08-22,Beauty,Perfume,60,0.06835969409257124,3,167.69525506333719
2024-08-23,Electronics,Wireless Headphones,65,0.0714072102420823,5,301.79265667132324
2024-08-23,Electronics,Smart Watch,85,0.02046856213038454,5,416.3008610945866
2024-08-23,Electronics,Bluetooth Speaker,48,0.04991942945156581,5,228.0193369316242
2024-08-23,Home,Air Fryer,110,0.09562805907800298,2,198.96182700283936
2024-08-23,Home,Coffee Maker,75,0.05798412499921993,6,423.90714375035105
2024-08-23,Home,LED Lamp,32,0.038300630165601125,4,123.09751933880305
2024-08-23,Fashion,Hoodie,38,0.06469233343909482,6,213.25014797588636
2024-08-23,Fashion,Sneakers,72,0.07476371307258385,5,333.0850632938698
2024-08-23,Fashion,Backpack,45,0.03958536813942706,5,216.09329216862892
2024-08-23,Beauty,Face Serum,28,0.045569825907387965,3,80.17213462377941
2024-08-23,Beauty,Hair Dryer,55,0.07397474626840028,3,152.79416686571395
2024-08-23,Beauty,Perfume,60,0.04702983837056651,4,228.71283879106403
2024-08-24,Electronics,Wireless Headphones,65,0.028729444506857518,8,505.06068885643407
2024-08-24,Electronics,Smart Watch,85,0.046932548359018764,11,891.1180672843175
2024-08-24,Electronics,Bluetooth Speaker,48,0.03356333051002396,5,231.94480067759426
2024-08-24,Home,Air Fryer,110,0.0,3,330.0
2024-08-24,Home,Coffee Maker,75,0.032912385331147,4,290.1262844006559
2024-08-24,Home,LED Lamp,32,0.060255931437390435,3,90.21543058201053
2024-08-24,Fashion,Hoodie,38,0.057162710160203266,7,250.79471909738595
2024-08-24,Fashion,Sneakers,72,0.019543255352723183,2,141.18577122920786
2024-08-24,Fashion,Backpack,45,0.021195965297423708,5,220.23090780807965
2024-08-24,Beauty,Face Serum,28,0.05686741914768288,2,52.81542452772976
2024-08-24,Beauty,Hair Dryer,55,0.020924479384873823,5,269.2457681691597
2024-08-24,Beauty,Perfume,60,0.05116091326987368,4,227.7213808152303
2024-08-25,Electronics,Wireless Headphones,65,0.06081476829942796,3,183.14112018161154
2024-08-25,Electronics,Smart Watch,85,0.04324631740904217,5,406.6203151011571
2024-08-25,Electronics,Bluetooth Speaker,48,0.06147902425184198,11,495.53907519502746
2024-08-25,Home,Air Fryer,110,0.028032786502384957,4,427.6655739389506
2024-08-25,Home,Coffee Maker,75,0.06129166641945359,3,211.20937505562293
2024-08-25,Home,LED Lamp,32,0.0015152607670890147,9,287.56360489907837
2024-08-25,Fashion,Hoodie,38,0.08045626354685606,3,104.8279859556584
2024-08-25,Fashion,Sneakers,72,0.039211560442248966,6,415.06060588894843
2024-08-25,Fashion,Backpack,45,0.04084443428419444,7,302.13400320047873
2024-08-25,Beauty,Face Serum,28,0.09406348052505449,8,202.9297803623878
2024-08-25,Beauty,Hair Dryer,55,0.03832697673183502,4,211.5680651189963
2024-08-25,Beauty,Perfume,60,0.06368132285016936,2,112.35824125797967
2024-08-26,Electronics,Wireless Headphones,65,0.054749947155195836,2,122.88250686982454
2024-08-26,Electronics,Smart Watch,85,0.030771692471584202,3,247.15321841974603
2024-08-26,Electronics,Bluetooth Speaker,48,0.07922115368576513,3,132.5921538692498
2024-08-26,Home,Air Fryer,110,0.04929094688291206,3,313.73398752863903
2024-08-26,Home,Coffee Maker,75,0.032210986308962714,5,362.920880134139
2024-08-26,Home,LED Lamp,32,0.020743625601214778,5,156.68101990380563
2024-08-26,Fashion,Hoodie,38,0.010513446803579886,7,263.2034231502478
2024-08-26,Fashion,Sneakers,72,0.03620682499182973,5,346.96554300294133
2024-08-26,Fashion,Backpack,45,0.04823890584323286,5,214.14624618527262
2024-08-26,Beauty,Face Serum,28,0.03050636240436669,8,217.16657482142188
2024-08-26,Beauty,Hair Dryer,55,0.0,6,330.0
2024-08-26,Beauty,Perfume,60,0.014860290512870182,9,531.9754431230501
2024-08-27,Electronics,Wireless Headphones,65,0.058804996115094876,5,305.88837626259414
2024-08-27,Electronics,Smart Watch,85,0.06586736301119532,4,317.6050965761936
2024-08-27,Electronics,Bluetooth Speaker,48,0.05683187171084769,2,90.54414031575863
2024-08-27,Home,Air Fryer,110,0.034579025281096895,3,318.588921657238
2024-08-27,Home,Coffee Maker,75,0.05880478966379906,3,211.7689223256452
2024-08-27,Home,LED Lamp,32,0.029163766862318117,2,62.13351892081164
2024-08-27,Fashion,Hoodie,38,0.037322268029712224,6,219.4905228892256
2024-08-27,Fashion,Sneakers,72,0.048167414481331675,4,274.1277846293765
2024-08-27,Fashion,Backpack,45,0.03391953217204877,7,304.31534736580466
2024-08-27,Beauty,Face Serum,28,0.0,4,112.0
2024-08-27,Beauty,Hair Dryer,55,0.034787418009250996,6,318.52015205694715
2024-08-27,Beauty,Perfume,60,0.05280042644411251,2,113.6639488267065
2024-08-28,Electronics,Wireless Headphones,65,0.05556497733212769,7,429.71793531388187
2024-08-28,Electronics,Smart Watch,85,0.03707677633514262,7,572.9393180805902
2024-08-28,Electronics,Bluetooth Speaker,48,0.06191909024077472,7,315.1951856790997
2024-08-28,Home,Air Fryer,110,0.08146449275821924,6,606.2334347795753
2024-08-28,Home,Coffee Maker,75,0.05670020875226171,0,0.0
2024-08-28,Home,LED Lamp,32,0.05395733821891478,7,211.91355623896308
2024-08-28,Fashion,Hoodie,38,0.08677856843334325,5,173.51207199766478
2024-08-28,Fashion,Sneakers,72,0.03375567513311134,1,69.56959139041598
2024-08-28,Fashion,Backpack,45,0.06718390600489674,4,167.9068969191186
2024-08-28,Beauty,Face Serum,28,0.03326743276578891,7,189.47958317790537
2024-08-28,Beauty,Hair Dryer,55,0.05731488272223605,2,103.69536290055403
2024-08-28,Beauty,Perfume,60,0.020653255666044812,3,176.28241398011193
2024-08-29,Electronics,Wireless Headphones,65,0.0494563650773257,6,370.712017619843
2024-08-29,Electronics,Smart Watch,85,0.05882671770317559,6,479.99837397138043
2024-08-29,Electronics,Bluetooth Speaker,48,0.03478807689128128,5,231.6508615460925
2024-08-29,Home,Air Fryer,110,0.0,2,220.0
2024-08-29,Home,Coffee Maker,75,0.014455605165897424,4,295.6633184502308
2024-08-29,Home,LED Lamp,32,0.006258554614272119,5,158.99863126171647
2024-08-29,Fashion,Hoodie,38,0.07966489724613074,4,139.89093561858814
2024-08-29,Fashion,Sneakers,72,0.05685753638986691,5,339.5312868996479
2024-08-29,Fashion,Backpack,45,0.0944165874316797,5,203.75626782787208
2024-08-29,Beauty,Face Serum,28,0.0030247266902378583,5,139.5765382633667
2024-08-29,Beauty,Hair Dryer,55,0.08663247100630628,4,200.94085637861264
2024-08-29,Beauty,Perfume,60,0.0,7,420.0
2024-08-30,Electronics,Wireless Headphones,65,0.0,7,455.0
2024-08-30,Electronics,Smart Watch,85,0.060615275411242474,7,558.9339111303108
2024-08-30,Electronics,Bluetooth Speaker,48,0.07570692109038696,4,177.46427115064571
2024-08-30,Home,Air Fryer,110,0.0635138418521415,1,103.01347739626443
2024-08-30,Home,Coffee Maker,75,0.08135474383108843,0,0.0
2024-08-30,Home,LED Lamp,32,0.027472714245912383,5,155.60436572065402
2024-08-30,Fashion,Hoodie,38,0.06568374427514875,4,142.01607087017737
2024-08-30,Fashion,Sneakers,72,0.023765490802512626,9,632.5999619599718
2024-08-30,Fashion,Backpack,45,0.0013507984929250622,5,224.69607033909185
2024-08-30,Beauty,Face Serum,28,0.009197407979309943,5,138.71236288289663
2024-08-30,Beauty,Hair Dryer,55,0.002801842783612757,3,164.5376959407039
2024-08-30,Beauty,Perfume,60,0.037643332420892406,5,288.70700027373226
2024-08-31,Electronics,Wireless Headphones,65,0.03943901638254635,10,624.3646393513449
2024-08-31,Electronics,Smart Watch,85,0.07386245657828984,1,78.72169119084536
2024-08-31,Electronics,Bluetooth Speaker,48,0.020423750460582892,8,376.15727982313615
2024-08-31,Home,Air Fryer,110,0.0708010874715945,4,408.8475215124984
2024-08-31,Home,Coffee Maker,75,0.047388870606643915,6,428.67500822701027
2024-08-31,Home,LED Lamp,32,0.07774980080411778,6,177.0720382456094
2024-08-31,Fashion,Hoodie,38,0.01761764678693549,1,37.330529422096454
2024-08-31,Fashion,Sneakers,72,0.0,4,288.0
2024-08-31,Fashion,Backpack,45,0.04438813710982237,6,258.01520298034796
2024-08-31,Beauty,Face Serum,28,0.02350606178783128,9,246.07647242946652
2024-08-31,Beauty,Hair Dryer,55,0.048728018527480016,7,366.23971286692023
2024-08-31,Beauty,Perfume,60,0.03084638725573137,6,348.8953005879367
2024-09-01,Electronics,Wireless Headphones,65,0.046108628874744054,4,248.01175649256655
2024-09-01,Electronics,Smart Watch,85,0.027949127587277047,1,82.62432415508145
2024-09-01,Electronics,Bluetooth Speaker,48,0.021876159028229803,7,328.6496105665148
2024-09-01,Home,Air Fryer,110,0.07371490760557448,6,611.3481609803208
2024-09-01,Home,Coffee Maker,75,0.06606536132428828,2,140.09019580135674
2024-09-01,Home,LED Lamp,32,0.028613526744941026,3,93.25310143248566
2024-09-01,Fashion,Hoodie,38,0.016936163781452983,7,261.4949804341335
2024-09-01,Fashion,Sneakers,72,0.03831704974583112,6,415.4470345098009
2024-09-01,Fashion,Backpack,45,0.08664390007691233,3,123.30307348961684
2024-09-01,Beauty,Face Serum,28,0.0763290462696522,5,129.3139335222487
2024-09-01,Beauty,Hair Dryer,55,0.07958496477782379,2,101.24565387443938
2024-09-01,Beauty,Perfume,60,0.06484720068082907,4,224.43667183660102
2024-09-02,Electronics,Wireless Headphones,65,0.032129235291924726,2,125.82319941204979
2024-09-02,Electronics,Smart Watch,85,0.07224792882766294,4,315.4357041985946
2024-09-02,Electronics,Bluetooth Speaker,48,0.07631005832882838,6,266.0227032012974
2024-09-02,Home,Air Fryer,110,0.04772176449175127,2,209.50121181181473
2024-09-02,Home,Coffee Maker,75,0.0625298667103444,3,210.9307799901725
2024-09-02,Home,LED Lamp,32,0.04684684243185932,9,274.5081093796245
2024-09-02,Fashion,Hoodie,38,0.058069980529261794,4,143.1733629595522
2024-09-02,Fashion,Sneakers,72,0.016168151554970103,4,283.3435723521686
2024-09-02,Fashion,Backpack,45,0.0,7,315.0
2024-09-02,Beauty,Face Serum,28,0.05377440008616719,5,132.47158398793658
2024-09-02,Beauty,Hair Dryer,55,0.07394515855964386,5,254.66508139609792
2024-09-02,Beauty,Perfume,60,0.07136339836497523,8,445.7455687848119
2024-09-03,Electronics,Wireless Headphones,65,0.025870467145520725,5,316.59209817770574
2024-09-03,Electronics,Smart Watch,85,0.030510348819409082,1,82.40662035035022
2024-09-03,Electronics,Bluetooth Speaker,48,0.0,11,528.0
2024-09-03,Home,Air Fryer,110,0.06560555696104742,3,308.3501662028543
2024-09-03,Home,Coffee Maker,75,0.012413413042116933,4,296.27597608736494
2024-09-03,Home,LED Lamp,32,0.032389383069647934,3,92.8906192253138
2024-09-03,Fashion,Hoodie,38,0.09078873458924104,9,310.95025277047955
2024-09-03,Fashion,Sneakers,72,0.10387601906120225,6,387.12555976556064
2024-09-03,Fashion,Backpack,45,0.02849669964147796,8,349.74118812906795
2024-09-03,Beauty,Face Serum,28,0.09867410175355623,6,151.42275090540255
2024-09-03,Beauty,Hair Dryer,55,0.04391353091139358,2,105.1695115997467
2024-09-03,Beauty,Perfume,60,0.05220874028429354,4,227.46990233176953
2024-09-04,Electronics,Wireless Headphones,65,0.06498834649596205,5,303.8787873888123
2024-09-04,Electronics,Smart Watch,85,0.02976929224274773,3,247.40883047809933
2024-09-04,Electronics,Bluetooth Speaker,48,0.029022008836928622,9,419.46249218244685
2024-09-04,Home,Air Fryer,110,0.10914724315064579,2,195.98760650685793
2024-09-04,Home,Coffee Maker,75,0.09054914600714264,0,0.0
2024-09-04,Home,LED Lamp,32,0.0,1,32.0
2024-09-04,Fashion,Hoodie,38,0.03828344686963281,9,328.90706117058556
2024-09-04,Fashion,Sneakers,72,0.06079752760270298,2,135.24515602521078
2024-09-04,Fashion,Backpack,45,0.021751741861689218,7,308.1482013135679
2024-09-04,Beauty,Face Serum,28,0.024362390531084323,2,54.63570613025928
2024-09-04,Beauty,Hair Dryer,55,0.03476534193105424,7,371.6153433565441
2024-09-04,Beauty,Perfume,60,0.08009897715508593,5,275.9703068534742
2024-09-05,Electronics,Wireless Headphones,65,0.07028691426340568,6,362.5881034372718
2024-09-05,Electronics,Smart Watch,85,0.061700215242607534,6,478.5328902262702
2024-09-05,Electronics,Bluetooth Speaker,48,0.01733023960582806,5,235.84074249460127
2024-09-05,Home,Air Fryer,110,0.05757743832818404,3,310.99944535169925
2024-09-05,Home,Coffee Maker,75,0.016768415732232915,3,221.2271064602476
2024-09-05,Home,LED Lamp,32,0.08664060487544853,5,146.13750321992822
2024-09-05,Fashion,Hoodie,38,0.02962293225314535,5,184.37164287190237
2024-09-05,Fashion,Sneakers,72,0.09310457074329442,4,261.1858836259312
2024-09-05,Fashion,Backpack,45,0.03917926682169941,7,302.6585309511647
2024-09-05,Beauty,Face Serum,28,0.03464613140445798,3,81.08972496202553
2024-09-05,Beauty,Hair Dryer,55,0.0779171535050444,2,101.42911311444512
2024-09-05,Beauty,Perfume,60,0.054159258004390115,1,56.75044451973659
2024-09-06,Electronics,Wireless Headphones,65,0.0416697450092356,10,622.9146657439969
2024-09-06,Electronics,Smart Watch,85,0.05146464521470678,1,80.62550515674992
2024-09-06,Electronics,Bluetooth Speaker,48,0.0810321027623478,4,176.44183626962922
2024-09-06,Home,Air Fryer,110,0.031625370646286205,3,319.56362768672557
2024-09-06,Home,Coffee Maker,75,0.023399054952182037,5,366.2253543929317
2024-09-06,Home,LED Lamp,32,0.062166261648941415,6,180.06407776340325
2024-09-06,Fashion,Hoodie,38,0.07640942284901164,5,175.4822096586878
2024-09-06,Fashion,Sneakers,72,0.08858876204327681,3,196.8648273986522
2024-09-06,Fashion,Backpack,45,0.08297498521375501,4,165.0645026615241
2024-09-06,Beauty,Face Serum,28,0.06881354279995039,2,52.14644160320278
2024-09-06,Beauty,Hair Dryer,55,0.034153914687847384,1,53.121534692168396
2024-09-06,Beauty,Perfume,60,0.04323345559130242,4,229.62397065808742
2024-09-07,Electronics,Wireless Headphones,65,0.023198946038339982,7,444.4444795525553
2024-09-07,Electronics,Smart Watch,85,0.027014717569228408,9,744.3337410595403
2024-09-07,Electronics,Bluetooth Speaker,48,0.004367244404982554,6,286.742233611365
2024-09-07,Home,Air Fryer,110,0.04516478189132092,4,420.1274959678188
2024-09-07,Home,Coffee Maker,75,0.060004750510976326,2,140.99928742335356
2024-09-07,Home,LED Lamp,32,0.06088822952886352,3,90.15472996522911
2024-09-07,Fashion,Hoodie,38,0.037830780251283044,7,255.9370124531587
2024-09-07,Fashion,Sneakers,72,0.07195873687185231,3,200.4569128356799
2024-09-07,Fashion,Backpack,45,0.08507629155305949,10,411.71566880112323
2024-09-07,Beauty,Face Serum,28,0.050834972213398597,3,79.72986233407451
2024-09-07,Beauty,Hair Dryer,55,0.06114260952719641,5,258.185782380021
2024-09-07,Beauty,Perfume,60,0.04548966971950843,5,286.35309908414746
2024-09-08,Electronics,Wireless Headphones,65,0.024905512420432104,9,570.4302752340471
2024-09-08,Electronics,Smart Watch,85,0.03786463438664195,7,572.470542539948
2024-09-08,Electronics,Bluetooth Speaker,48,0.07553861190087915,6,266.2448797725468
2024-09-08,Home,Air Fryer,110,0.08399423860331462,6,604.5638025218124
2024-09-08,Home,Coffee Maker,75,0.007319808296386357,2,148.90202875554206
2024-09-08,Home,LED Lamp,32,0.09002166409351657,10,291.1930674900747
2024-09-08,Fashion,Hoodie,38,0.016370285245299307,3,112.13378748203588
2024-09-08,Fashion,Sneakers,72,0.06979813062433346,12,803.6944151405759
2024-09-08,Fashion,Backpack,45,0.10610139742758984,5,201.12718557879228
2024-09-08,Beauty,Face Serum,28,0.03690818033426796,6,161.79942570384299
2024-09-08,Beauty,Hair Dryer,55,0.05556569821085317,4,207.7755463936123
2024-09-08,Beauty,Perfume,60,0.052430177485766186,7,397.9793254559782
2024-09-09,Electronics,Wireless Headphones,65,0.07194500782365174,5,301.6178724573132
2024-09-09,Electronics,Smart Watch,85,0.06888687713747181,2,158.2892308866298
2024-09-09,Electronics,Bluetooth Speaker,48,0.0855695282646102,7,307.248638503091
2024-09-09,Home,Air Fryer,110,0.06469592452022635,3,308.65034490832534
2024-09-09,Home,Coffee Maker,75,0.0726185694632145,7,486.87525103181235
2024-09-09,Home,LED Lamp,32,0.08238413600791902,6,176.18224588647954
2024-09-09,Fashion,Hoodie,38,0.0553306709727557,11,394.8717795333881
2024-09-09,Fashion,Sneakers,72,0.024082663946735118,7,491.8623373708455
2024-09-09,Fashion,Backpack,45,0.007616016453537197,3,133.97183777877248
2024-09-09,Beauty,Face Serum,28,0.040166938849524644,8,215.00260569770649
2024-09-09,Beauty,Hair Dryer,55,0.019306991712158206,6,323.6286927349878
2024-09-09,Beauty,Perfume,60,0.014720002712146282,3,177.35039951181366
2024-09-10,Electronics,Wireless Headphones,65,0.0,5,325.0
2024-09-10,Electronics,Smart Watch,85,0.048624123998667466,4,323.46779784045304
2024-09-10,Electronics,Bluetooth Speaker,48,0.04244114667094381,8,367.7025996783576
2024-09-10,Home,Air Fryer,110,0.04549817742083999,1,104.9952004837076
2024-09-10,Home,Coffee Maker,75,0.026075358864737778,4,292.17739234057865
2024-09-10,Home,LED Lamp,32,0.03310412845576583,3,92.82200366824648
2024-09-10,Fashion,Hoodie,38,0.03014726777286289,5,184.27201912315604
2024-09-10,Fashion,Sneakers,72,0.0437329912000439,7,481.95857243517787
2024-09-10,Fashion,Backpack,45,0.03056640070269354,2,87.24902393675758
2024-09-10,Beauty,Face Serum,28,0.07053660620576592,3,78.07492507871567
2024-09-10,Beauty,Hair Dryer,55,0.09208901706241548,3,149.80531218470145
2024-09-10,Beauty,Perfume,60,0.036321745793710836,3,173.46208575713206
2024-09-11,Electronics,Wireless Headphones,65,0.10664582558627866,2,116.13604267378378
2024-09-11,Electronics,Smart Watch,85,0.0660644425156952,3,238.1535671584977
2024-09-11,Electronics,Bluetooth Speaker,48,0.022111062613090482,5,234.69334497285828
2024-09-11,Home,Air Fryer,110,0.03493714080939412,5,530.7845725548332
2024-09-11,Home,Coffee Maker,75,0.036579532244385767,4,289.02614032668424
2024-09-11,Home,LED Lamp,32,0.018719156867490476,3,94.20296094072091
2024-09-11,Fashion,Hoodie,38,0.05986001097285616,4,142.90127833212586
2024-09-11,Fashion,Sneakers,72,0.045483444014030705,7,481.07634421692853
2024-09-11,Fashion,Backpack,45,0.03576934996820993,11,477.2941717657361
2024-09-11,Beauty,Face Serum,28,0.0798666191527927,6,154.58240798233084
2024-09-11,Beauty,Hair Dryer,55,0.07310862496106812,2,101.9580512542825
2024-09-11,Beauty,Perfume,60,0.06133282075095777,9,506.88027679448277
2024-09-12,Electronics,Wireless Headphones,65,0.039596903741769864,6,374.5572075407098
2024-09-12,Electronics,Smart Watch,85,0.07466367215062969,1,78.65358786719648
2024-09-12,Electronics,Bluetooth Speaker,48,0.0072792161550966,4,190.60239049822144
2024-09-12,Home,Air Fryer,110,0.029756355210493718,1,106.7268009268457
2024-09-12,Home,Coffee Maker,75,0.06623411921832235,3,210.09732317587748
2024-09-12,Home,LED Lamp,32,0.059041036103571934,5,150.5534342234285
2024-09-12,Fashion,Hoodie,38,0.05800812656903045,8,286.36552952301474
2024-09-12,Fashion,Sneakers,72,0.020071081942725045,5,352.774410500619
2024-09-12,Fashion,Backpack,45,0.036720224149786734,6,260.0855394795576
2024-09-12,Beauty,Face Serum,28,0.06343293127154684,5,131.11938962198346
2024-09-12,Beauty,Hair Dryer,55,0.028169914543906764,4,213.80261880034053
2024-09-12,Beauty,Perfume,60,0.05567458527016615,1,56.659524883790034
2024-09-13,Electronics,Wireless Headphones,65,0.01672897341634108,7,447.38831709556484
2024-09-13,Electronics,Smart Watch,85,0.09782209285839667,4,306.7404884281451
2024-09-13,Electronics,Bluetooth Speaker,48,0.02455476863992407,7,327.7495977369855
2024-09-13,Home,Air Fryer,110,0.02670904453270823,3,321.18601530420625
2024-09-13,Home,Coffee Maker,75,0.058831996102871584,1,70.58760029228463
2024-09-13,Home,LED Lamp,32,0.056970461630849,2,60.35389045562567
2024-09-13,Fashion,Hoodie,38,0.03436828719791425,4,146.77602034591703
2024-09-13,Fashion,Sneakers,72,0.07044426463559382,4,267.712051784949
2024-09-13,Fashion,Backpack,45,0.03815816017767634,7,302.98017954403196
2024-09-13,Beauty,Face Serum,28,0.046169554858786696,4,106.82900985581588
2024-09-13,Beauty,Hair Dryer,55,0.05021788341486317,5,261.19008206091263
2024-09-13,Beauty,Perfume,60,0.07798240375704577,4,221.284223098309
2024-09-14,Electronics,Wireless Headphones,65,0.043571590056355074,8,497.3427731706954
2024-09-14,Electronics,Smart Watch,85,0.05064823329038667,5,403.4745008515857
2024-09-14,Electronics,Bluetooth Speaker,48,0.06771066796446619,6,268.4993276262337
2024-09-14,Home,Air Fryer,110,0.03056515291724296,7,746.464832253723
2024-09-14,Home,Coffee Maker,75,0.0573329340554034,5,353.5001497292237
2024-09-14,Home,LED Lamp,32,0.024262488112557518,4,124.89440152159264
2024-09-14,Fashion,Hoodie,38,0.05172304503029864,5,180.17262144424325
2024-09-14,Fashion,Sneakers,72,0.027717346095053656,8,560.0348086492492
2024-09-14,Fashion,Backpack,45,0.07369507247100043,9,375.15349564924486
2024-09-14,Beauty,Face Serum,28,0.05802498528837846,5,131.876502059627
2024-09-14,Beauty,Hair Dryer,55,0.04607335849030089,3,157.39789584910034
2024-09-14,Beauty,Perfume,60,0.08789771523373387,0,0.0
2024-09-15,Electronics,Wireless Headphones,65,0.0716970593312606,7,422.37783800427644
2024-09-15,Electronics,Smart Watch,85,0.07467894163229236,8,629.2183196900412
2024-09-15,Electronics,Bluetooth Speaker,48,0.04676835749081827,4,183.0204753617629
2024-09-15,Home,Air Fryer,110,0.012485681250554298,7,760.3860254370732
2024-09-15,Home,Coffee Maker,75,0.07896077786263797,1,69.07794166030214
2024-09-15,Home,LED Lamp,32,0.02637070095104797,4,124.62455027826586
2024-09-15,Fashion,Hoodie,38,0.05523634042583406,5,179.50509531909154
2024-09-15,Fashion,Sneakers,72,0.051345203802216674,2,136.6062906524808
2024-09-15,Fashion,Backpack,45,0.049360398305862536,9,385.0090386861257
2024-09-15,Beauty,Face Serum,28,0.11789494829284868,7,172.89259013460168
2024-09-15,Beauty,Hair Dryer,55,0.03473338973667672,7,371.62764495137947
2024-09-15,Beauty,Perfume,60,0.07324803083907659,10,556.051181496554
2024-09-16,Electronics,Wireless Headphones,65,0.06663191841915067,8,485.3514024220417
2024-09-16,Electronics,Smart Watch,85,2.9916579632333073e-06,5,424.9987285453656
2024-09-16,Electronics,Bluetooth Speaker,48,0.08919055593046125,2,87.43770663067572
2024-09-16,Home,Air Fryer,110,0.1069626071289247,3,294.70233964745483
2024-09-16,Home,Coffee Maker,75,0.05246558295441213,5,355.32540639209543
2024-09-16,Home,LED Lamp,32,0.04972813998136828,6,182.4521971235773
2024-09-16,Fashion,Hoodie,38,0.06642748843406533,4,141.90302175802208
2024-09-16,Fashion,Sneakers,72,0.07484660525323282,4,266.44417768706893
2024-09-16,Fashion,Backpack,45,0.0027788367367121425,8,358.99961877478364
2024-09-16,Beauty,Face Serum,28,0.03379928260557054,10,270.53620087044027
2024-09-16,Beauty,Hair Dryer,55,0.04548861082150438,2,104.99625280963453
2024-09-16,Beauty,Perfume,60,0.04152219546095037,3,172.52600481702893
2024-09-17,Electronics,Wireless Headphones,65,0.06908239307913736,8,484.0771555988486
2024-09-17,Electronics,Smart Watch,85,0.06852271532331836,6,475.05341518510767
2024-09-17,Electronics,Bluetooth Speaker,48,0.041372548016918365,1,46.01411769518792
2024-09-17,Home,Air Fryer,110,0.026768276685298225,5,535.2774478230859
2024-09-17,Home,Coffee Maker,75,0.018306618788441524,6,441.7620215452013
2024-09-17,Home,LED Lamp,32,0.05131124847476808,10,303.5804004880742
2024-09-17,Fashion,Hoodie,38,0.03995131304674007,6,218.89110062534326
2024-09-17,Fashion,Sneakers,72,0.02462147339836586,8,561.8180313225413
2024-09-17,Fashion,Backpack,45,0.012480993995478598,6,266.63013162122076
2024-09-17,Beauty,Face Serum,28,0.01792190138758469,3,82.4945602834429
2024-09-17,Beauty,Hair Dryer,55,0.006088951756577969,4,218.66043061355285
2024-09-17,Beauty,Perfume,60,0.024136563901612812,11,644.0698678249356
2024-09-18,Electronics,Wireless Headphones,65,0.046542467351153034,10,619.7473962217505
2024-09-18,Electronics,Smart Watch,85,0.04376567108845196,3,243.83975387244476
2024-09-18,Electronics,Bluetooth Speaker,48,0.036596619480839865,7,323.7035358544378
2024-09-18,Home,Air Fryer,110,0.017006092065762805,6,648.7759792365965
2024-09-18,Home,Coffee Maker,75,0.06858473725299717,9,628.7053023542269
2024-09-18,Home,LED Lamp,32,0.050046742199109616,4,121.59401699851396
2024-09-18,Fashion,Hoodie,38,0.04703297473999247,5,181.06373479940143
2024-09-18,Fashion,Sneakers,72,0.03236698730859455,6,418.01746148268717
2024-09-18,Fashion,Backpack,45,0.041519647353345394,5,215.6580793454973
2024-09-18,Beauty,Face Serum,28,0.0405421562865813,8,214.9185569918058
2024-09-18,Beauty,Hair Dryer,55,0.07693061929216907,6,304.61289563358423
2024-09-18,Beauty,Perfume,60,0.059361745353762,7,395.06806695141995
2024-09-19,Electronics,Wireless Headphones,65,0.033897249260447515,6,376.7800727884255
2024-09-19,Electronics,Smart Watch,85,0.03169873985956376,5,411.5280355596854
2024-09-19,Electronics,Bluetooth Speaker,48,0.06483645710676492,7,314.214950412127
2024-09-19,Home,Air Fryer,110,0.04653131326992408,4,419.5262221612334
2024-09-19,Home,Coffee Maker,75,0.04892845295937562,4,285.3214641121873
2024-09-19,Home,LED Lamp,32,0.050385725977208425,5,151.93828384364664
2024-09-19,Fashion,Hoodie,38,0.0434363489341994,1,36.349418740500425
2024-09-19,Fashion,Sneakers,72,0.04373356190604265,4,275.4047341710597
2024-09-19,Fashion,Backpack,45,0.047608030425374495,2,85.7152772617163
2024-09-19,Beauty,Face Serum,28,0.05914505178241899,3,79.0318156502768
2024-09-19,Beauty,Hair Dryer,55,0.07837244449449267,9,456.2056399752261
2024-09-19,Beauty,Perfume,60,0.009814998103136324,6,356.46660068287093
2024-09-20,Electronics,Wireless Headphones,65,0.06054417664375948,5,305.32314259077816
2024-09-20,Electronics,Smart Watch,85,0.044257552448707105,3,243.71432412557968
2024-09-20,Electronics,Bluetooth Speaker,48,0.04524255593039297,3,137.48507194602342
2024-09-20,Home,Air Fryer,110,0.038851979372917025,5,528.6314113448956
2024-09-20,Home,Coffee Maker,75,0.0733755917324044,3,208.490491860209
2024-09-20,Home,LED Lamp,32,0.0,8,256.0
2024-09-20,Fashion,Hoodie,38,0.08236429491678254,7,244.09109755213584
2024-09-20,Fashion,Sneakers,72,0.020142992000502326,5,352.7485228798192
2024-09-20,Fashion,Backpack,45,0.051006260468379874,7,298.93302795246035
2024-09-20,Beauty,Face Serum,28,0.09184237300372758,4,101.71365422358251
2024-09-20,Beauty,Hair Dryer,55,0.039806611457191415,7,369.6744545889813
2024-09-20,Beauty,Perfume,60,0.057470666787141376,7,395.8623199494006
2024-09-21,Electronics,Wireless Headphones,65,0.05713669563554201,5,306.43057391844883
2024-09-21,Electronics,Smart Watch,85,0.04454130061381831,7,568.4979261347781
2024-09-21,Electronics,Bluetooth Speaker,48,0.07979027966844313,6,265.02039945548836
2024-09-21,Home,Air Fryer,110,0.06624601531579014,6,616.2776298915785
2024-09-21,Home,Coffee Maker,75,0.040679072582209395,3,215.8472086690029
2024-09-21,Home,LED Lamp,32,0.040768645770624695,4,122.78161334136004
2024-09-21,Fashion,Hoodie,38,0.03414892244753501,3,110.10702284098102
2024-09-21,Fashion,Sneakers,72,0.08735838809443738,2,131.420392114401
2024-09-21,Fashion,Backpack,45,0.07397926189044102,4,166.6837328597206
2024-09-21,Beauty,Face Serum,28,0.0637012758255154,3,78.6490928306567
2024-09-21,Beauty,Hair Dryer,55,0.04115928823940057,2,105.47247829366594
2024-09-21,Beauty,Perfume,60,0.028691514541924933,8,466.22807301987604
2024-09-22,Electronics,Wireless Headphones,65,0.09752692725490789,8,469.2859978274479
2024-09-22,Electronics,Smart Watch,85,0.041141759875587894,12,978.0354049269004
2024-09-22,Electronics,Bluetooth Speaker,48,0.04471816577548681,9,412.6817523849897
2024-09-22,Home,Air Fryer,110,0.072229137502389,4,408.21917949894885
2024-09-22,Home,Coffee Maker,75,0.062207232928434955,2,140.66891506073475
2024-09-22,Home,LED Lamp,32,0.038901914874562724,5,153.77569362006997
2024-09-22,Fashion,Hoodie,38,0.06275630525964698,10,356.15260400133417
2024-09-22,Fashion,Sneakers,72,0.07886327996984377,4,265.287375368685
2024-09-22,Fashion,Backpack,45,0.08084627806011502,10,413.61917487294824
2024-09-22,Beauty,Face Serum,28,0.0,4,112.0
2024-09-22,Beauty,Hair Dryer,55,0.04410183244530355,1,52.57439921550831
2024-09-22,Beauty,Perfume,60,0.05050706955182157,6,341.8174549613442
2024-09-23,Electronics,Wireless Headphones,65,0.10221021691667474,7,408.494351302913
2024-09-23,Electronics,Smart Watch,85,0.035942441217608485,3,245.83467748950983
2024-09-23,Electronics,Bluetooth Speaker,48,0.09785550050889902,10,433.0293597557285
2024-09-23,Home,Air Fryer,110,0.08623707243285234,3,301.54176609715876
2024-09-23,Home,Coffee Maker,75,0.059566992914916295,6,423.19485318828765
2024-09-23,Home,LED Lamp,32,0.07155504870405749,3,89.13071532441049
2024-09-23,Fashion,Hoodie,38,0.047879457422642546,8,289.44464494351666
2024-09-23,Fashion,Sneakers,72,0.012392947025092742,3,213.32312344257997
2024-09-23,Fashion,Backpack,45,0.03699714432151001,4,173.3405140221282
2024-09-23,Beauty,Face Serum,28,0.06933610845202347,4,104.23435585337337
2024-09-23,Beauty,Hair Dryer,55,0.047077068693440374,6,314.4645673311647
2024-09-23,Beauty,Perfume,60,0.039119615646810144,2,115.30564612238278
2024-09-24,Electronics,Wireless Headphones,65,0.049015036452542744,9,556.3262036752625
2024-09-24,Electronics,Smart Watch,85,0.014094666225007838,5,419.00976685437166
2024-09-24,Electronics,Bluetooth Speaker,48,0.059564785503043206,7,315.98623207097745
2024-09-24,Home,Air Fryer,110,0.035393423547560615,3,318.320170229305
2024-09-24,Home,Coffee Maker,75,0.03835333980733674,2,144.2469990288995
2024-09-24,Home,LED Lamp,32,0.059921335256824894,5,150.41258635890802
2024-09-24,Fashion,Hoodie,38,0.014577660592229612,6,224.67629338497164
2024-09-24,Fashion,Sneakers,72,0.06468399419743222,8,538.742019342279
2024-09-24,Fashion,Backpack,45,0.06880679825610586,7,293.32585854932665
2024-09-24,Beauty,Face Serum,28,0.05759890855598231,2,52.77446112086499
2024-09-24,Beauty,Hair Dryer,55,0.04553998714012407,4,209.9812028291727
2024-09-24,Beauty,Perfume,60,0.055368321248995864,5,283.38950362530124
2024-09-25,Electronics,Wireless Headphones,65,0.06861526908612971,3,181.62002252820471
2024-09-25,Electronics,Smart Watch,85,0.06764227757014138,2,158.50081281307595
2024-09-25,Electronics,Bluetooth Speaker,48,0.038784564976601536,2,92.27668176224626
2024-09-25,Home,Air Fryer,110,0.0538499547442058,4,416.3060199125494
2024-09-25,Home,Coffee Maker,75,0.04714884215417387,4,285.85534735374785
2024-09-25,Home,LED Lamp,32,0.0849678303753802,4,117.12411771195133
2024-09-25,Fashion,Hoodie,38,0.03794385213120646,8,292.46506895211326
2024-09-25,Fashion,Sneakers,72,0.07420960768633621,9,599.9121742192541
2024-09-25,Fashion,Backpack,45,0.09245158758458223,8,326.7174284695504
2024-09-25,Beauty,Face Serum,28,0.023492120602414457,8,218.73776498505916
2024-09-25,Beauty,Hair Dryer,55,0.013274335081698153,4,217.0796462820264
2024-09-25,Beauty,Perfume,60,0.027993605536580514,8,466.5630693424414
2024-09-26,Electronics,Wireless Headphones,65,0.07105293289513208,7,422.6709155327149
2024-09-26,Electronics,Smart Watch,85,0.03206072036641518,7,575.923871381983
2024-09-26,Electronics,Bluetooth Speaker,48,0.07270156198459443,6,267.0619501484368
2024-09-26,Home,Air Fryer,110,0.03438528101340463,4,424.8704763541019
2024-09-26,Home,Coffee Maker,75,0.06172229917891239,5,351.8541378079079
2024-09-26,Home,LED Lamp,32,0.0660664354187822,6,179.3152443995938
2024-09-26,Fashion,Hoodie,38,0.1031582570904975,4,136.3199449222444
2024-09-26,Fashion,Sneakers,72,0.07314981500394988,4,266.9328532788624
2024-09-26,Fashion,Backpack,45,0.0707388317144734,9,376.3507731556383
2024-09-26,Beauty,Face Serum,28,0.04880315459173216,2,53.267023342863
2024-09-26,Beauty,Hair Dryer,55,0.047974076550588246,6,314.1685547383059
2024-09-26,Beauty,Perfume,60,0.04487779734939737,4,229.22932863614463
2024-09-27,Electronics,Wireless Headphones,65,0.08080061924447939,8,477.98367799287075
2024-09-27,Electronics,Smart Watch,85,0.054792103526545885,4,321.3706848009744
2024-09-27,Electronics,Bluetooth Speaker,48,0.028249799795735907,6,279.8640576588281
2024-09-27,Home,Air Fryer,110,0.011574033173034355,5,543.634281754831
2024-09-27,Home,Coffee Maker,75,0.09039982943359211,4,272.88005116992235
2024-09-27,Home,LED Lamp,32,0.037868065603784924,8,246.30577520543105
2024-09-27,Fashion,Hoodie,38,0.06860829349812526,8,283.14307877656995
2024-09-27,Fashion,Sneakers,72,0.08231422989608145,6,396.4402526848928
2024-09-27,Fashion,Backpack,45,0.0451092012456153,7,300.7906016076312
2024-09-27,Beauty,Face Serum,28,0.05330587324938228,3,79.52230664705189
2024-09-27,Beauty,Hair Dryer,55,0.08855667116052524,4,200.51753234468444
2024-09-27,Beauty,Perfume,60,0.05928207915952436,1,56.44307525042854
2024-09-28,Electronics,Wireless Headphones,65,0.0722210705045521,10,603.0563041720411
2024-09-28,Electronics,Smart Watch,85,0.02391360064074536,5,414.83671972768326
2024-09-28,Electronics,Bluetooth Speaker,48,0.033044340942474465,8,371.31097307808983
2024-09-28,Home,Air Fryer,110,0.05719813981905211,6,622.2492277194257
2024-09-28,Home,Coffee Maker,75,0.04144960728937886,6,431.34767671977954
2024-09-28,Home,LED Lamp,32,0.07301695630177395,4,118.65382959337293
2024-09-28,Fashion,Hoodie,38,0.0768755055780717,6,210.47238472819967
2024-09-28,Fashion,Sneakers,72,0.02524350970567525,6,421.0948038071483
2024-09-28,Fashion,Backpack,45,0.010145901186244838,7,311.8040411263329
2024-09-28,Beauty,Face Serum,28,0.1064756421668532,3,75.05604605798433
2024-09-28,Beauty,Hair Dryer,55,0.050322180595192376,3,156.69684020179326
2024-09-28,Beauty,Perfume,60,0.06402636728724947,6,336.9505077765902
2024-09-29,Electronics,Wireless Headphones,65,0.04960999417666023,2,123.55070075703416
2024-09-29,Electronics,Smart Watch,85,0.09157971233706337,2,154.43144890269923
2024-09-29,Electronics,Bluetooth Speaker,48,0.016812004794659635,3,141.57907130956903
2024-09-29,Home,Air Fryer,110,0.02077627243946912,0,0.0
2024-09-29,Home,Coffee Maker,75,0.03349804349729922,6,434.9258804262154
2024-09-29,Home,LED Lamp,32,0.06396870961962896,3,89.85900387651562
2024-09-29,Fashion,Hoodie,38,0.024814702259642746,4,148.2281652565343
2024-09-29,Fashion,Sneakers,72,0.0587467194902086,5,338.8511809835249
2024-09-29,Fashion,Backpack,45,0.07796041790173901,11,456.4095931386392
2024-09-29,Beauty,Face Serum,28,0.019362867115170036,3,82.37351916232572
2024-09-29,Beauty,Hair Dryer,55,0.051774475918767236,3,156.4572114734034
2024-09-29,Beauty,Perfume,60,0.03471361581803617,6,347.503098305507
2024-09-30,Electronics,Wireless Headphones,65,0.03914642117482845,7,437.18837836545305
2024-09-30,Electronics,Smart Watch,85,0.031295029632560714,3,247.01976744369702
2024-09-30,Electronics,Bluetooth Speaker,48,0.05113696543658862,2,91.09085131808749
2024-09-30,Home,Air Fryer,110,0.04336746742394236,1,105.22957858336633
2024-09-30,Home,Coffee Maker,75,0.058780434455678404,4,282.3658696632965
2024-09-30,Home,LED Lamp,32,0.0,4,128.0
2024-09-30,Fashion,Hoodie,38,0.01807405896769855,8,298.50548607381967
2024-09-30,Fashion,Sneakers,72,0.05518569957864813,2,136.05325926067468
2024-09-30,Fashion,Backpack,45,0.09802136658530823,5,202.94519251830565
2024-09-30,Beauty,Face Serum,28,0.050608648637669375,6,159.49774702887154
2024-09-30,Beauty,Hair Dryer,55,0.04045311742855327,2,105.55015708285914
2024-09-30,Beauty,Perfume,60,0.01434549886892196,2,118.27854013572936
2024-10-01,Electronics,Wireless Headphones,65,0.06051304239643996,9,549.5998701980826
2024-10-01,Electronics,Smart Watch,85,0.07584930452774641,3,235.65842734542466
2024-10-01,Electronics,Bluetooth Speaker,48,0.0423789258985367,9,413.6923040118321
2024-10-01,Home,Air Fryer,110,0.023679209399954628,6,644.37172179603
2024-10-01,Home,Coffee Maker,75,0.07761959885023784,2,138.35706017246432
2024-10-01,Home,LED Lamp,32,0.057183880345811795,4,120.68046331573609
2024-10-01,Fashion,Hoodie,38,0.05094745120195517,7,252.44797798027992
2024-10-01,Fashion,Sneakers,72,0.030479118812675794,6,418.833020672924
2024-10-01,Fashion,Backpack,45,0.06828527939148396,6,251.5629745642993
2024-10-01,Beauty,Face Serum,28,0.08920619017272809,6,153.01336005098167
2024-10-01,Beauty,Hair Dryer,55,0.07368930283907135,1,50.94708834385107
2024-10-01,Beauty,Perfume,60,0.056375087315655506,6,339.704968566364
2024-10-02,Electronics,Wireless Headphones,65,0.062266290079907534,3,182.85807343441803
2024-10-02,Electronics,Smart Watch,85,0.06754509766559064,4,317.03466679369916
2024-10-02,Electronics,Bluetooth Speaker,48,0.06595277512552497,4,179.3370671758992
2024-10-02,Home,Air Fryer,110,0.02638170217367587,3,321.294038282687
2024-10-02,Home,Coffee Maker,75,0.02798881539648324,3,218.70251653579126
2024-10-02,Home,LED Lamp,32,0.02328902983707573,2,62.509502090427155
2024-10-02,Fashion,Hoodie,38,0.037979535479145704,4,146.22711060716986
2024-10-02,Fashion,Sneakers,72,0.0,8,576.0
2024-10-02,Fashion,Backpack,45,0.02508262823968253,8,350.9702538337143
2024-10-02,Beauty,Face Serum,28,0.04390450101689722,6,160.62404382916125
2024-10-02,Beauty,Hair Dryer,55,0.07956681653818785,5,253.11912545199834
2024-10-02,Beauty,Perfume,60,0.10390991203272121,4,215.06162111214692
2024-10-03,Electronics,Wireless Headphones,65,0.03045559147097221,6,378.12231932632085
2024-10-03,Electronics,Smart Watch,85,0.057942618580526614,3,240.22463226196572
2024-10-03,Electronics,Bluetooth Speaker,48,0.03870164732308891,3,138.4269627854752
2024-10-03,Home,Air Fryer,110,0.047510059078813976,2,209.54778700266093
2024-10-03,Home,Coffee Maker,75,0.04231902868133643,3,215.4782185466993
2024-10-03,Home,LED Lamp,32,0.03573005793544121,2,61.71327629213176
2024-10-03,Fashion,Hoodie,38,0.07402986907532458,6,211.121189850826
2024-10-03,Fashion,Sneakers,72,0.04953101629517978,3,205.30130048024117
2024-10-03,Fashion,Backpack,45,0.04371249861034792,5,215.16468781267173
2024-10-03,Beauty,Face Serum,28,0.06753810064814647,7,182.76253227296328
2024-10-03,Beauty,Hair Dryer,55,0.07168242332993152,1,51.05746671685376
2024-10-03,Beauty,Perfume,60,0.041882224805777246,2,114.97413302330672
2024-10-04,Electronics,Wireless Headphones,65,0.015223518872268554,11,704.1151840063279
2024-10-04,Electronics,Smart Watch,85,0.06793658279252329,2,158.45078092527103
2024-10-04,Electronics,Bluetooth Speaker,48,0.07011203484740174,4,178.53848930929888
2024-10-04,Home,Air Fryer,110,0.030233314135303037,6,640.0460126707
2024-10-04,Home,Coffee Maker,75,0.07078841149475373,2,139.38173827578694
2024-10-04,Home,LED Lamp,32,0.026894931586363552,4,124.55744875694546
2024-10-04,Fashion,Hoodie,38,0.049724896165633796,7,252.7731776199414
2024-10-04,Fashion,Sneakers,72,0.06279998453231443,1,67.47840111367336
2024-10-04,Fashion,Backpack,45,0.050401255371256656,4,170.92777403317382
2024-10-04,Beauty,Face Serum,28,0.03545134933400329,2,54.01472443729582
2024-10-04,Beauty,Hair Dryer,55,0.07296161808121765,4,203.94844402213212
2024-10-04,Beauty,Perfume,60,0.05280545001518949,1,56.831672999088624
2024-10-05,Electronics,Wireless Headphones,65,0.05550713478916243,3,184.1761087161133
2024-10-05,Electronics,Smart Watch,85,0.03811755872325854,1,81.76000750852303
2024-10-05,Electronics,Bluetooth Speaker,48,0.07428371484843832,14,622.0813436218494
2024-10-05,Home,Air Fryer,110,0.07828648374907682,4,405.5539471504062
2024-10-05,Home,Coffee Maker,75,0.003687291776539779,2,149.44690623351903
2024-10-05,Home,LED Lamp,32,0.03558162244257781,5,154.30694040918755
2024-10-05,Fashion,Hoodie,38,0.03471361894944862,7,256.76617735944666
2024-10-05,Fashion,Sneakers,72,0.060930991139808786,4,270.45187455173505
2024-10-05,Fashion,Backpack,45,0.08747523318971526,3,123.19084351938844
2024-10-05,Beauty,Face Serum,28,0.03408375300028141,5,135.2282745799606
2024-10-05,Beauty,Hair Dryer,55,0.07106491668409798,2,102.18285916474922
2024-10-05,Beauty,Perfume,60,0.029067511988548938,3,174.7678478420612
2024-10-06,Electronics,Wireless Headphones,65,0.04743264656034809,9,557.2519017621963
2024-10-06,Electronics,Smart Watch,85,0.0037204754117017708,6,508.10255754003214
2024-10-06,Electronics,Bluetooth Speaker,48,0.04395338872676896,3,137.6707120233453
2024-10-06,Home,Air Fryer,110,0.04118236128470923,4,421.87976103472795
2024-10-06,Home,Coffee Maker,75,0.0002779177930151075,4,299.91662466209544
2024-10-06,Home,LED Lamp,32,0.07174034524120715,8,237.63447161825098
2024-10-06,Fashion,Hoodie,38,0.05760522676897509,8,286.4880110622316
2024-10-06,Fashion,Sneakers,72,0.03361481989848354,4,278.31893186923674
2024-10-06,Fashion,Backpack,45,0.02336868488803026,7,307.63886426027045
2024-10-06,Beauty,Face Serum,28,0.03491319396928057,6,162.13458341316087
2024-10-06,Beauty,Hair Dryer,55,0.044724067043237406,5,262.7008815631097
2024-10-06,Beauty,Perfume,60,0.05752478489895515,6,339.29107743637616
2024-10-07,Electronics,Wireless Headphones,65,0.022446011756432068,12,762.4921108299831
2024-10-07,Electronics,Smart Watch,85,0.07896372553554953,4,313.15233331791313
2024-10-07,Electronics,Bluetooth Speaker,48,0.07311635002076977,4,177.9616607960122
2024-10-07,Home,Air Fryer,110,0.06022151300406572,8,827.0050685564221
2024-10-07,Home,Coffee Maker,75,0.09114506222638807,2,136.32824066604178
2024-10-07,Home,LED Lamp,32,0.04330602283086953,3,91.84262180823653
2024-10-07,Fashion,Hoodie,38,0.037762589123190235,13,475.34528097314404
2024-10-07,Fashion,Sneakers,72,0.03508022887059002,7,486.3195646492226
2024-10-07,Fashion,Backpack,45,0.061813152661258794,8,337.74726504194683
2024-10-07,Beauty,Face Serum,28,0.08448103512420407,3,76.90359304956687
2024-10-07,Beauty,Hair Dryer,55,0.08394875711773012,4,201.53127343409938
2024-10-07,Beauty,Perfume,60,0.06784864625459035,2,111.85816244944917
2024-10-08,Electronics,Wireless Headphones,65,0.03330252810992462,1,62.835335672854896
2024-10-08,Electronics,Smart Watch,85,0.06027072567473292,5,399.3849415882385
2024-10-08,Electronics,Bluetooth Speaker,48,0.07832950745712351,7,309.6812854944065
2024-10-08,Home,Air Fryer,110,0.07639868951746753,4,406.3845766123143
2024-10-08,Home,Coffee Maker,75,0.07525157943291959,4,277.4245261701241
2024-10-08,Home,LED Lamp,32,0.04949550334421116,4,121.66457557194097
2024-10-08,Fashion,Hoodie,38,0.07545478854145728,7,245.92902624797236
2024-10-08,Fashion,Sneakers,72,0.03491841955035979,4,277.9434951694964
2024-10-08,Fashion,Backpack,45,0.0740677103709171,6,250.00171819985238
2024-10-08,Beauty,Face Serum,28,0.07449238761263036,9,233.22791832161715
2024-10-08,Beauty,Hair Dryer,55,0.08105636951799133,2,101.08379935302095
2024-10-08,Beauty,Perfume,60,0.0708901170416933,1,55.7465929774984
2024-10-09,Electronics,Wireless Headphones,65,0.06385610305961843,7,425.9454731078736
2024-10-09,Electronics,Smart Watch,85,0.07593866945943877,8,628.3617047675816
2024-10-09,Electronics,Bluetooth Speaker,48,0.06218432975365692,2,90.03030434364894
2024-10-09,Home,Air Fryer,110,0.06186182758727987,6,619.1711937923952
2024-10-09,Home,Coffee Maker,75,0.09280352118753393,1,68.03973591093495
2024-10-09,Home,LED Lamp,32,0.08608474787482684,3,87.73586420401662
2024-10-09,Fashion,Hoodie,38,0.06215874764592196,4,142.55187035781987
2024-10-09,Fashion,Sneakers,72,0.046927573379741835,5,343.1060735832929
2024-10-09,Fashion,Backpack,45,0.05648122088435817,2,84.91669012040776
2024-10-09,Beauty,Face Serum,28,0.05657340595077013,8,211.3275570670275
2024-10-09,Beauty,Hair Dryer,55,0.06145144633748204,7,361.34119316006945
2024-10-09,Beauty,Perfume,60,0.03566978705282932,3,173.57943833049072
2024-10-10,Electronics,Wireless Headphones,65,0.03677466183151655,5,313.0482349047571
2024-10-10,Electronics,Smart Watch,85,0.05531340766270856,5,401.49180174334884
2024-10-10,Electronics,Bluetooth Speaker,48,0.02841486386931733,9,419.7247788084549
2024-10-10,Home,Air Fryer,110,0.07037705485451082,2,204.5170479320076
2024-10-10,Home,Coffee Maker,75,0.042876293793928856,1,71.78427796545533
2024-10-10,Home,LED Lamp,32,0.045333207425735884,8,244.39469889901162
2024-10-10,Fashion,Hoodie,38,0.08076138526961024,4,139.72426943901922
2024-10-10,Fashion,Sneakers,72,0.03883489365340328,6,415.22332594172974
2024-10-10,Fashion,Backpack,45,0.09468383764543054,12,488.87072767146753
2024-10-10,Beauty,Face Serum,28,0.08044422355820682,5,128.73780870185104
2024-10-10,Beauty,Hair Dryer,55,0.04805404736526468,3,157.07108218473132
2024-10-10,Beauty,Perfume,60,0.024062631567539468,2,117.11248421189526
2024-10-11,Electronics,Wireless Headphones,65,0.08375546985687261,5,297.77947229651636
2024-10-11,Electronics,Smart Watch,85,0.06365120914240423,3,238.76894166868692
2024-10-11,Electronics,Bluetooth Speaker,48,0.07140852145281731,5,222.86195485132384
2024-10-11,Home,Air Fryer,110,0.03773931877625591,5,529.2433746730593
2024-10-11,Home,Coffee Maker,75,0.057037254851323674,1,70.72220588615072
2024-10-11,Home,LED Lamp,32,0.01778096509447554,5,157.1550455848839
2024-10-11,Fashion,Hoodie,38,0.05367179140989736,8,287.6837754113912
2024-10-11,Fashion,Sneakers,72,0.06861786479234175,5,335.297568674757
2024-10-11,Fashion,Backpack,45,0.050751569659678857,9,384.44561428783004
2024-10-11,Beauty,Face Serum,28,0.007762288654267931,3,83.34796775304149
2024-10-11,Beauty,Hair Dryer,55,0.03311361061276042,8,425.4300113303854
2024-10-11,Beauty,Perfume,60,0.06743944994043753,3,167.86089901072125
2024-10-12,Electronics,Wireless Headphones,65,0.03462650496339715,5,313.74638588689595
2024-10-12,Electronics,Smart Watch,85,0.05280176984161375,10,805.1184956346283
2024-10-12,Electronics,Bluetooth Speaker,48,0.06804474020227626,4,178.93540988116297
2024-10-12,Home,Air Fryer,110,0.09038880009796506,6,600.3433919353431
2024-10-12,Home,Coffee Maker,75,0.010814124795081904,5,370.9447032018443
2024-10-12,Home,LED Lamp,32,0.035253339890886866,7,216.10325186444135
2024-10-12,Fashion,Hoodie,38,0.05325624745163778,8,287.8101007747021
2024-10-12,Fashion,Sneakers,72,0.011249303487297899,2,142.3801002978291
2024-10-12,Fashion,Backpack,45,0.07437810895936564,4,166.6119403873142
2024-10-12,Beauty,Face Serum,28,0.11991174935118545,3,73.92741305450042
2024-10-12,Beauty,Hair Dryer,55,0.04213735164818768,2,105.36489131869936
2024-10-12,Beauty,Perfume,60,0.07750276927022333,4,221.3993353751464
2024-10-13,Electronics,Wireless Headphones,65,0.04712368506379551,6,371.62176282511973
2024-10-13,Electronics,Smart Watch,85,0.049210850835852124,5,404.08538839476284
2024-10-13,Electronics,Bluetooth Speaker,48,0.06221536742335044,5,225.0683118183959
2024-10-13,Home,Air Fryer,110,0.031848146751001324,5,532.4835192869492
2024-10-13,Home,Coffee Maker,75,0.04926308577637639,4,285.2210742670871
2024-10-13,Home,LED Lamp,32,0.06403473909231826,3,89.85266504713745
2024-10-13,Fashion,Hoodie,38,0.09896020065064165,4,136.95804950110247
2024-10-13,Fashion,Sneakers,72,0.04559762960420706,4,274.86788267398833
2024-10-13,Fashion,Backpack,45,0.06821051278739373,4,167.72210769826913
2024-10-13,Beauty,Face Serum,28,0.08840701782805233,6,153.1476210048872
2024-10-13,Beauty,Hair Dryer,55,0.04254720084450615,3,157.9797118606565
2024-10-13,Beauty,Perfume,60,0.08465964559861236,4,219.68168505633304
2024-10-14,Electronics,Wireless Headphones,65,0.06645928843866472,7,424.7610237604075
2024-10-14,Electronics,Smart Watch,85,0.0,5,425.0
2024-10-14,Electronics,Bluetooth Speaker,48,0.023572968567739223,3,140.60549252624554
2024-10-14,Home,Air Fryer,110,0.07660146718841516,2,203.14767721854867
2024-10-14,Home,Coffee Maker,75,0.05874848489557232,3,211.78159089849623
2024-10-14,Home,LED Lamp,32,0.03723172557064183,3,92.4257543452184
2024-10-14,Fashion,Hoodie,38,0.03177969564754102,5,183.96185782696722
2024-10-14,Fashion,Sneakers,72,0.06187993313259253,8,540.3571585156267
2024-10-14,Fashion,Backpack,45,0.029311728869542218,6,262.0858332052236
2024-10-14,Beauty,Face Serum,28,0.07780984412640268,4,103.2852974578429
2024-10-14,Beauty,Hair Dryer,55,0.016632446275419814,3,162.25564636455573
2024-10-14,Beauty,Perfume,60,0.06080949696212792,3,169.054290546817
2024-10-15,Electronics,Wireless Headphones,65,0.07634048270372219,1,60.03786862425806
2024-10-15,Electronics,Smart Watch,85,0.0569446485940108,3,240.47911460852723
2024-10-15,Electronics,Bluetooth Speaker,48,0.06822370797368463,2,89.45052403452628
2024-10-15,Home,Air Fryer,110,0.05012431085482341,5,522.4316290298472
2024-10-15,Home,Coffee Maker,75,0.07270120549720543,6,417.2844575262576
2024-10-15,Home,LED Lamp,32,0.08128276673331936,2,58.79790292906756
2024-10-15,Fashion,Hoodie,38,0.0452527266640507,8,290.24317109412857
2024-10-15,Fashion,Sneakers,72,0.0633646770084495,7,472.06420278774146
2024-10-15,Fashion,Backpack,45,0.07456990164288428,6,249.86612655642125
2024-10-15,Beauty,Face Serum,28,0.03961157733566626,5,134.4543791730067
2024-10-15,Beauty,Hair Dryer,55,0.04957983481081268,5,261.3655454270265
2024-10-15,Beauty,Perfume,60,0.05428501549708253,7,397.20029349122535
2024-10-16,Electronics,Wireless Headphones,65,0.032741785218291894,8,502.97427168648824
2024-10-16,Electronics,Smart Watch,85,0.05928797583866356,3,239.8815661611408
2024-10-16,Electronics,Bluetooth Speaker,48,0.0,5,240.0
2024-10-16,Home,Air Fryer,110,0.06355207158509171,3,309.02781637691976
2024-10-16,Home,Coffee Maker,75,0.041119602207887004,3,215.74808950322543
2024-10-16,Home,LED Lamp,32,0.02918009575481418,2,62.13247387169189
2024-10-16,Fashion,Hoodie,38,0.052587549362474825,5,180.0083656211298
2024-10-16,Fashion,Sneakers,72,0.017877453616123078,7,494.989763377474
2024-10-16,Fashion,Backpack,45,0.07289231411166841,4,166.87938345989969
2024-10-16,Beauty,Face Serum,28,0.047217624461527594,3,80.03371954523169
2024-10-16,Beauty,Hair Dryer,55,0.09184937536882967,5,249.74142177357186
2024-10-16,Beauty,Perfume,60,0.07557726666645273,8,443.7229120001027
2024-10-17,Electronics,Wireless Headphones,65,0.01878195286789104,7,446.45421144510954
2024-10-17,Electronics,Smart Watch,85,0.10050269812447071,5,382.28635329709994
2024-10-17,Electronics,Bluetooth Speaker,48,0.0268882371511756,8,373.67491693394857
2024-10-17,Home,Air Fryer,110,0.07206674690027155,1,102.07265784097012
2024-10-17,Home,Coffee Maker,75,0.05687713624808747,1,70.73421478139345
2024-10-17,Home,LED Lamp,32,0.04011361244620649,1,30.716364401721393
2024-10-17,Fashion,Hoodie,38,0.029098970492823464,3,110.68271736381811
2024-10-17,Fashion,Sneakers,72,0.06896906795375066,2,134.0684542146599
2024-10-17,Fashion,Backpack,45,0.07083927033514012,9,376.31009551426826
2024-10-17,Beauty,Face Serum,28,0.018272706515858265,10,274.8836421755597
2024-10-17,Beauty,Hair Dryer,55,0.04475797376636272,1,52.53831144285005
2024-10-17,Beauty,Perfume,60,0.07338557226770953,3,166.7905969918123
2024-10-18,Electronics,Wireless Headphones,65,0.061257740473101535,1,61.0182468692484
2024-10-18,Electronics,Smart Watch,85,0.043651626574430454,0,0.0
2024-10-18,Electronics,Bluetooth Speaker,48,0.07705643383372718,6,265.8077470558866
2024-10-18,Home,Air Fryer,110,0.025494617294148578,4,428.7823683905746
2024-10-18,Home,Coffee Maker,75,0.0628118157811882,7,492.0237967148762
2024-10-18,Home,LED Lamp,32,0.06096247429362259,6,180.29520493562447
2024-10-18,Fashion,Hoodie,38,0.06727742062749958,5,177.2172900807751
2024-10-18,Fashion,Sneakers,72,0.02770271371435673,9,630.0486415130969
2024-10-18,Fashion,Backpack,45,0.04048720458479348,10,431.7807579368429
2024-10-18,Beauty,Face Serum,28,0.008588404723939264,3,83.2785740031891
2024-10-18,Beauty,Hair Dryer,55,0.05908645985269066,4,207.00097883240804
2024-10-18,Beauty,Perfume,60,0.031629295239559624,4,232.4089691425057
2024-10-19,Electronics,Wireless Headphones,65,0.03235473633793002,6,377.3816528282073
2024-10-19,Electronics,Smart Watch,85,0.03718506902814257,3,245.51780739782365
2024-10-19,Electronics,Bluetooth Speaker,48,0.03497503022983141,9,416.8907869407128
2024-10-19,Home,Air Fryer,110,0.03125271528681421,2,213.1244026369009
2024-10-19,Home,Coffee Maker,75,0.00020193993417717132,8,599.8788360394936
2024-10-19,Home,LED Lamp,32,0.03373276332560347,4,123.68220629432275
2024-10-19,Fashion,Hoodie,38,0.00039567696102445205,7,265.8947499283675
2024-10-19,Fashion,Sneakers,72,0.028972955606884118,9,629.2255247667391
2024-10-19,Fashion,Backpack,45,0.03608796017268233,11,477.13645971452223
2024-10-19,Beauty,Face Serum,28,0.03591690211807307,6,161.96596044416373
2024-10-19,Beauty,Hair Dryer,55,0.03956504676706722,7,369.76745699467915
2024-10-19,Beauty,Perfume,60,0.060728330658522754,6,338.1378009629318
2024-10-20,Electronics,Wireless Headphones,65,0.054354944763353744,5,307.33464295191004
2024-10-20,Electronics,Smart Watch,85,0.01350455424429816,7,586.9647902246426
2024-10-20,Electronics,Bluetooth Speaker,48,0.08514746050606363,4,175.6516875828358
2024-10-20,Home,Air Fryer,110,0.08242165437103811,7,706.5353261343007
2024-10-20,Home,Coffee Maker,75,0.031178363031216,6,435.9697366359528
2024-10-20,Home,LED Lamp,32,0.07414036413230134,8,237.02006678213087
2024-10-20,Fashion,Hoodie,38,0.052690973968452785,12,431.9729158703855
2024-10-20,Fashion,Sneakers,72,0.07905818429185275,5,331.539053654933
2024-10-20,Fashion,Backpack,45,0.04204294694573152,3,129.32420216232626
2024-10-20,Beauty,Face Serum,28,0.014137530861630242,3,82.81244740762305
2024-10-20,Beauty,Hair Dryer,55,0.04751949914164349,5,261.93213773604805
2024-10-20,Beauty,Perfume,60,0.02109505687995127,5,293.6714829360146
2024-10-21,Electronics,Wireless Headphones,65,0.07035785179842616,2,120.8534792662046
2024-10-21,Electronics,Smart Watch,85,0.05021038956628567,3,242.19635066059715
2024-10-21,Electronics,Bluetooth Speaker,48,0.08536445304177726,3,131.7075187619841
2024-10-21,Home,Air Fryer,110,0.08760856670665637,9,903.2675189604101
2024-10-21,Home,Coffee Maker,75,0.07231964762598292,2,139.15205285610256
2024-10-21,Home,LED Lamp,32,0.04983514705636963,3,91.21582588258852
2024-10-21,Fashion,Hoodie,38,0.06670246695265798,8,283.72245004639194
2024-10-21,Fashion,Sneakers,72,0.02838596033915989,7,489.6934759890634
2024-10-21,Fashion,Backpack,45,0.016982640679621096,4,176.9431246776682
2024-10-21,Beauty,Face Serum,28,0.044415891213471455,4,107.0254201840912
2024-10-21,Beauty,Hair Dryer,55,0.04883439110623025,1,52.314108489157334
2024-10-21,Beauty,Perfume,60,0.033183575223332484,8,464.07188389280043
2024-10-22,Electronics,Wireless Headphones,65,0.05079924805723572,6,370.1882932576781
2024-10-22,Electronics,Smart Watch,85,0.03161642937658424,3,246.937810508971
2024-10-22,Electronics,Bluetooth Speaker,48,0.05325343621463163,2,90.88767012339537
2024-10-22,Home,Air Fryer,110,0.036517039887507,1,105.98312561237424
2024-10-22,Home,Coffee Maker,75,0.05158160284982789,3,213.39413935878872
2024-10-22,Home,LED Lamp,32,0.002687159724258703,5,159.5700544441186
2024-10-22,Fashion,Hoodie,38,0.05855683690715228,6,214.64904118516927
2024-10-22,Fashion,Sneakers,72,0.07278641914665257,3,200.27813346432305
2024-10-22,Fashion,Backpack,45,0.026536354104326157,5,219.0293203265266
2024-10-22,Beauty,Face Serum,28,0.01587129973574003,5,137.7780180369964
2024-10-22,Beauty,Hair Dryer,55,0.07827896429034892,2,101.38931392806161
2024-10-22,Beauty,Perfume,60,0.011520866561825605,5,296.54374003145233
2024-10-23,Electronics,Wireless Headphones,65,0.048822568848634416,4,247.30613209935504
2024-10-23,Electronics,Smart Watch,85,0.05218177006957085,4,322.2581981763459
2024-10-23,Electronics,Bluetooth Speaker,48,0.02254729383738483,7,328.42410927063867
2024-10-23,Home,Air Fryer,110,0.08289441039830425,3,302.6448445685596
2024-10-23,Home,Coffee Maker,75,0.034256577547248,6,434.5845401037384
2024-10-23,Home,LED Lamp,32,0.05620584627472172,4,120.80565167683562
2024-10-23,Fashion,Hoodie,38,0.03161187675877854,6,220.7924920989985
2024-10-23,Fashion,Sneakers,72,0.03133466422188884,8,557.951233408192
2024-10-23,Fashion,Backpack,45,0.008863866383256633,8,356.80900810202763
2024-10-23,Beauty,Face Serum,28,0.07535516936204799,3,77.67016577358797
2024-10-23,Beauty,Hair Dryer,55,0.04637779067403233,0,0.0
2024-10-23,Beauty,Perfume,60,0.02483355703774941,2,117.01997315547007
2024-10-24,Electronics,Wireless Headphones,65,0.05377031746487732,7,430.5345055534808
2024-10-24,Electronics,Smart Watch,85,0.052506891147875046,7,563.7583997670143
2024-10-24,Electronics,Bluetooth Speaker,48,0.04158839365553173,3,138.01127131360343
2024-10-24,Home,Air Fryer,110,0.07732948312021518,3,304.481270570329
2024-10-24,Home,Coffee Maker,75,0.07432902710906221,5,347.1266148341017
2024-10-24,Home,LED Lamp,32,0.09194320917131746,3,87.17345191955351
2024-10-24,Fashion,Hoodie,38,0.05854034676298349,6,214.65280093803977
2024-10-24,Fashion,Sneakers,72,0.05960311114031636,8,541.6686079831778
2024-10-24,Fashion,Backpack,45,0.02731436843514923,1,43.770853420418284
2024-10-24,Beauty,Face Serum,28,0.03492166942377452,4,108.08877302453726
2024-10-24,Beauty,Hair Dryer,55,0.053713407458863466,1,52.04576258976251
2024-10-24,Beauty,Perfume,60,0.08769386017004935,7,383.1685787285793
2024-10-25,Electronics,Wireless Headphones,65,0.0406377837646789,4,249.4341762211835
2024-10-25,Electronics,Smart Watch,85,0.0699603104650906,4,316.2134944418692
2024-10-25,Electronics,Bluetooth Speaker,48,0.05116254796187243,1,45.54419769783012
2024-10-25,Home,Air Fryer,110,0.058447336346175396,1,103.5707930019207
2024-10-25,Home,Coffee Maker,75,0.07183622966712071,2,139.2245655499319
2024-10-25,Home,LED Lamp,32,0.10213491366337707,3,86.1950482883158
2024-10-25,Fashion,Hoodie,38,0.0,6,228.0
2024-10-25,Fashion,Sneakers,72,0.03761498134123842,2,138.58344268686167
2024-10-25,Fashion,Backpack,45,0.053509920813551416,3,127.77616069017056
2024-10-25,Beauty,Face Serum,28,0.007905175070281309,5,138.89327549016062
2024-10-25,Beauty,Hair Dryer,55,0.05032370245746427,3,156.6965890945184
2024-10-25,Beauty,Perfume,60,0.032094341463047404,6,348.44603707330293
2024-10-26,Electronics,Wireless Headphones,65,0.049918433868716076,1,61.75530179853345
2024-10-26,Electronics,Smart Watch,85,0.0,2,170.0
2024-10-26,Electronics,Bluetooth Speaker,48,0.014773923811619905,7,331.0359615992957
2024-10-26,Home,Air Fryer,110,0.04877015981355114,4,418.5411296820375
2024-10-26,Home,Coffee Maker,75,0.09497295808238213,2,135.75405628764267
2024-10-26,Home,LED Lamp,32,0.04245278458962525,3,91.92453267939598
2024-10-26,Fashion,Hoodie,38,0.052012684052087726,4,144.09407202408266
2024-10-26,Fashion,Sneakers,72,0.025662778793870685,5,350.76139963420655
2024-10-26,Fashion,Backpack,45,0.07374473495233336,8,333.45189541716
2024-10-26,Beauty,Face Serum,28,0.06612224329544904,5,130.74288593863713
2024-10-26,Beauty,Hair Dryer,55,0.051815530821783,1,52.15014580480193
2024-10-26,Beauty,Perfume,60,0.05571788147029209,7,396.5984897824773
2024-10-27,Electronics,Wireless Headphones,65,0.019942693400743124,7,445.92607450266183
2024-10-27,Electronics,Smart Watch,85,0.035330773939834414,6,491.9813052906845
2024-10-27,Electronics,Bluetooth Speaker,48,0.0737220297092884,4,177.84537029581662
2024-10-27,Home,Air Fryer,110,0.03871495188458965,4,422.9654211707806
2024-10-27,Home,Coffee Maker,75,0.07481620934055906,1,69.38878429945807
2024-10-27,Home,LED Lamp,32,0.024292051609001532,6,187.3359260910717
2024-10-27,Fashion,Hoodie,38,0.016456917425141264,11,411.121008516291
2024-10-27,Fashion,Sneakers,72,0.04813165279518731,6,411.2071259924791
2024-10-27,Fashion,Backpack,45,0.049319431450641736,5,213.9031279236056
2024-10-27,Beauty,Face Serum,28,0.01598504748177703,6,165.31451202306147
2024-10-27,Beauty,Hair Dryer,55,0.04799675911963249,2,104.72035649684042
2024-10-27,Beauty,Perfume,60,0.019624345906724534,5,294.1126962279826
2024-10-28,Electronics,Wireless Headphones,65,0.06372801037721584,5,304.28839662740484
2024-10-28,Electronics,Smart Watch,85,0.08026691405630064,4,312.70924922085777
2024-10-28,Electronics,Bluetooth Speaker,48,0.07816673349781175,7,309.73597754473525
2024-10-28,Home,Air Fryer,110,0.0693340433047996,5,511.8662761823602
2024-10-28,Home,Coffee Maker,75,0.07983946202343079,4,276.04816139297077
2024-10-28,Home,LED Lamp,32,0.035244771345420284,8,246.97733853557241
2024-10-28,Fashion,Hoodie,38,0.05382380518253044,7,251.6828678214469
2024-10-28,Fashion,Sneakers,72,0.0824714630280079,3,198.1861639859503
2024-10-28,Fashion,Backpack,45,0.07231744994790214,8,333.96571801875524
2024-10-28,Beauty,Face Serum,28,0.035324798184473205,3,81.03271695250425
2024-10-28,Beauty,Hair Dryer,55,0.073367809195967,5,254.8238524711091
2024-10-28,Beauty,Perfume,60,0.07883966126582181,7,386.88734226835487
2024-10-29,Electronics,Wireless Headphones,65,0.01119969153594387,7,449.90414035114554
2024-10-29,Electronics,Smart Watch,85,0.04196830090795839,2,162.8653888456471
2024-10-29,Electronics,Bluetooth Speaker,48,0.0592380737358633,7,316.09600722474994
2024-10-29,Home,Air Fryer,110,0.0,2,220.0
2024-10-29,Home,Coffee Maker,75,0.087925911892572,7,478.83889625639966
2024-10-29,Home,LED Lamp,32,0.04176385346641483,4,122.6542267562989
2024-10-29,Fashion,Hoodie,38,0.0,8,304.0
2024-10-29,Fashion,Sneakers,72,0.038032613506608665,4,277.0466073100967
2024-10-29,Fashion,Backpack,45,0.06433945236136351,8,336.83779714990914
2024-10-29,Beauty,Face Serum,28,0.05004276567111061,4,106.39521024483561
2024-10-29,Beauty,Hair Dryer,55,0.023081426629571047,2,107.46104307074718
2024-10-29,Beauty,Perfume,60,0.061269676159129385,9,506.9143748740701
2024-10-30,Electronics,Wireless Headphones,65,0.012654577119237141,6,385.06471492349755
2024-10-30,Electronics,Smart Watch,85,0.03972517922404659,4,326.49343906382416
2024-10-30,Electronics,Bluetooth Speaker,48,0.02745286439884837,3,140.04678752656582
2024-10-30,Home,Air Fryer,110,0.11228889924895691,2,195.29644216522948
2024-10-30,Home,Coffee Maker,75,0.08774760187621443,8,547.3514388742714
2024-10-30,Home,LED Lamp,32,0.0933794084010785,3,87.03557679349646
2024-10-30,Fashion,Hoodie,38,0.03259533115878577,7,257.32964191176296
2024-10-30,Fashion,Sneakers,72,0.04298130580211306,4,275.62138392899146
2024-10-30,Fashion,Backpack,45,0.04341041483906538,9,387.4187819901785
2024-10-30,Beauty,Face Serum,28,0.07917729087688988,5,128.9151792772354
2024-10-30,Beauty,Hair Dryer,55,0.05171284110963398,6,312.9347624338208
2024-10-30,Beauty,Perfume,60,0.03161586178084234,8,464.8243863451957
2024-10-31,Electronics,Wireless Headphones,65,0.05857063237722877,6,367.15745337288075
2024-10-31,Electronics,Smart Watch,85,0.02657654223566887,7,579.186957369777
2024-10-31,Electronics,Bluetooth Speaker,48,0.06633395019676268,7,313.71179273388776
2024-10-31,Home,Air Fryer,110,0.08259510304893197,2,201.82907732923496
2024-10-31,Home,Coffee Maker,75,0.06088196393324048,1,70.43385270500696
2024-10-31,Home,LED Lamp,32,0.03389646393927297,6,185.4918789236596
2024-10-31,Fashion,Hoodie,38,0.11371420206068715,8,269.4308825735511
2024-10-31,Fashion,Sneakers,72,0.027458195665782253,4,280.09203964825474
2024-10-31,Fashion,Backpack,45,0.09880161175843499,1,40.55392747087043
2024-10-31,Beauty,Face Serum,28,0.09173084876285408,5,127.15768117320043
2024-10-31,Beauty,Hair Dryer,55,0.06026171226237174,3,155.05681747670866
2024-10-31,Beauty,Perfume,60,0.029588046312322508,4,232.89886888504262
2024-11-01,Electronics,Wireless Headphones,65,0.09712291348070246,7,410.80907436628036
2024-11-01,Electronics,Smart Watch,85,0.05731958784180375,7,560.8948452341267
2024-11-01,Electronics,Bluetooth Speaker,48,0.03800137294109,5,230.8796704941384
2024-11-01,Home,Air Fryer,110,0.025234551520738772,2,214.44839866543748
2024-11-01,Home,Coffee Maker,75,0.05341476643458694,5,354.9694625870299
2024-11-01,Home,LED Lamp,32,0.06559649381032875,6,179.4054731884169
2024-11-01,Fashion,Hoodie,38,0.06303195907271508,5,178.02392777618414
2024-11-01,Fashion,Sneakers,72,0.03477323607919952,7,486.47428901608345
2024-11-01,Fashion,Backpack,45,0.037348429232307925,3,129.95796205363843
2024-11-01,Beauty,Face Serum,28,0.09884509961435159,3,75.69701163239446
2024-11-01,Beauty,Hair Dryer,55,0.0,3,165.0
2024-11-01,Beauty,Perfume,60,0.045101809578430664,6,343.763348551765
2024-11-02,Electronics,Wireless Headphones,65,0.041186244854380764,7,436.2602585912568
2024-11-02,Electronics,Smart Watch,85,0.03996510225350822,7,571.2207641591626
2024-11-02,Electronics,Bluetooth Speaker,48,0.02582293674538258,2,93.52099807244326
2024-11-02,Home,Air Fryer,110,0.032327708382700576,4,425.77580831161174
2024-11-02,Home,Coffee Maker,75,0.06492039745655344,7,490.9167913353094
2024-11-02,Home,LED Lamp,32,0.08965362128067568,7,203.91758883312866
2024-11-02,Fashion,Hoodie,38,0.043387456324718375,5,181.7563832983035
2024-11-02,Fashion,Sneakers,72,0.048983025474350496,3,205.41966649754028
2024-11-02,Fashion,Backpack,45,0.033318326639823925,4,174.00270120483168
2024-11-02,Beauty,Face Serum,28,0.04777718733247041,5,133.31119377345414
2024-11-02,Beauty,Hair Dryer,55,0.05668785447488957,1,51.88216800388108
2024-11-02,Beauty,Perfume,60,0.04243185328793922,1,57.454088802723646
2024-11-03,Electronics,Wireless Headphones,65,0.07615152408270727,6,360.30090560774414
2024-11-03,Electronics,Smart Watch,85,0.01757509794238321,6,501.03670004938454
2024-11-03,Electronics,Bluetooth Speaker,48,0.03661464553041031,8,369.93997611632244
2024-11-03,Home,Air Fryer,110,0.041660854847568006,2,210.83461193353503
2024-11-03,Home,Coffee Maker,75,0.027073228988755978,3,218.9085234775299
2024-11-03,Home,LED Lamp,32,0.04423833189450084,5,152.92186689687986
2024-11-03,Fashion,Hoodie,38,0.020609757005086573,6,223.30097540284027
2024-11-03,Fashion,Sneakers,72,0.020711122162912467,7,493.5615944298921
2024-11-03,Fashion,Backpack,45,0.005534066365622779,10,447.5096701354697
2024-11-03,Beauty,Face Serum,28,0.03289181412913125,7,189.55320443069027
2024-11-03,Beauty,Hair Dryer,55,0.0,3,165.0
2024-11-03,Beauty,Perfume,60,0.026713222189809767,9,525.5748600175027
2024-11-04,Electronics,Wireless Headphones,65,0.07690851230048577,0,0.0
2024-11-04,Electronics,Smart Watch,85,0.02915353004190458,4,330.08779978575245
2024-11-04,Electronics,Bluetooth Speaker,48,0.04207971123981607,6,275.881043162933
2024-11-04,Home,Air Fryer,110,0.04001782165941498,5,527.9901980873217
2024-11-04,Home,Coffee Maker,75,0.06277653618312332,3,210.87527935879726
2024-11-04,Home,LED Lamp,32,0.045151768542571996,2,61.110286813275394
2024-11-04,Fashion,Hoodie,38,0.06667846580640675,8,283.7297463948523
2024-11-04,Fashion,Sneakers,72,0.024526328372510495,7,491.6387305002547
2024-11-04,Fashion,Backpack,45,0.06067036252079419,9,380.42850317907835
2024-11-04,Beauty,Face Serum,28,0.05033181316878225,7,186.13496461891867
2024-11-04,Beauty,Hair Dryer,55,0.04837125506786001,1,52.3395809712677
2024-11-04,Beauty,Perfume,60,0.03167425200641659,6,348.59726927769003
2024-11-05,Electronics,Wireless Headphones,65,0.0701323353952274,5,302.2069909965511
2024-11-05,Electronics,Smart Watch,85,0.054936259858237635,5,401.652089560249
2024-11-05,Electronics,Bluetooth Speaker,48,0.0725854041279968,4,178.06360240742464
2024-11-05,Home,Air Fryer,110,0.08908516598458047,5,501.0031587084807
2024-11-05,Home,Coffee Maker,75,0.02550495301532496,4,292.3485140954025
2024-11-05,Home,LED Lamp,32,0.044833600360350355,2,61.13064957693758
2024-11-05,Fashion,Hoodie,38,0.051502056446485145,5,180.21460927516782
2024-11-05,Fashion,Sneakers,72,0.07967939411092037,6,397.57850174408236
2024-11-05,Fashion,Backpack,45,0.05799196581912109,3,127.17108461441865
2024-11-05,Beauty,Face Serum,28,0.03274058617682382,6,162.4995815222936
2024-11-05,Beauty,Hair Dryer,55,0.057921310322121194,4,207.25731172913333
2024-11-05,Beauty,Perfume,60,0.03652473727811252,5,289.0425788165662
2024-11-06,Electronics,Wireless Headphones,65,0.01049501057877951,2,128.63564862475866
2024-11-06,Electronics,Smart Watch,85,0.0,6,510.0
2024-11-06,Electronics,Bluetooth Speaker,48,0.06926833372146424,1,44.67511998136972
2024-11-06,Home,Air Fryer,110,0.02002926480636882,6,646.7806852277965
2024-11-06,Home,Coffee Maker,75,0.04094359310730471,3,215.78769155085644
2024-11-06,Home,LED Lamp,32,0.07845484905249694,8,235.91555864256077
2024-11-06,Fashion,Hoodie,38,0.05963595677149744,5,178.66916821341547
2024-11-06,Fashion,Sneakers,72,0.05522916267211286,4,272.0940011504315
2024-11-06,Fashion,Backpack,45,0.04722949566261578,7,300.122708866276
2024-11-06,Beauty,Face Serum,28,0.05649921552772654,8,211.34417572178927
2024-11-06,Beauty,Hair Dryer,55,0.05792243038525492,1,51.81426632881098
2024-11-06,Beauty,Perfume,60,0.04917521954969562,5,285.24743413509134
2024-11-07,Electronics,Wireless Headphones,65,0.05965117230413478,3,183.36802140069372
2024-11-07,Electronics,Smart Watch,85,0.04544265925294655,2,162.27474792699908
2024-11-07,Electronics,Bluetooth Speaker,48,0.044185283834080116,3,137.63731912789245
2024-11-07,Home,Air Fryer,110,0.07054895742727904,5,511.1980734149965
2024-11-07,Home,Coffee Maker,75,0.021894568562137937,1,73.35790735783966
2024-11-07,Home,LED Lamp,32,0.008359057416299609,3,95.19753048803524
2024-11-07,Fashion,Hoodie,38,0.04407816105931655,9,326.92526891771377
2024-11-07,Fashion,Sneakers,72,0.03052071728527378,7,488.617558488222
2024-11-07,Fashion,Backpack,45,0.07674892913021897,2,83.09259637828029
2024-11-07,Beauty,Face Serum,28,0.0555720150967387,7,185.10788504103922
2024-11-07,Beauty,Hair Dryer,55,0.07284964927368853,5,254.96634644973565
2024-11-07,Beauty,Perfume,60,0.0638806453327064,5,280.83580640018806
2024-11-08,Electronics,Wireless Headphones,65,0.03577805852083937,8,501.3954095691635
2024-11-08,Electronics,Smart Watch,85,0.04065987268522165,9,733.8951973958054
2024-11-08,Electronics,Bluetooth Speaker,48,0.02995916605855848,5,232.80980014594596
2024-11-08,Home,Air Fryer,110,0.05280182590125641,3,312.5753974525854
2024-11-08,Home,Coffee Maker,75,0.04687965039168107,2,142.96805244124783
2024-11-08,Home,LED Lamp,32,0.08217882453129838,4,117.4811104599938
2024-11-08,Fashion,Hoodie,38,0.04641496939504713,8,289.8898493039057
2024-11-08,Fashion,Sneakers,72,0.03344990279555188,5,347.9580349936013
2024-11-08,Fashion,Backpack,45,0.03470120742251311,6,260.6306739959214
2024-11-08,Beauty,Face Serum,28,0.030273711122421453,5,135.76168044286098
2024-11-08,Beauty,Hair Dryer,55,0.021048051787093732,7,376.89650006196894
2024-11-08,Beauty,Perfume,60,0.06126426032811605,5,281.62072190156516
2024-11-09,Electronics,Wireless Headphones,65,0.03647348536162055,9,563.663011063452
2024-11-09,Electronics,Smart Watch,85,0.0035277964157776967,1,84.7001373046589
2024-11-09,Electronics,Bluetooth Speaker,48,0.036424866394132706,5,231.25803206540814
2024-11-09,Home,Air Fryer,110,0.08219033633515407,6,605.7543780187983
2024-11-09,Home,Coffee Maker,75,0.06448290375687152,2,140.3275644364693
2024-11-09,Home,LED Lamp,32,0.06494098601401774,4,119.68755379020573
2024-11-09,Fashion,Hoodie,38,0.08166331205980124,5,174.48397070863777
2024-11-09,Fashion,Sneakers,72,0.05586396781506348,8,543.8223545385234
2024-11-09,Fashion,Backpack,45,0.04860805243366232,10,428.12637640485195
2024-11-09,Beauty,Face Serum,28,0.030630654255236357,9,244.28107512768042
2024-11-09,Beauty,Hair Dryer,55,0.0,5,275.0
2024-11-09,Beauty,Perfume,60,0.0272403322540218,4,233.46232025903478
2024-11-10,Electronics,Wireless Headphones,65,0.06768460600023814,3,181.80150182995357
2024-11-10,Electronics,Smart Watch,85,0.002229494210903467,3,254.4314789762196
2024-11-10,Electronics,Bluetooth Speaker,48,0.06930099927840742,4,178.69420813854578
2024-11-10,Home,Air Fryer,110,0.08070159758135181,4,404.4912970642052
2024-11-10,Home,Coffee Maker,75,0.0749543070710299,0,0.0
2024-11-10,Home,LED Lamp,32,0.05135576169535752,6,182.13969375449136
2024-11-10,Fashion,Hoodie,38,0.08011279133287383,8,279.64571143480634
2024-11-10,Fashion,Sneakers,72,0.06135295670565587,5,337.9129355859639
2024-11-10,Fashion,Backpack,45,0.01606360705841106,2,88.554275364743
2024-11-10,Beauty,Face Serum,28,0.0391527077777526,11,295.9409660044522
2024-11-10,Beauty,Hair Dryer,55,0.059873768549743286,4,206.8277709190565
2024-11-10,Beauty,Perfume,60,0.04521435733968157,5,286.43569279809554
2024-11-11,Electronics,Wireless Headphones,65,0.07742348876252608,7,419.77231261305064
2024-11-11,Electronics,Smart Watch,85,0.0851755025318013,3,233.28024685439067
2024-11-11,Electronics,Bluetooth Speaker,48,0.04261518883097358,3,137.8634128083398
2024-11-11,Home,Air Fryer,110,0.05260181228312769,3,312.6414019465679
2024-11-11,Home,Coffee Maker,75,0.05300258057680947,3,213.07441937021787
2024-11-11,Home,LED Lamp,32,0.07782453643496204,6,177.0576890044873
2024-11-11,Fashion,Hoodie,38,0.053772327937249294,7,251.69656076869168
2024-11-11,Fashion,Sneakers,72,0.06976204712755224,2,133.95426521363248
2024-11-11,Fashion,Backpack,45,0.09443237906978204,3,122.25162882557942
2024-11-11,Beauty,Face Serum,28,0.05244646216427701,6,159.18899435640145
2024-11-11,Beauty,Hair Dryer,55,0.08600872385831748,3,150.80856056337763
2024-11-11,Beauty,Perfume,60,0.014953963544564068,3,177.30828656197846
2024-11-12,Electronics,Wireless Headphones,65,0.03232864367188588,4,251.59455264530965
2024-11-12,Electronics,Smart Watch,85,0.05175159731660079,2,161.20222845617786
2024-11-12,Electronics,Bluetooth Speaker,48,0.07022413995157128,4,178.5169651292983
2024-11-12,Home,Air Fryer,110,0.06007117785270573,1,103.39217043620236
2024-11-12,Home,Coffee Maker,75,0.027132002575725754,5,364.82549903410285
2024-11-12,Home,LED Lamp,32,0.07440499655716634,3,88.85712033051203
2024-11-12,Fashion,Hoodie,38,0.06073870054066452,13,463.9950819329117
2024-11-12,Fashion,Sneakers,72,0.019788637994306885,4,282.30087225763964
2024-11-12,Fashion,Backpack,45,0.08167849723692294,5,206.62233812169234
2024-11-12,Beauty,Face Serum,28,0.06217294365738528,5,131.29578788796607
2024-11-12,Beauty,Hair Dryer,55,0.027324355623573934,5,267.48580220351715
2024-11-12,Beauty,Perfume,60,0.03878513874310198,4,230.69156670165552
2024-11-13,Electronics,Wireless Headphones,65,0.03656519278411888,5,313.11631234516136
2024-11-13,Electronics,Smart Watch,85,0.0993959595849201,6,459.30806061169073
2024-11-13,Electronics,Bluetooth Speaker,48,0.028460346455413787,4,186.53561348056053
2024-11-13,Home,Air Fryer,110,0.046431659172962166,3,314.67755247292246
2024-11-13,Home,Coffee Maker,75,0.03749773334841104,3,216.56300999660752
2024-11-13,Home,LED Lamp,32,0.061628176851448946,6,180.1673900445218
2024-11-13,Fashion,Hoodie,38,0.05925202532288619,4,142.9936921509213
2024-11-13,Fashion,Sneakers,72,0.022806149025503333,8,562.86365816131
2024-11-13,Fashion,Backpack,45,0.025266274345924173,8,350.9041412354673
2024-11-13,Beauty,Face Serum,28,0.0821541221611514,3,77.09905373846328
2024-11-13,Beauty,Hair Dryer,55,0.025056883025986403,7,375.35310003499524
2024-11-13,Beauty,Perfume,60,0.03233310537348999,6,348.3600820655436
2024-11-14,Electronics,Wireless Headphones,65,0.09447518409908874,2,117.71822606711847
2024-11-14,Electronics,Smart Watch,85,0.05341945405330896,7,563.2154248382811
2024-11-14,Electronics,Bluetooth Speaker,48,0.06730755639943282,4,179.07694917130888
2024-11-14,Home,Air Fryer,110,0.07281606162012132,4,407.9609328871466
2024-11-14,Home,Coffee Maker,75,0.03741417468723612,5,360.9696844922865
2024-11-14,Home,LED Lamp,32,0.07193707619039731,2,59.39602712381457
2024-11-14,Fashion,Hoodie,38,0.02424045452245139,11,407.8674900096153
2024-11-14,Fashion,Sneakers,72,0.0841133122853136,6,395.66304909274453
2024-11-14,Fashion,Backpack,45,0.02284750129340507,10,439.7186244179677
2024-11-14,Beauty,Face Serum,28,0.08575217171826001,3,76.79681757566615
2024-11-14,Beauty,Hair Dryer,55,0.05404980659827034,7,364.1908244596659
2024-11-14,Beauty,Perfume,60,0.02523129495437983,6,350.9167338164233
2024-11-15,Electronics,Wireless Headphones,65,0.013797002270274049,6,384.61916911459315
2024-11-15,Electronics,Smart Watch,85,0.07485904096177542,6,471.8218891094945
2024-11-15,Electronics,Bluetooth Speaker,48,0.003207228006418879,3,143.53815916707566
2024-11-15,Home,Air Fryer,110,0.04479622721646497,3,315.2172450185666
2024-11-15,Home,Coffee Maker,75,0.04965234540021779,8,570.2085927598694
2024-11-15,Home,LED Lamp,32,0.06429470077809793,3,89.8277087253026
2024-11-15,Fashion,Hoodie,38,0.06249752090354353,4,142.5003768226614
2024-11-15,Fashion,Sneakers,72,0.07028557366025928,5,334.69719348230666
2024-11-15,Fashion,Backpack,45,0.020865490913507825,2,88.12210581778429
2024-11-15,Beauty,Face Serum,28,0.014953194534309648,7,193.0691738712753
2024-11-15,Beauty,Hair Dryer,55,0.051530736191215815,2,104.33161901896625
2024-11-15,Beauty,Perfume,60,0.056194699994754946,4,226.51327200125883
2024-11-16,Electronics,Wireless Headphones,65,0.05788579818098377,1,61.23742311823606
2024-11-16,Electronics,Smart Watch,85,0.08955671428173344,5,386.9383964302633
2024-11-16,Electronics,Bluetooth Speaker,48,0.04334945006931055,5,229.59613198336547
2024-11-16,Home,Air Fryer,110,0.044622795713140276,7,735.640447300882
2024-11-16,Home,Coffee Maker,75,0.05555520935061198,4,283.3334371948164
2024-11-16,Home,LED Lamp,32,0.031748425101790934,9,278.8564535706842
2024-11-16,Fashion,Hoodie,38,0.031742652959461146,11,404.73157106294525
2024-11-16,Fashion,Sneakers,72,0.02307158573882841,9,633.0496124412392
2024-11-16,Fashion,Backpack,45,0.06653889358529208,7,294.040248520633
2024-11-16,Beauty,Face Serum,28,0.05326771045070222,12,318.10204928856405
2024-11-16,Beauty,Hair Dryer,55,0.08678947321861474,2,100.45315794595238
2024-11-16,Beauty,Perfume,60,0.04158333559395827,2,115.009999728725
2024-11-17,Electronics,Wireless Headphones,65,0.06548308557034094,9,546.6923949413505
2024-11-17,Electronics,Smart Watch,85,0.010690317881206078,6,504.54793788058487
2024-11-17,Electronics,Bluetooth Speaker,48,0.044036345342222144,3,137.65876627072
2024-11-17,Home,Air Fryer,110,0.05491793084895568,4,415.83611042645947
2024-11-17,Home,Coffee Maker,75,0.00985223273272752,4,297.04433018018176
2024-11-17,Home,LED Lamp,32,0.04871412125333211,7,213.08803683925362
2024-11-17,Fashion,Hoodie,38,0.05638257229372649,9,322.71716027554555
2024-11-17,Fashion,Sneakers,72,0.06232935031322125,6,405.0737206646884
2024-11-17,Fashion,Backpack,45,0.06167548922869237,8,337.79682387767076
2024-11-17,Beauty,Face Serum,28,0.05630498390706208,7,184.96422315421583
2024-11-17,Beauty,Hair Dryer,55,0.020840370054653515,3,161.56133894098215
2024-11-17,Beauty,Perfume,60,0.025749456973404545,6,350.7301954895743
2024-11-18,Electronics,Wireless Headphones,65,0.03794931602467945,5,312.6664722919792
2024-11-18,Electronics,Smart Watch,85,0.08250986814728024,7,545.9066284523683
2024-11-18,Electronics,Bluetooth Speaker,48,0.004211088022961593,6,286.7872066493871
2024-11-18,Home,Air Fryer,110,0.06824412877499283,4,409.97258333900317
2024-11-18,Home,Coffee Maker,75,0.04878759282094526,1,71.3409305384291
2024-11-18,Home,LED Lamp,32,0.03482861831306858,6,185.3129052838908
2024-11-18,Fashion,Hoodie,38,0.047444456098620455,8,289.57688534601937
2024-11-18,Fashion,Sneakers,72,0.08342999419479312,2,131.9860808359498
2024-11-18,Fashion,Backpack,45,0.08251430340797186,2,82.57371269328253
2024-11-18,Beauty,Face Serum,28,0.056704819163377,2,52.82453012685089
2024-11-18,Beauty,Hair Dryer,55,0.035888588579136335,4,212.10451051259
2024-11-18,Beauty,Perfume,60,0.10300891835810283,5,269.09732449256916
2024-11-19,Electronics,Wireless Headphones,65,0.03863854818868506,7,437.4194605741483
2024-11-19,Electronics,Smart Watch,85,0.07573770694616332,5,392.8114745478806
2024-11-19,Electronics,Bluetooth Speaker,48,0.04581913313301326,11,503.80749770576904
2024-11-19,Home,Air Fryer,110,0.06525353436346581,3,308.4663336600563
2024-11-19,Home,Coffee Maker,75,0.06861723754597894,5,349.2685359202579
2024-11-19,Home,LED Lamp,32,0.004590966192160609,7,222.97162357295602
2024-11-19,Fashion,Hoodie,38,0.06964205156726738,10,353.53602040443843
2024-11-19,Fashion,Sneakers,72,0.02622527342200694,5,350.5589015680775
2024-11-19,Fashion,Backpack,45,0.05304449658285775,4,170.4519906150856
2024-11-19,Beauty,Face Serum,28,0.023397606832584586,3,82.03460102606289
2024-11-19,Beauty,Hair Dryer,55,0.051747250311612675,4,208.6156049314452
2024-11-19,Beauty,Perfume,60,0.06716982302950593,5,279.8490530911482
2024-11-20,Electronics,Wireless Headphones,65,0.08293889873542533,5,298.04485791098676
2024-11-20,Electronics,Smart Watch,85,0.07378140438270273,3,236.1857418824108
2024-11-20,Electronics,Bluetooth Speaker,48,0.04833951344427411,6,274.07822012804905
2024-11-20,Home,Air Fryer,110,0.06894284578068113,6,614.4977217847505
2024-11-20,Home,Coffee Maker,75,0.11711942610934428,7,463.51230129259426
2024-11-20,Home,LED Lamp,32,0.0946335607859618,5,144.8586302742461
2024-11-20,Fashion,Hoodie,38,0.08048684022517513,8,279.53200057154675
2024-11-20,Fashion,Sneakers,72,0.04160012729400257,10,690.0479083483182
2024-11-20,Fashion,Backpack,45,0.09688783519241245,6,243.84028449804862
2024-11-20,Beauty,Face Serum,28,0.10069660384562903,8,201.44396073857908
2024-11-20,Beauty,Hair Dryer,55,0.10154079425305836,3,148.24576894824537
2024-11-20,Beauty,Perfume,60,0.08634699727654652,9,493.3726214706649
2024-11-21,Electronics,Wireless Headphones,65,0.0852130540376219,5,297.30575743777285
2024-11-21,Electronics,Smart Watch,85,0.08267504319802334,9,701.7535919535121
2024-11-21,Electronics,Bluetooth Speaker,48,0.0555049626894306,2,90.67152358181465
2024-11-21,Home,Air Fryer,110,0.03966237084091778,10,1056.3713920749904
2024-11-21,Home,Coffee Maker,75,0.0861715844950995,4,274.14852465147015
2024-11-21,Home,LED Lamp,32,0.08014270659582719,4,117.74173355573411
2024-11-21,Fashion,Hoodie,38,0.0761881579072035,11,386.153349994789
2024-11-21,Fashion,Sneakers,72,0.08843345579821915,6,393.79674709516934
2024-11-21,Fashion,Backpack,45,0.06457717306518736,10,420.94027212066567
2024-11-21,Beauty,Face Serum,28,0.0848767760461628,7,179.36415189495207
2024-11-21,Beauty,Hair Dryer,55,0.05376545106265006,1,52.042900191554246
2024-11-21,Beauty,Perfume,60,0.07818122835939283,4,221.23650519374573
2024-11-22,Electronics,Wireless Headphones,65,0.07068964980160633,12,724.8620731547471
2024-11-22,Electronics,Smart Watch,85,0.05641119164345307,6,481.23029226183894
2024-11-22,Electronics,Bluetooth Speaker,48,0.0782634973381048,9,398.19016914993875
2024-11-22,Home,Air Fryer,110,0.037415666482364475,4,423.5371067477596
2024-11-22,Home,Coffee Maker,75,0.1032242603313681,4,269.0327219005896
2024-11-22,Home,LED Lamp,32,0.08642003004977332,8,233.87647230725804
2024-11-22,Fashion,Hoodie,38,0.12501652329873164,11,365.7430932611301
2024-11-22,Fashion,Sneakers,72,0.12100797676266778,7,443.0119797116155
2024-11-22,Fashion,Backpack,45,0.08659824868963482,4,164.41231523586572
2024-11-22,Beauty,Face Serum,28,0.05340650223634484,7,185.53232556167643
2024-11-22,Beauty,Hair Dryer,55,0.07588430830073693,5,254.13181521729734
2024-11-22,Beauty,Perfume,60,0.11023843456648975,4,213.54277570404247
2024-11-23,Electronics,Wireless Headphones,65,0.10333973528423707,11,641.1120892717704
2024-11-23,Electronics,Smart Watch,85,0.04839131811962378,10,808.8673795983198
2024-11-23,Electronics,Bluetooth Speaker,48,0.08638835522939484,10,438.5335894898905
2024-11-23,Home,Air Fryer,110,0.09797773287492065,8,793.7795950700698
2024-11-23,Home,Coffee Maker,75,0.08283267775038186,4,275.1501966748855
2024-11-23,Home,LED Lamp,32,0.05337942414088224,9,272.6267258474259
2024-11-23,Fashion,Hoodie,38,0.055834409681535815,5,179.39146216050818
2024-11-23,Fashion,Sneakers,72,0.09053868409759398,6,392.8872884698394
2024-11-23,Fashion,Backpack,45,0.09775037972175055,9,365.41109621269106
2024-11-23,Beauty,Face Serum,28,0.05244238664766347,7,185.72129221705796
2024-11-23,Beauty,Hair Dryer,55,0.03549790101765517,5,265.2380772201448
2024-11-23,Beauty,Perfume,60,0.06165273656548724,8,450.4066864485661
2024-11-24,Electronics,Wireless Headphones,65,0.08098810188983001,8,477.8861870172884
2024-11-24,Electronics,Smart Watch,85,0.06248204302481075,7,557.8231844002376
2024-11-24,Electronics,Bluetooth Speaker,48,0.07449185195620017,8,355.3951288488191
2024-11-24,Home,Air Fryer,110,0.06056564872446228,10,1033.3777864030915
2024-11-24,Home,Coffee Maker,75,0.12581595700277623,2,131.12760644958357
2024-11-24,Home,LED Lamp,32,0.07264652224504249,4,118.70124515263456
2024-11-24,Fashion,Hoodie,38,0.1292044730434722,6,198.54138014608833
2024-11-24,Fashion,Sneakers,72,0.10576424994115546,3,193.15492201271041
2024-11-24,Fashion,Backpack,45,0.0581591739658321,16,678.1253947446008
2024-11-24,Beauty,Face Serum,28,0.072493940147031,10,259.7016967588313
2024-11-24,Beauty,Hair Dryer,55,0.09206237418160174,4,199.7462776800476
2024-11-24,Beauty,Perfume,60,0.06575698493070467,9,504.49122813741945
2024-11-25,Electronics,Wireless Headphones,65,0.09087170616361112,6,354.5600345961917
2024-11-25,Electronics,Smart Watch,85,0.05208062724959489,5,402.8657334189222
2024-11-25,Electronics,Bluetooth Speaker,48,0.09619218123574483,8,347.062202405474
2024-11-25,Home,Air Fryer,110,0.052802315078978874,3,312.57523602393695
2024-11-25,Home,Coffee Maker,75,0.06498856559574126,6,420.75514548191643
2024-11-25,Home,LED Lamp,32,0.07896654297374671,5,147.3653531242005
2024-11-25,Fashion,Hoodie,38,0.10248289097232004,5,170.5282507152592
2024-11-25,Fashion,Sneakers,72,0.07795310905217663,10,663.8737614824328
2024-11-25,Fashion,Backpack,45,0.1196033311799479,6,237.70710058141407
2024-11-25,Beauty,Face Serum,28,0.1506582686261068,7,166.47097934928308
2024-11-25,Beauty,Hair Dryer,55,0.08328143767418728,4,201.6780837116788
2024-11-25,Beauty,Perfume,60,0.03670111263364158,4,231.19173296792601
2024-11-26,Electronics,Wireless Headphones,65,0.06586177431040288,4,242.87593867929525
2024-11-26,Electronics,Smart Watch,85,0.08413616134892109,8,622.7874102827336
2024-11-26,Electronics,Bluetooth Speaker,48,0.07244688752227808,8,356.1803951914452
2024-11-26,Home,Air Fryer,110,0.08895860004920765,9,901.9309859512845
2024-11-26,Home,Coffee Maker,75,0.0811060518599878,4,275.6681844420037
2024-11-26,Home,LED Lamp,32,0.0856046059759833,4,117.04261043507414
2024-11-26,Fashion,Hoodie,38,0.10548480948023511,6,203.9494634385064
2024-11-26,Fashion,Sneakers,72,0.0653038890884441,7,471.0868398994242
2024-11-26,Fashion,Backpack,45,0.07955797689646264,13,538.4585835155693
2024-11-26,Beauty,Face Serum,28,0.08688614082288405,8,204.53750445567397
2024-11-26,Beauty,Hair Dryer,55,0.05175532042341802,4,208.61382950684805
2024-11-26,Beauty,Perfume,60,0.02372501642363512,9,527.188491131237
2024-11-27,Electronics,Wireless Headphones,65,0.06745480235024301,2,121.23087569446841
2024-11-27,Electronics,Smart Watch,85,0.05182965350049111,5,402.9723972622913
2024-11-27,Electronics,Bluetooth Speaker,48,0.07461824083719976,8,355.3465955185153
2024-11-27,Home,Air Fryer,110,0.0628887247603778,7,721.5756819345091
2024-11-27,Home,Coffee Maker,75,0.10228969474101046,6,403.96963736654527
2024-11-27,Home,LED Lamp,32,0.11531942721373215,4,113.23911331664229
2024-11-27,Fashion,Hoodie,38,0.11782212010020746,13,435.79587267049754
2024-11-27,Fashion,Sneakers,72,0.08812148142710738,7,459.5867733607379
2024-11-27,Fashion,Backpack,45,0.08120234660435587,11,454.80483843084386
2024-11-27,Beauty,Face Serum,28,0.04899994041933661,7,186.39601167781
2024-11-27,Beauty,Hair Dryer,55,0.10003239521453207,8,395.98574610560587
2024-11-27,Beauty,Perfume,60,0.09529308842257876,11,597.106561641098
2024-11-28,Electronics,Wireless Headphones,65,0.0949132835924152,11,647.1370022314231
2024-11-28,Electronics,Smart Watch,85,0.06269894261253044,6,478.0235392676095
2024-11-28,Electronics,Bluetooth Speaker,48,0.06551474889786289,6,269.1317523174155
2024-11-28,Home,Air Fryer,110,0.0973018487635285,5,496.4839831800593
2024-11-28,Home,Coffee Maker,75,0.08062188098336356,8,551.6268714099818
2024-11-28,Home,LED Lamp,32,0.018878108914170993,6,188.37540308847917
2024-11-28,Fashion,Hoodie,38,0.08110951043539366,3,104.75351581036513
2024-11-28,Fashion,Sneakers,72,0.08120186573778397,9,595.381191001916
2024-11-28,Fashion,Backpack,45,0.04267674215982059,4,172.3181864112323
2024-11-28,Beauty,Face Serum,28,0.02338444889103152,6,164.0714125863067
2024-11-28,Beauty,Hair Dryer,55,0.029164121680856463,5,266.97986653776445
2024-11-28,Beauty,Perfume,60,0.06553560002745623,10,560.6786399835262
2024-11-29,Electronics,Wireless Headphones,65,0.08200759662176607,8,477.35604975668167
2024-11-29,Electronics,Smart Watch,85,0.08083751497855896,9,703.1593010414024
2024-11-29,Electronics,Bluetooth Speaker,48,0.07552750976874152,10,443.74679531100406
2024-11-29,Home,Air Fryer,110,0.09457813114875997,3,298.7892167209092
2024-11-29,Home,Coffee Maker,75,0.09705880952553941,2,135.4411785711691
2024-11-29,Home,LED Lamp,32,0.11949335775095694,9,253.5859129677244
2024-11-29,Fashion,Hoodie,38,0.04734613810313797,13,470.61100777704985
2024-11-29,Fashion,Sneakers,72,0.07822061865920547,7,464.5768081957604
2024-11-29,Fashion,Backpack,45,0.10499208704661292,11,443.0289169119266
2024-11-29,Beauty,Face Serum,28,0.12856626682537914,7,170.8010117022257
2024-11-29,Beauty,Hair Dryer,55,0.06500140651380815,6,308.5495358504433
2024-11-29,Beauty,Perfume,60,0.11199221485801411,7,372.96326975963404
2024-11-30,Electronics,Wireless Headphones,65,0.10032284443285865,11,643.269166230506
2024-11-30,Electronics,Smart Watch,85,0.0741458546580764,13,1023.0688306028255
2024-11-30,Electronics,Bluetooth Speaker,48,0.049324613680458984,8,365.0593483467037
2024-11-30,Home,Air Fryer,110,0.10446868447343798,4,394.0337788316873
2024-11-30,Home,Coffee Maker,75,0.06762870407836698,4,279.7113887764899
2024-11-30,Home,LED Lamp,32,0.06916698396841421,5,148.93328256505373
2024-11-30,Fashion,Hoodie,38,0.06335156661064503,11,391.5190451567504
2024-11-30,Fashion,Sneakers,72,0.044930884529955466,8,550.1198105107457
2024-11-30,Fashion,Backpack,45,0.08207726458749447,9,371.7587078420648
2024-11-30,Beauty,Face Serum,28,0.06775280995050253,9,234.9262918924734
2024-11-30,Beauty,Hair Dryer,55,0.060367878202924205,3,155.0393000965175
2024-11-30,Beauty,Perfume,60,0.10709543292155184,4,214.29709609882755
2024-12-01,Electronics,Wireless Headphones,65,0.049830186258959804,10,617.6103789316761
2024-12-01,Electronics,Smart Watch,85,0.07856240077042016,5,391.61097967257143
2024-12-01,Electronics,Bluetooth Speaker,48,0.06999739600842375,11,491.04137490755227
2024-12-01,Home,Air Fryer,110,0.056952486598762966,5,518.6761323706804
2024-12-01,Home,Coffee Maker,75,0.07577047315739659,8,554.537716105562
2024-12-01,Home,LED Lamp,32,0.11490450220007797,6,169.93833557758504
2024-12-01,Fashion,Hoodie,38,0.0765707968816341,10,350.90309718497906
2024-12-01,Fashion,Sneakers,72,0.10715515476108035,10,642.8482885720222
2024-12-01,Fashion,Backpack,45,0.10224056567752626,7,282.79422181157923
2024-12-01,Beauty,Face Serum,28,0.052024391209753384,6,159.25990227676144
2024-12-01,Beauty,Hair Dryer,55,0.04675193053543022,6,314.571862923308
2024-12-01,Beauty,Perfume,60,0.08454784537433727,10,549.2712927753977
2024-12-02,Electronics,Wireless Headphones,65,0.10400361913438659,8,465.91811805011895
2024-12-02,Electronics,Smart Watch,85,0.06785533818287653,8,633.8583700356439
2024-12-02,Electronics,Bluetooth Speaker,48,0.07876529581820606,8,353.7541264058089
2024-12-02,Home,Air Fryer,110,0.045716778722346134,8,839.7692347243354
2024-12-02,Home,Coffee Maker,75,0.10169817981217477,7,471.60845559860826
2024-12-02,Home,LED Lamp,32,0.1319574035361558,7,194.4415416079011
2024-12-02,Fashion,Hoodie,38,0.0667413503397831,10,354.63828687088244
2024-12-02,Fashion,Sneakers,72,0.07241544823901151,7,467.50261408753823
2024-12-02,Fashion,Backpack,45,0.09168202520082723,5,204.37154432981387
2024-12-02,Beauty,Face Serum,28,0.05918199686799548,7,184.4003286138729
2024-12-02,Beauty,Hair Dryer,55,0.10819324803704458,7,343.3455995057378
2024-12-02,Beauty,Perfume,60,0.09318352180668853,5,272.04494345799344
2024-12-03,Electronics,Wireless Headphones,65,0.03441499363714288,11,690.3932795494429
2024-12-03,Electronics,Smart Watch,85,0.06769325951091255,3,237.7382188247173
2024-12-03,Electronics,Bluetooth Speaker,48,0.05882221570036262,3,135.52960093914777
2024-12-03,Home,Air Fryer,110,0.07756821537466523,1,101.46749630878683
2024-12-03,Home,Coffee Maker,75,0.10565279915394943,3,201.22812019036138
2024-12-03,Home,LED Lamp,32,0.08914206742535918,8,233.17963073910806
2024-12-03,Fashion,Hoodie,38,0.11865614825572239,10,334.9106636628255
2024-12-03,Fashion,Sneakers,72,0.07451903017298812,7,466.442408792814
2024-12-03,Fashion,Backpack,45,0.09693719463132162,5,203.1891312079526
2024-12-03,Beauty,Face Serum,28,0.07786944977374241,6,154.91793243801126
2024-12-03,Beauty,Hair Dryer,55,0.05355320365317094,8,416.4365903926048
2024-12-03,Beauty,Perfume,60,0.14198941290964925,7,360.3644465779473
2024-12-04,Electronics,Wireless Headphones,65,0.08941554389844804,11,651.0678861126096
2024-12-04,Electronics,Smart Watch,85,0.10435587938682266,6,456.7785015127204
2024-12-04,Electronics,Bluetooth Speaker,48,0.07578474445258873,7,310.5363258639302
2024-12-04,Home,Air Fryer,110,0.05472883658236884,6,623.8789678556366
2024-12-04,Home,Coffee Maker,75,0.09858600187411147,3,202.81814957832492
2024-12-04,Home,LED Lamp,32,0.07117665750162076,6,178.33408175968881
2024-12-04,Fashion,Hoodie,38,0.0738379779881924,5,175.97078418224345
2024-12-04,Fashion,Sneakers,72,0.06256808151918537,7,472.4656869143306
2024-12-04,Fashion,Backpack,45,0.05495434641661158,13,552.8517073462822
2024-12-04,Beauty,Face Serum,28,0.06991557806450695,6,156.25418288516283
2024-12-04,Beauty,Hair Dryer,55,0.10209090302129242,7,345.6950023368024
2024-12-04,Beauty,Perfume,60,0.009020928303474618,5,297.2937215089576
2024-12-05,Electronics,Wireless Headphones,65,0.09169914630701385,4,236.1582219601764
2024-12-05,Electronics,Smart Watch,85,0.09960997020528947,9,688.7983727929535
2024-12-05,Electronics,Bluetooth Speaker,48,0.09652507370249534,7,303.56757523596156
2024-12-05,Home,Air Fryer,110,0.050035765900539486,10,1044.9606575094065
2024-12-05,Home,Coffee Maker,75,0.03659251610588392,7,505.78892904441096
2024-12-05,Home,LED Lamp,32,0.1255647798182433,6,167.8915622748973
2024-12-05,Fashion,Hoodie,38,0.07041286705773145,6,211.94586631083723
2024-12-05,Fashion,Sneakers,72,0.05911317392195764,4,270.9754059104762
2024-12-05,Fashion,Backpack,45,0.06191772080151681,5,211.0685128196587
2024-12-05,Beauty,Face Serum,28,0.07914314499261524,13,335.19189522268806
2024-12-05,Beauty,Hair Dryer,55,0.05538322768514316,3,155.8617674319514
2024-12-05,Beauty,Perfume,60,0.10117987184889213,3,161.78762306719943
2024-12-06,Electronics,Wireless Headphones,65,0.07933528275363855,14,837.8048926941889
2024-12-06,Electronics,Smart Watch,85,0.12759182684129894,2,148.30938943697916
2024-12-06,Electronics,Bluetooth Speaker,48,0.10098222289290941,7,302.06997310798243
2024-12-06,Home,Air Fryer,110,0.05542461734934216,3,311.7098762747171
2024-12-06,Home,Coffee Maker,75,0.0960512906973396,4,271.1846127907981
2024-12-06,Home,LED Lamp,32,0.09822264693458135,4,115.42750119237358
2024-12-06,Fashion,Hoodie,38,0.0479195184225683,6,217.07434979965444
2024-12-06,Fashion,Sneakers,72,0.040961587732599385,6,414.3045940995171
2024-12-06,Fashion,Backpack,45,0.06045559851747787,14,591.912972933989
2024-12-06,Beauty,Face Serum,28,0.06334151074127342,8,209.81150159395477
2024-12-06,Beauty,Hair Dryer,55,0.08901774431574325,6,300.62414437580475
2024-12-06,Beauty,Perfume,60,0.07910295178535355,8,442.0305831430303
2024-12-07,Electronics,Wireless Headphones,65,0.12112051539270106,7,399.890165496321
2024-12-07,Electronics,Smart Watch,85,0.12084255869586805,11,822.0122076193634
2024-12-07,Electronics,Bluetooth Speaker,48,0.06996879194954654,6,267.8489879185306
2024-12-07,Home,Air Fryer,110,0.12360528033674176,4,385.6136766518336
2024-12-07,Home,Coffee Maker,75,0.07962205768229935,7,483.19841971679284
2024-12-07,Home,LED Lamp,32,0.058983430887527735,13,391.46289275078846
2024-12-07,Fashion,Hoodie,38,0.09531247526296367,16,550.0500150401181
2024-12-07,Fashion,Sneakers,72,0.11030157685207623,12,768.6994375998062
2024-12-07,Fashion,Backpack,45,0.08478375240453433,10,411.8473114179596
2024-12-07,Beauty,Face Serum,28,0.06330150061585815,6,157.36534789653584
2024-12-07,Beauty,Hair Dryer,55,0.11258775467286655,8,390.46138794393875
2024-12-07,Beauty,Perfume,60,0.07539101874160917,9,499.2888498795311
2024-12-08,Electronics,Wireless Headphones,65,0.03314779946843452,13,816.9901094491729
2024-12-08,Electronics,Smart Watch,85,0.05403472406612163,9,723.6634360894169
2024-12-08,Electronics,Bluetooth Speaker,48,0.09195105095045707,6,261.5180973262684
2024-12-08,Home,Air Fryer,110,0.08605994849760391,7,703.733839656845
2024-12-08,Home,Coffee Maker,75,0.10460791025165839,6,402.9264403867537
2024-12-08,Home,LED Lamp,32,0.09251394642673247,8,232.31642971475648
2024-12-08,Fashion,Hoodie,38,0.09344978821899676,6,206.69344828606873
2024-12-08,Fashion,Sneakers,72,0.08924450081263877,7,459.02077159043006
2024-12-08,Fashion,Backpack,45,0.04795324701065001,11,471.2631427297282
2024-12-08,Beauty,Face Serum,28,0.05038938163363085,7,186.12368119980835
2024-12-08,Beauty,Hair Dryer,55,0.03802087084683405,8,423.27081682739305
2024-12-08,Beauty,Perfume,60,0.11893162145563124,8,422.912821701297
2024-12-09,Electronics,Wireless Headphones,65,0.019201294753177806,7,446.26341088730413
2024-12-09,Electronics,Smart Watch,85,0.07945158488996339,4,312.98646113741245
2024-12-09,Electronics,Bluetooth Speaker,48,0.12654019968566776,5,209.63035207543973
2024-12-09,Home,Air Fryer,110,0.10236591503261874,4,394.95899738564776
2024-12-09,Home,Coffee Maker,75,0.11598420596450228,4,265.2047382106493
2024-12-09,Home,LED Lamp,32,0.049202083710726124,8,243.40426657005412
2024-12-09,Fashion,Hoodie,38,0.06454710740316498,6,213.2832595120784
2024-12-09,Fashion,Sneakers,72,0.06039529245534275,7,473.5607726025072
2024-12-09,Fashion,Backpack,45,0.07615866868271347,10,415.72859909277895
2024-12-09,Beauty,Face Serum,28,0.060677890606066695,5,131.50509531515067
2024-12-09,Beauty,Hair Dryer,55,0.03638956107906978,6,317.991444843907
2024-12-09,Beauty,Perfume,60,0.050244738871812286,6,341.9118940061476
2024-12-10,Electronics,Wireless Headphones,65,0.05333829612274289,5,307.66505376010855
2024-12-10,Electronics,Smart Watch,85,0.13036605978828153,4,295.67553967198427
2024-12-10,Electronics,Bluetooth Speaker,48,0.0712302158966753,11,490.3904460065554
2024-12-10,Home,Air Fryer,110,0.07936189436367429,6,607.621149719975
2024-12-10,Home,Coffee Maker,75,0.1102981703949126,5,333.63818610190776
2024-12-10,Home,LED Lamp,32,0.021139065418947042,10,313.23549906593695
2024-12-10,Fashion,Hoodie,38,0.13820946419602037,8,261.98432288440983
2024-12-10,Fashion,Sneakers,72,0.02250905691905926,11,774.1728269201051
2024-12-10,Fashion,Backpack,45,0.06530747428702798,6,252.36698194250243
2024-12-10,Beauty,Face Serum,28,0.12083151359143789,17,418.48419953047556
2024-12-10,Beauty,Hair Dryer,55,0.058277386888959885,3,155.38423116332163
2024-12-10,Beauty,Perfume,60,0.08752846225362705,5,273.7414613239119
2024-12-11,Electronics,Wireless Headphones,65,0.10392419530163145,11,640.6942003593335
2024-12-11,Electronics,Smart Watch,85,0.10219216807431902,5,381.5683285684144
2024-12-11,Electronics,Bluetooth Speaker,48,0.030462143842473657,2,93.07563419112253
2024-12-11,Home,Air Fryer,110,0.12374404854644593,2,192.7763093197819
2024-12-11,Home,Coffee Maker,75,0.037125373187169367,6,433.2935820657738
2024-12-11,Home,LED Lamp,32,0.03224693148001118,6,185.80858915583784
2024-12-11,Fashion,Hoodie,38,0.11225200793430865,6,202.40654219097763
2024-12-11,Fashion,Sneakers,72,0.07884591741031706,9,596.9078455181145
2024-12-11,Fashion,Backpack,45,0.06820286379623093,8,335.4469690333568
2024-12-11,Beauty,Face Serum,28,0.11661452912024009,8,197.87834547706623
2024-12-11,Beauty,Hair Dryer,55,0.04613012939530157,7,367.23990018280887
2024-12-11,Beauty,Perfume,60,0.08051175403650235,7,386.18506330466903
2024-12-12,Electronics,Wireless Headphones,65,0.08934159231527064,5,295.9639824975371
2024-12-12,Electronics,Smart Watch,85,0.10821986064542004,3,227.4039355354179
2024-12-12,Electronics,Bluetooth Speaker,48,0.09263797341958252,8,348.4270182068803
2024-12-12,Home,Air Fryer,110,0.09400755606641786,3,298.9775064980821
2024-12-12,Home,Coffee Maker,75,0.06230177025114264,3,210.98210169349292
2024-12-12,Home,LED Lamp,32,0.10619045963329525,8,228.81524233387643
2024-12-12,Fashion,Hoodie,38,0.08974189996462817,3,103.76942340403238
2024-12-12,Fashion,Sneakers,72,0.07627025647539248,6,399.0512492026304
2024-12-12,Fashion,Backpack,45,0.07315217830795281,7,291.95706383299483
2024-12-12,Beauty,Face Serum,28,0.05668390133291601,5,132.06425381339176
2024-12-12,Beauty,Hair Dryer,55,0.11006559254192001,3,146.8391772305832
2024-12-12,Beauty,Perfume,60,0.06010947738756427,9,507.5408822107153
2024-12-13,Electronics,Wireless Headphones,65,0.09624090830914075,8,469.9547276792468
2024-12-13,Electronics,Smart Watch,85,0.06279482032802025,3,238.98732081635484
2024-12-13,Electronics,Bluetooth Speaker,48,0.14142380445982317,8,329.6932590874279
2024-12-13,Home,Air Fryer,110,0.05994185734040092,4,413.6255827702236
2024-12-13,Home,Coffee Maker,75,0.04553867367798303,4,286.3383978966051
2024-12-13,Home,LED Lamp,32,0.07159116620791803,6,178.25449608807975
2024-12-13,Fashion,Hoodie,38,0.055264439175973415,6,215.39970786787805
2024-12-13,Fashion,Sneakers,72,0.1018685335130669,13,840.6510526317694
2024-12-13,Fashion,Backpack,45,0.0407066449534054,8,345.3456078167741
2024-12-13,Beauty,Face Serum,28,0.08112322042972205,10,257.2854982796778
2024-12-13,Beauty,Hair Dryer,55,0.06637875706176652,0,0.0
2024-12-13,Beauty,Perfume,60,0.13153603247660603,5,260.53919025701816
2024-12-14,Electronics,Wireless Headphones,65,0.06931231554352027,6,362.9681969380271
2024-12-14,Electronics,Smart Watch,85,0.08426763087250787,6,467.023508255021
2024-12-14,Electronics,Bluetooth Speaker,48,0.07068056325592281,7,312.2513307460099
2024-12-14,Home,Air Fryer,110,0.06906064809512276,8,819.226629676292
2024-12-14,Home,Coffee Maker,75,0.10245909251196923,8,538.5245444928184
2024-12-14,Home,LED Lamp,32,0.10360035004844965,9,258.1630991860465
2024-12-14,Fashion,Hoodie,38,0.07918190771178533,7,244.9376125486651
2024-12-14,Fashion,Sneakers,72,0.08502906813143314,9,592.9011638508313
2024-12-14,Fashion,Backpack,45,0.11120946192341336,9,359.96016792101756
2024-12-14,Beauty,Face Serum,28,0.06382905215426257,8,209.70229231744517
2024-12-14,Beauty,Hair Dryer,55,0.023637293008785913,4,214.7997955380671
2024-12-14,Beauty,Perfume,60,0.03476396651235171,7,405.3991340648123
2024-12-15,Electronics,Wireless Headphones,65,0.05962721305991417,9,550.1180803599502
2024-12-15,Electronics,Smart Watch,85,0.08310080330754621,8,623.4914537508686
2024-12-15,Electronics,Bluetooth Speaker,48,0.06178866111240296,3,135.10243279981398
2024-12-15,Home,Air Fryer,110,0.05970452946783646,4,413.730007034152
2024-12-15,Home,Coffee Maker,75,0.09083662350016859,2,136.3745064749747
2024-12-15,Home,LED Lamp,32,0.10246299012063442,6,172.3271058968382
2024-12-15,Fashion,Hoodie,38,0.08920564143827223,5,173.05092812672828
2024-12-15,Fashion,Sneakers,72,0.11336386488089054,10,638.3780172857588
2024-12-15,Fashion,Backpack,45,0.09979997503920084,6,243.0540067394158
2024-12-15,Beauty,Face Serum,28,0.07846139901434587,14,361.2431315863764
2024-12-15,Beauty,Hair Dryer,55,0.03187608896123861,8,425.974520857055
2024-12-15,Beauty,Perfume,60,0.0742615025637008,5,277.72154923088976
2024-12-16,Electronics,Wireless Headphones,65,0.0987013605505985,5,292.9220578210555
2024-12-16,Electronics,Smart Watch,85,0.08192644678619021,3,234.1087560695215
2024-12-16,Electronics,Bluetooth Speaker,48,0.0982325032661868,9,389.5635585890073
2024-12-16,Home,Air Fryer,110,0.04508790250580119,2,210.08066144872373
2024-12-16,Home,Coffee Maker,75,0.08623134711152076,4,274.1305958665438
2024-12-16,Home,LED Lamp,32,0.09678165277585546,7,202.32090977820837
2024-12-16,Fashion,Hoodie,38,0.06236110119871917,15,534.45417231673
2024-12-16,Fashion,Sneakers,72,0.07923413348591254,8,530.3611391121144
2024-12-16,Fashion,Backpack,45,0.0828333302027516,7,288.90750098613324
2024-12-16,Beauty,Face Serum,28,0.07303821462892805,4,103.81971996156007
2024-12-16,Beauty,Hair Dryer,55,0.025740523855903377,0,0.0
2024-12-16,Beauty,Perfume,60,0.05636639933173632,8,452.9441283207666
2024-12-17,Electronics,Wireless Headphones,65,0.11949603437306039,7,400.6293043602575
2024-12-17,Electronics,Smart Watch,85,0.060943612217334096,3,239.4593788845798
2024-12-17,Electronics,Bluetooth Speaker,48,0.06618939067018736,11,493.05200172614104
2024-12-17,Home,Air Fryer,110,0.029996778278145536,5,533.50177194702
2024-12-17,Home,Coffee Maker,75,0.08124265587490928,7,482.34760566567263
2024-12-17,Home,LED Lamp,32,0.050085345669412154,5,151.98634469289405
2024-12-17,Fashion,Hoodie,38,0.05568841732369433,9,322.95456127529656
2024-12-17,Fashion,Sneakers,72,0.06764506531843349,9,604.165997673655
2024-12-17,Fashion,Backpack,45,0.10996150262019434,10,400.51732382091257
2024-12-17,Beauty,Face Serum,28,0.1230067548558889,6,147.33486518421068
2024-12-17,Beauty,Hair Dryer,55,0.07524780151363306,6,305.1682255005011
2024-12-17,Beauty,Perfume,60,0.08292019925020207,5,275.12394022493936
2024-12-18,Electronics,Wireless Headphones,65,0.08145108425377848,11,656.7624747585484
2024-12-18,Electronics,Smart Watch,85,0.13343600520802126,6,441.94763734390915
2024-12-18,Electronics,Bluetooth Speaker,48,0.04192418025583804,5,229.9381967385989
2024-12-18,Home,Air Fryer,110,0.09875148584290709,5,495.68668278640115
2024-12-18,Home,Coffee Maker,75,0.05096917814466852,6,427.06386983489915
2024-12-18,Home,LED Lamp,32,0.05021784018994939,3,91.17908734176487
2024-12-18,Fashion,Hoodie,38,0.10926196527052047,11,372.3284985169224
2024-12-18,Fashion,Sneakers,72,0.10430476777308857,4,257.9602268813505
2024-12-18,Fashion,Backpack,45,0.07539040478119995,8,332.859454278768
2024-12-18,Beauty,Face Serum,28,0.046231007365734815,5,133.5276589687971
2024-12-18,Beauty,Hair Dryer,55,0.0817351918083853,2,101.00912890107762
2024-12-18,Beauty,Perfume,60,0.08796271262070698,10,547.2223724275758
2024-12-19,Electronics,Wireless Headphones,65,0.08630400005633185,12,712.6828799560611
2024-12-19,Electronics,Smart Watch,85,0.0655025861008533,8,635.4582414514197
2024-12-19,Electronics,Bluetooth Speaker,48,0.09955781195914476,5,216.10612512980526
2024-12-19,Home,Air Fryer,110,0.07118162200595969,6,613.0201294760666
2024-12-19,Home,Coffee Maker,75,0.09497693839013585,4,271.50691848295924
2024-12-19,Home,LED Lamp,32,0.09903589076405596,8,230.64681196440168
2024-12-19,Fashion,Hoodie,38,0.08375917245342247,8,278.5372115741596
2024-12-19,Fashion,Sneakers,72,0.10432567832983317,8,515.9084092820161
2024-12-19,Fashion,Backpack,45,0.1282063227153034,10,392.30715477811344
2024-12-19,Beauty,Face Serum,28,0.08191731601387374,10,257.06315151611534
2024-12-19,Beauty,Hair Dryer,55,0.04692991995401353,6,314.5131264151755
2024-12-19,Beauty,Perfume,60,0.11454298035606597,7,371.8919482504523
2024-12-20,Electronics,Wireless Headphones,65,0.08293014371010299,6,357.65724395305983
2024-12-20,Electronics,Smart Watch,85,0.11598912930369723,3,225.42277202755722
2024-12-20,Electronics,Bluetooth Speaker,48,0.03817422424716502,6,277.0058234168165
2024-12-20,Home,Air Fryer,110,0.14918923093839812,1,93.5891845967762
2024-12-20,Home,Coffee Maker,75,0.14670429348477904,6,383.9830679318494
2024-12-20,Home,LED Lamp,32,0.05392501349964442,4,121.09759827204552
2024-12-20,Fashion,Hoodie,38,0.07725471735905191,8,280.51456592284825
2024-12-20,Fashion,Sneakers,72,0.025777329197570024,5,350.7201614888748
2024-12-20,Fashion,Backpack,45,0.0834150139203178,10,412.46324373585696
2024-12-20,Beauty,Face Serum,28,0.10459316562176298,7,175.49973953813443
2024-12-20,Beauty,Hair Dryer,55,0.030085895784615832,4,213.38110292738452
2024-12-20,Beauty,Perfume,60,0.09956142353525953,3,162.07894376365329
2024-12-21,Electronics,Wireless Headphones,65,0.06319550731941403,11,669.8152122666189
2024-12-21,Electronics,Smart Watch,85,0.06718867685870598,6,475.73377480205994
2024-12-21,Electronics,Bluetooth Speaker,48,0.04442371455425012,10,458.67661701395997
2024-12-21,Home,Air Fryer,110,0.07764244499431626,5,507.29665525312606
2024-12-21,Home,Coffee Maker,75,0.10692064142431022,8,535.8476151454139
2024-12-21,Home,LED Lamp,32,0.04807557746004331,7,213.2310706489503
2024-12-21,Fashion,Hoodie,38,0.10981512435739649,8,270.6162021953515
2024-12-21,Fashion,Sneakers,72,0.07923777538417806,10,662.9488017233917
2024-12-21,Fashion,Backpack,45,0.11132652509976296,13,519.8739828166387
2024-12-21,Beauty,Face Serum,28,0.13828695396078836,5,120.63982644548963
2024-12-21,Beauty,Hair Dryer,55,0.07518681078933259,6,305.18835243952026
2024-12-21,Beauty,Perfume,60,0.08250214316466346,7,385.34909987084137
2024-12-22,Electronics,Wireless Headphones,65,0.06871707506642868,4,242.13356048272854
2024-12-22,Electronics,Smart Watch,85,0.13406978013473148,9,662.4366181969305
2024-12-22,Electronics,Bluetooth Speaker,48,0.11065003357849942,8,341.51038710585624
2024-12-22,Home,Air Fryer,110,0.11558160219992072,3,291.85807127402614
2024-12-22,Home,Coffee Maker,75,0.08292480583238268,6,412.6838373754278
2024-12-22,Home,LED Lamp,32,0.09848940231825162,8,230.78671300652758
2024-12-22,Fashion,Hoodie,38,0.07741480535662332,12,420.6988487573798
2024-12-22,Fashion,Sneakers,72,0.10029421941895941,9,583.0093458165143
2024-12-22,Fashion,Backpack,45,0.07021264203634407,8,334.72344886691616
2024-12-22,Beauty,Face Serum,28,0.07375562992653228,4,103.73936944822839
2024-12-22,Beauty,Hair Dryer,55,0.08966460764901384,2,100.13689315860847
2024-12-22,Beauty,Perfume,60,0.04910729160390548,6,342.32137502259405
2024-12-23,Electronics,Wireless Headphones,65,0.0850887217801488,8,475.75386467432264
2024-12-23,Electronics,Smart Watch,85,0.1111858152327851,13,982.1396741677725
2024-12-23,Electronics,Bluetooth Speaker,48,0.12034793647299626,8,337.78639239436944
2024-12-23,Home,Air Fryer,110,0.09329269010348067,3,299.2134122658514
2024-12-23,Home,Coffee Maker,75,0.05061374416224809,7,498.42778431481975
2024-12-23,Home,LED Lamp,32,0.03368199358537577,6,185.53305723160784
2024-12-23,Fashion,Hoodie,38,0.06340767180095719,7,249.1335593009454
2024-12-23,Fashion,Sneakers,72,0.0754603603932441,8,532.5348324134914
2024-12-23,Fashion,Backpack,45,0.06880182949223386,7,293.32742370994634
2024-12-23,Beauty,Face Serum,28,0.07110132834452337,8,208.07330245082676
2024-12-23,Beauty,Hair Dryer,55,0.08243983567518223,7,353.26066326505486
2024-12-23,Beauty,Perfume,60,0.04548556931930766,7,400.8960608858908
2024-12-24,Electronics,Wireless Headphones,65,0.08212552115079147,5,298.3092056259928
2024-12-24,Electronics,Smart Watch,85,0.09802533875705978,3,230.00353861694975
2024-12-24,Electronics,Bluetooth Speaker,48,0.06397936270432839,5,224.6449529509612
2024-12-24,Home,Air Fryer,110,0.10788149493620568,6,588.7982133421042
2024-12-24,Home,Coffee Maker,75,0.10229899602270884,4,269.31030119318734
2024-12-24,Home,LED Lamp,32,0.12018188284620299,4,112.61671899568601
2024-12-24,Fashion,Hoodie,38,0.08095302083130554,12,419.08542250092466
2024-12-24,Fashion,Sneakers,72,0.06480481368736957,8,538.6724273160751
2024-12-24,Fashion,Backpack,45,0.0472876883208834,6,257.2323241533615
2024-12-24,Beauty,Face Serum,28,0.08661194945582124,8,204.59892332189602
2024-12-24,Beauty,Hair Dryer,55,0.05955699228473815,5,258.62182712169704
2024-12-24,Beauty,Perfume,60,0.03217423014844591,5,290.3477309554662
2024-12-25,Electronics,Wireless Headphones,65,0.08912697085829577,7,414.4472282594754
2024-12-25,Electronics,Smart Watch,85,0.0658247050687123,8,635.2392005532756
2024-12-25,Electronics,Bluetooth Speaker,48,0.046218572862210414,3,137.3445255078417
2024-12-25,Home,Air Fryer,110,0.09104294068405562,4,399.94110609901554
2024-12-25,Home,Coffee Maker,75,0.02175600077118052,4,293.4731997686458
2024-12-25,Home,LED Lamp,32,0.05220993800122892,0,0.0
2024-12-25,Fashion,Hoodie,38,0.07188465008131362,10,352.6838329691008
2024-12-25,Fashion,Sneakers,72,0.06618440963361452,7,470.6430575446583
2024-12-25,Fashion,Backpack,45,0.05737345289673565,8,339.3455569571752
2024-12-25,Beauty,Face Serum,28,0.08353330043517539,6,153.96640552689053
2024-12-25,Beauty,Hair Dryer,55,0.07282386539742919,7,356.96281182198976
2024-12-25,Beauty,Perfume,60,0.0952252297742408,5,271.43243106772775
2024-12-26,Electronics,Wireless Headphones,65,0.07377870541095162,11,662.2482256311696
2024-12-26,Electronics,Smart Watch,85,0.052498806706428675,8,644.3008114396284
2024-12-26,Electronics,Bluetooth Speaker,48,0.06060023223796622,8,360.729510820621
2024-12-26,Home,Air Fryer,110,0.10468132689774351,5,492.42527020624107
2024-12-26,Home,Coffee Maker,75,0.06536606589336863,8,560.7803604639788
2024-12-26,Home,LED Lamp,32,0.1008687893755442,5,143.8609936999129
2024-12-26,Fashion,Hoodie,38,0.06655373358276458,9,319.2386231146945
2024-12-26,Fashion,Sneakers,72,0.09026308947898433,7,458.5074029025919
2024-12-26,Fashion,Backpack,45,0.0943191820422192,7,285.28945765670096
2024-12-26,Beauty,Face Serum,28,0.056366000028103505,12,317.0610239905572
2024-12-26,Beauty,Hair Dryer,55,0.08249313070670185,8,403.7030224890512
2024-12-26,Beauty,Perfume,60,0.14598209558065972,10,512.4107426516042
2024-12-27,Electronics,Wireless Headphones,65,0.0894808991459176,12,710.2048986661842
2024-12-27,Electronics,Smart Watch,85,0.07255432303498623,9,709.4959428782355
2024-12-27,Electronics,Bluetooth Speaker,48,0.09231899967858798,9,392.11819213884996
2024-12-27,Home,Air Fryer,110,0.11299214820163878,3,292.7125910934592
2024-12-27,Home,Coffee Maker,75,0.04841319423581413,8,570.9520834585115
2024-12-27,Home,LED Lamp,32,0.07783303756926706,5,147.54671398891728
2024-12-27,Fashion,Hoodie,38,0.07402377019215962,5,175.93548366348966
2024-12-27,Fashion,Sneakers,72,0.1110917315667241,7,448.00976729037103
2024-12-27,Fashion,Backpack,45,0.07504798683404221,12,499.4740871096172
2024-12-27,Beauty,Face Serum,28,0.06253741056914355,9,236.24057253657583
2024-12-27,Beauty,Hair Dryer,55,0.06259322681505636,4,206.2294901006876
2024-12-27,Beauty,Perfume,60,0.09650621661977664,8,433.6770160225072
2024-12-28,Electronics,Wireless Headphones,65,0.08395232828878618,13,774.0602825959757
2024-12-28,Electronics,Smart Watch,85,0.04433945233612312,8,649.8491724114363
2024-12-28,Electronics,Bluetooth Speaker,48,0.07649078625872396,13,576.2697493745562
2024-12-28,Home,Air Fryer,110,0.07792297105098156,9,912.8562586595283
2024-12-28,Home,Coffee Maker,75,0.07848237977368348,4,276.455286067895
2024-12-28,Home,LED Lamp,32,0.06045697901188313,4,120.26150668647895
2024-12-28,Fashion,Hoodie,38,0.08017921499284596,6,209.71913898163112
2024-12-28,Fashion,Sneakers,72,0.13942147504988298,9,557.6548841676758
2024-12-28,Fashion,Backpack,45,0.09292437956335724,2,81.63680583929785
2024-12-28,Beauty,Face Serum,28,0.1250204554033959,6,146.99656349222948
2024-12-28,Beauty,Hair Dryer,55,0.07075392885529957,9,459.9768052166267
2024-12-28,Beauty,Perfume,60,0.08608462931977541,5,274.1746112040674
2024-12-29,Electronics,Wireless Headphones,65,0.10619450211980458,12,697.1682883465525
2024-12-29,Electronics,Smart Watch,85,0.053532233040314584,4,321.79904076629305
2024-12-29,Electronics,Bluetooth Speaker,48,0.04539690435307219,10,458.20948591052536
2024-12-29,Home,Air Fryer,110,0.043729964333157324,3,315.5691117700581
2024-12-29,Home,Coffee Maker,75,0.06257928501894655,3,210.919660870737
2024-12-29,Home,LED Lamp,32,0.038205300570516965,5,153.88715190871727
2024-12-29,Fashion,Hoodie,38,0.08152801166166786,12,418.8232266822794
2024-12-29,Fashion,Sneakers,72,0.10230919639907311,10,646.3373785926674
2024-12-29,Fashion,Backpack,45,0.09415042191725259,14,570.6852341921308
2024-12-29,Beauty,Face Serum,28,0.05059259457364666,7,186.08385146356525
2024-12-29,Beauty,Hair Dryer,55,0.056946835829192285,5,259.33962014697215
2024-12-29,Beauty,Perfume,60,0.065715221900508,8,448.4566934877561
2024-12-30,Electronics,Wireless Headphones,65,0.0731378284834347,12,722.9524937829209
2024-12-30,Electronics,Smart Watch,85,0.07225544808813669,9,709.7245822125755
2024-12-30,Electronics,Bluetooth Speaker,48,0.048613495399281635,13,593.6651788708483
2024-12-30,Home,Air Fryer,110,0.08538381980984458,5,503.0388991045855
2024-12-30,Home,Coffee Maker,75,0.12205407520607135,4,263.3837774381786
2024-12-30,Home,LED Lamp,32,0.06583959850047826,4,119.57253139193878
2024-12-30,Fashion,Hoodie,38,0.07623335467587673,7,245.7219276562168
2024-12-30,Fashion,Sneakers,72,0.08125873787241922,8,529.1949669854865
2024-12-30,Fashion,Backpack,45,0.10022127034677643,10,404.90042834395064
2024-12-30,Beauty,Face Serum,28,0.06519236723928531,5,130.87306858650004
2024-12-30,Beauty,Hair Dryer,55,0.06715481855114676,5,256.5324248984346
2024-12-30,Beauty,Perfume,60,0.11098800264252574,3,160.02215952434537
2024-12-31,Electronics,Wireless Headphones,65,0.018965595121447368,9,573.9051268539533
2024-12-31,Electronics,Smart Watch,85,0.05072643582643194,7,564.817770683273
2024-12-31,Electronics,Bluetooth Speaker,48,0.06847416850062496,5,223.56619955985002
2024-12-31,Home,Air Fryer,110,0.09263578160887866,4,399.2402560920934
2024-12-31,Home,Coffee Maker,75,0.09316022497615428,7,476.090881887519
2024-12-31,Home,LED Lamp,32,0.06726977786584834,4,119.38946843317142
2024-12-31,Fashion,Hoodie,38,0.10742662456318497,10,339.1778826659897
2024-12-31,Fashion,Sneakers,72,0.03474186389970117,7,486.49010059455065
2024-12-31,Fashion,Backpack,45,0.07203942274053156,7,292.30758183673254
2024-12-31,Beauty,Face Serum,28,0.07889639523046915,8,206.32720746837492
2024-12-31,Beauty,Hair Dryer,55,0.04657301978978439,3,157.31545173468558
2024-12-31,Beauty,Perfume,60,0.0884549391539549,8,437.5416292061017
2025-01-01,Electronics,Wireless Headphones,65,0.04325272299009513,6,373.13143803386293
2025-01-01,Electronics,Smart Watch,85,0.03596250501770988,1,81.94318707349466
2025-01-01,Electronics,Bluetooth Speaker,48,0.020506452214014315,5,235.07845146863656
2025-01-01,Home,Air Fryer,110,0.02349791223192936,3,322.24568896346335
2025-01-01,Home,Coffee Maker,75,0.017279028094130622,3,221.1122186788206
2025-01-01,Home,LED Lamp,32,0.1083395742542001,9,256.79820261479034
2025-01-01,Fashion,Hoodie,38,0.07763403288713544,7,245.34934725202197
2025-01-01,Fashion,Sneakers,72,0.05414224022129074,10,681.0175870406706
2025-01-01,Fashion,Backpack,45,0.043528242107990674,11,473.45352015654464
2025-01-01,Beauty,Face Serum,28,0.04340271535950621,5,133.92361984966914
2025-01-01,Beauty,Hair Dryer,55,0.0766619699616213,5,253.91795826055414
2025-01-01,Beauty,Perfume,60,0.06227143123036933,5,281.3185706308892
2025-01-02,Electronics,Wireless Headphones,65,0.04211863328776417,8,498.0983106903626
2025-01-02,Electronics,Smart Watch,85,0.020618445219511873,2,166.49486431268298
2025-01-02,Electronics,Bluetooth Speaker,48,0.06974139962372393,8,357.21930254449
2025-01-02,Home,Air Fryer,110,0.0576801717224955,4,414.62072444210196
2025-01-02,Home,Coffee Maker,75,0.04668022847614865,3,214.49694859286657
2025-01-02,Home,LED Lamp,32,0.06912531519917893,6,178.72793948175763
2025-01-02,Fashion,Hoodie,38,0.04301411806971915,6,218.19278108010406
2025-01-02,Fashion,Sneakers,72,0.05030462488034051,7,478.6464690603084
2025-01-02,Fashion,Backpack,45,0.04913244301220348,8,342.31232051560676
2025-01-02,Beauty,Face Serum,28,0.05662280172933879,4,105.65824620631406
2025-01-02,Beauty,Hair Dryer,55,0.043824477610022686,5,262.9482686572438
2025-01-02,Beauty,Perfume,60,0.0,2,120.0
2025-01-03,Electronics,Wireless Headphones,65,0.07594736722267452,6,360.38052678315694
2025-01-03,Electronics,Smart Watch,85,0.01389093338319021,6,502.91562397457295
2025-01-03,Electronics,Bluetooth Speaker,48,0.032207988536768,5,232.2700827511757
2025-01-03,Home,Air Fryer,110,0.06789672967210397,3,307.5940792082057
2025-01-03,Home,Coffee Maker,75,0.055473665520149776,7,495.8763256019214
2025-01-03,Home,LED Lamp,32,0.022513653180231987,4,125.1182523929303
2025-01-03,Fashion,Hoodie,38,0.02032116030489502,8,297.8223672673119
2025-01-03,Fashion,Sneakers,72,0.06954365708646623,6,401.9571401386466
2025-01-03,Fashion,Backpack,45,0.07512884308338312,5,208.0960103062388
2025-01-03,Beauty,Face Serum,28,0.019432318146953866,6,164.73537055131175
2025-01-03,Beauty,Hair Dryer,55,0.045921621707873596,4,209.8972432242678
2025-01-03,Beauty,Perfume,60,0.0,4,240.0
2025-01-04,Electronics,Wireless Headphones,65,0.07058845126343904,7,422.88225467513524
2025-01-04,Electronics,Smart Watch,85,0.029835633410946444,9,742.175740440626
2025-01-04,Electronics,Bluetooth Speaker,48,0.06412617805170742,3,134.76583036055413
2025-01-04,Home,Air Fryer,110,0.041374590582639835,6,632.6927702154577
2025-01-04,Home,Coffee Maker,75,0.0617217777338236,10,703.7086666996323
2025-01-04,Home,LED Lamp,32,0.05561185497595436,11,332.42462704846406
2025-01-04,Fashion,Hoodie,38,0.03506933974999643,12,440.00838107400165
2025-01-04,Fashion,Sneakers,72,0.051541788692510276,9,614.6009209272534
2025-01-04,Fashion,Backpack,45,0.042803030723537375,10,430.73863617440816
2025-01-04,Beauty,Face Serum,28,0.0745768429035294,13,336.8540291831153
2025-01-04,Beauty,Hair Dryer,55,0.04925714249095358,5,261.45428581498777
2025-01-04,Beauty,Perfume,60,0.09117721821694352,7,381.70556834888373
2025-01-05,Electronics,Wireless Headphones,65,0.07749762996614304,11,659.5891945742077
2025-01-05,Electronics,Smart Watch,85,0.0692148074626619,8,632.9339309253899
2025-01-05,Electronics,Bluetooth Speaker,48,0.05156875853432881,6,273.1481975421133
2025-01-05,Home,Air Fryer,110,0.021040225602570503,4,430.742300734869
2025-01-05,Home,Coffee Maker,75,0.0498407170440958,1,71.26194622169282
2025-01-05,Home,LED Lamp,32,0.08267484568054537,4,117.41761975289019
2025-01-05,Fashion,Hoodie,38,0.02326423072441334,10,371.15959232472295
2025-01-05,Fashion,Sneakers,72,0.05359828326149757,9,613.2683124465495
2025-01-05,Fashion,Backpack,45,0.05352938434393105,1,42.591177704523105
2025-01-05,Beauty,Face Serum,28,0.04784550397568091,7,186.62228122076655
2025-01-05,Beauty,Hair Dryer,55,0.04666298569242173,5,262.167678934584
2025-01-05,Beauty,Perfume,60,0.04708341853343428,3,171.52498466398183
2025-01-06,Electronics,Wireless Headphones,65,0.04954411155046769,12,741.3555929906352
2025-01-06,Electronics,Smart Watch,85,0.07010197102015878,7,553.2893272430055
2025-01-06,Electronics,Bluetooth Speaker,48,0.004092635883873777,8,382.42842782059245
2025-01-06,Home,Air Fryer,110,0.05167364678108641,4,417.26359541632195
2025-01-06,Home,Coffee Maker,75,0.057774447448301,3,212.00074932413227
2025-01-06,Home,LED Lamp,32,0.05128472382556,7,212.51222186307456
2025-01-06,Fashion,Hoodie,38,0.050153293334192474,9,324.84757367970616
2025-01-06,Fashion,Sneakers,72,0.026612778647456047,5,350.4193996869158
2025-01-06,Fashion,Backpack,45,0.0344343170653137,3,130.35136719618265
2025-01-06,Beauty,Face Serum,28,0.04852264525543553,7,186.48956152993463
2025-01-06,Beauty,Hair Dryer,55,0.07424110749931803,8,407.33391270030006
2025-01-06,Beauty,Perfume,60,0.069752611103096,3,167.44453000144273
2025-01-07,Electronics,Wireless Headphones,65,0.050046220664918366,7,432.22896959746214
2025-01-07,Electronics,Smart Watch,85,0.049425968287209514,7,565.5915488691104
2025-01-07,Electronics,Bluetooth Speaker,48,0.04002259105995293,8,368.63132503297805
2025-01-07,Home,Air Fryer,110,0.03925036882671717,3,317.04737828718334
2025-01-07,Home,Coffee Maker,75,0.03496035169196516,5,361.889868115513
2025-01-07,Home,LED Lamp,32,0.029813223344899432,9,279.41379167666895
2025-01-07,Fashion,Hoodie,38,0.05738720645786151,7,250.73500308220883
2025-01-07,Fashion,Sneakers,72,0.05585090792707091,6,407.87240777550534
2025-01-07,Fashion,Backpack,45,0.0840279544562502,3,123.65622614840622
2025-01-07,Beauty,Face Serum,28,0.06788906917107301,7,182.6937424424697
2025-01-07,Beauty,Hair Dryer,55,0.022100539558327255,4,215.137881297168
2025-01-07,Beauty,Perfume,60,0.08709753280438334,8,438.193184253896
2025-01-08,Electronics,Wireless Headphones,65,0.03752517834320582,5,312.8043170384581
2025-01-08,Electronics,Smart Watch,85,0.019031013717875467,6,500.29418300388346
2025-01-08,Electronics,Bluetooth Speaker,48,0.07358679190705011,7,311.2748379192312
2025-01-08,Home,Air Fryer,110,0.059937489210710494,6,620.441257120931
2025-01-08,Home,Coffee Maker,75,0.04592595115945801,4,286.2222146521626
2025-01-08,Home,LED Lamp,32,0.04031469293210381,8,245.67943860938144
2025-01-08,Fashion,Hoodie,38,0.05429405131040098,11,395.30508655225236
2025-01-08,Fashion,Sneakers,72,0.06718739946422203,7,470.1375506700321
2025-01-08,Fashion,Backpack,45,0.03901002359590462,7,302.71184256729003
2025-01-08,Beauty,Face Serum,28,0.053246775685306884,11,291.5999930889255
2025-01-08,Beauty,Hair Dryer,55,0.0253248706479044,2,107.21426422873051
2025-01-08,Beauty,Perfume,60,0.050327369745113336,10,569.803578152932
2025-01-09,Electronics,Wireless Headphones,65,0.07220925432997027,4,241.22559387420773
2025-01-09,Electronics,Smart Watch,85,0.05497286372237499,2,160.65461316719626
2025-01-09,Electronics,Bluetooth Speaker,48,0.060095202239683405,7,315.8080120474664
2025-01-09,Home,Air Fryer,110,0.07233381510337294,8,816.3462427090318
2025-01-09,Home,Coffee Maker,75,0.07921588252940223,6,414.352852861769
2025-01-09,Home,LED Lamp,32,0.02539170232053463,4,124.74986210297156
2025-01-09,Fashion,Hoodie,38,0.05836433829774121,5,178.91077572342917
2025-01-09,Fashion,Sneakers,72,0.03504577620080147,4,277.9068164541692
2025-01-09,Fashion,Backpack,45,0.04760317395819125,7,300.00500020316974
2025-01-09,Beauty,Face Serum,28,0.09829560751046909,6,151.4863379382412
2025-01-09,Beauty,Hair Dryer,55,0.06958620528186299,2,102.34551741899507
2025-01-09,Beauty,Perfume,60,0.013472424535938783,9,532.7248907505931
2025-01-10,Electronics,Wireless Headphones,65,0.021648804750853373,7,445.1497938383617
2025-01-10,Electronics,Smart Watch,85,0.021989343203748703,4,332.52362331072544
2025-01-10,Electronics,Bluetooth Speaker,48,0.07152027647786892,3,133.70108018718688
2025-01-10,Home,Air Fryer,110,0.037252146553110196,4,423.60905551663154
2025-01-10,Home,Coffee Maker,75,0.051615407196530544,5,355.64422230130106
2025-01-10,Home,LED Lamp,32,0.029907164316813253,5,155.21485370930986
2025-01-10,Fashion,Hoodie,38,0.09133626116451753,9,310.762998681735
2025-01-10,Fashion,Sneakers,72,0.06456285805720269,6,404.10884531928843
2025-01-10,Fashion,Backpack,45,0.020272698520606237,4,176.35091426629089
2025-01-10,Beauty,Face Serum,28,0.045185333018474994,7,187.1436747283789
2025-01-10,Beauty,Hair Dryer,55,0.030867360071343913,3,159.90688558822825
2025-01-10,Beauty,Perfume,60,0.03546913791817974,6,347.2311103494553
2025-01-11,Electronics,Wireless Headphones,65,0.061671801485801384,5,304.9566645171145
2025-01-11,Electronics,Smart Watch,85,0.021623184548011612,7,582.1342051939331
2025-01-11,Electronics,Bluetooth Speaker,48,0.04878694613469527,9,410.92403926981166
2025-01-11,Home,Air Fryer,110,0.08370039959822757,4,403.17182417677986
2025-01-11,Home,Coffee Maker,75,0.0744183293181972,4,277.67450120454083
2025-01-11,Home,LED Lamp,32,0.028650604088139298,11,341.9149873609749
2025-01-11,Fashion,Hoodie,38,0.11245133887983005,11,370.995340348231
2025-01-11,Fashion,Sneakers,72,0.03644111175165164,4,277.50495981552433
2025-01-11,Fashion,Backpack,45,0.02061753866209798,11,484.79431836226155
2025-01-11,Beauty,Face Serum,28,0.050038372482468015,6,159.59355342294538
2025-01-11,Beauty,Hair Dryer,55,0.016672203281423117,3,162.2490864585652
2025-01-11,Beauty,Perfume,60,0.038539991718898124,6,346.12560298119666
2025-01-12,Electronics,Wireless Headphones,65,0.05955244038587653,3,183.3872741247541
2025-01-12,Electronics,Smart Watch,85,0.054045428880785236,4,321.62455418053304
2025-01-12,Electronics,Bluetooth Speaker,48,0.03712407980292782,12,554.6165300335135
2025-01-12,Home,Air Fryer,110,0.054829854390980495,2,207.9374320339843
2025-01-12,Home,Coffee Maker,75,0.04349078676493638,5,358.6909549631489
2025-01-12,Home,LED Lamp,32,0.06729210612083837,5,149.23326302066587
2025-01-12,Fashion,Hoodie,38,0.02404963769866556,10,370.8611376745071
2025-01-12,Fashion,Sneakers,72,0.03101130263058892,7,488.3703034741832
2025-01-12,Fashion,Backpack,45,0.040818657299111945,10,431.63160421539965
2025-01-12,Beauty,Face Serum,28,0.016572526347539744,10,275.3596926226889
2025-01-12,Beauty,Hair Dryer,55,0.029611304048430723,7,373.5996479413542
2025-01-12,Beauty,Perfume,60,0.04317580827665343,6,344.45670902040473
2025-01-13,Electronics,Wireless Headphones,65,0.036245187379008385,8,501.15250256291563
2025-01-13,Electronics,Smart Watch,85,0.05776912094004709,4,320.358498880384
2025-01-13,Electronics,Bluetooth Speaker,48,0.06411681785692075,5,224.61196371433903
2025-01-13,Home,Air Fryer,110,0.04336595318334124,2,210.45949029966494
2025-01-13,Home,Coffee Maker,75,0.09894090709448691,4,270.3177278716539
2025-01-13,Home,LED Lamp,32,0.05521184316979161,7,211.63254712996667
2025-01-13,Fashion,Hoodie,38,0.007984928027901066,8,301.57258187951805
2025-01-13,Fashion,Sneakers,72,0.08023940472171398,9,596.0048657403294
2025-01-13,Fashion,Backpack,45,0.06512719727796008,6,252.41565673495077
2025-01-13,Beauty,Face Serum,28,0.08377848217078573,3,76.96260749765399
2025-01-13,Beauty,Hair Dryer,55,0.07237229991556429,4,204.07809401857585
2025-01-13,Beauty,Perfume,60,0.07089010045333882,5,278.73296986399833
2025-01-14,Electronics,Wireless Headphones,65,0.06310633206785118,7,426.2866189091277
2025-01-14,Electronics,Smart Watch,85,0.033136802195024975,6,493.10023088053725
2025-01-14,Electronics,Bluetooth Speaker,48,0.08212790037514546,9,396.52074703793716
2025-01-14,Home,Air Fryer,110,0.01299651712224225,7,759.9926818158734
2025-01-14,Home,Coffee Maker,75,0.031171172170853065,1,72.66216208718602
2025-01-14,Home,LED Lamp,32,0.05345755876080885,6,181.73614871792472
2025-01-14,Fashion,Hoodie,38,0.049445894486874344,9,325.089504085489
2025-01-14,Fashion,Sneakers,72,0.02741275714876415,5,350.1314074264449
2025-01-14,Fashion,Backpack,45,0.06439062916641694,5,210.5121084375562
2025-01-14,Beauty,Face Serum,28,0.051816458701718915,6,159.29483493811122
2025-01-14,Beauty,Hair Dryer,55,0.08104372603531654,5,252.71297534028795
2025-01-14,Beauty,Perfume,60,0.10241752867827565,6,323.12968967582077
2025-01-15,Electronics,Wireless Headphones,65,0.04162080528843253,8,498.3571812500151
2025-01-15,Electronics,Smart Watch,85,0.03637161450432497,6,491.4504766027943
2025-01-15,Electronics,Bluetooth Speaker,48,0.03282949708769076,3,139.27255241937252
2025-01-15,Home,Air Fryer,110,0.04472588360982234,4,420.32061121167817
2025-01-15,Home,Coffee Maker,75,0.04082096297112604,7,503.56899444015886
2025-01-15,Home,LED Lamp,32,0.036326599390021266,6,185.0252929171159
2025-01-15,Fashion,Hoodie,38,0.05632134695988585,6,215.158732893146
2025-01-15,Fashion,Sneakers,72,0.06985526482670319,6,401.8225255948642
2025-01-15,Fashion,Backpack,45,0.011463259737595766,8,355.87322649446554
2025-01-15,Beauty,Face Serum,28,0.037808963395845774,6,161.6480941494979
2025-01-15,Beauty,Hair Dryer,55,0.03279211379467858,3,159.58930122387804
2025-01-15,Beauty,Perfume,60,0.0911254557626431,3,163.59741796272425
2025-01-16,Electronics,Wireless Headphones,65,0.06586871641179441,4,242.87413373293347
2025-01-16,Electronics,Smart Watch,85,0.04389698768565131,5,406.3437802335982
2025-01-16,Electronics,Bluetooth Speaker,48,0.020470873407682832,7,329.12178653501854
2025-01-16,Home,Air Fryer,110,0.019121883184496126,4,431.5863713988217
2025-01-16,Home,Coffee Maker,75,0.02506305736525644,7,511.84189488324034
2025-01-16,Home,LED Lamp,32,0.04575079425111071,6,183.21584750378673
2025-01-16,Fashion,Hoodie,38,0.0787711075123732,6,210.0401874871789
2025-01-16,Fashion,Sneakers,72,0.04170112966132092,3,206.9925559931547
2025-01-16,Fashion,Backpack,45,0.07736329202343939,7,290.6305630126166
2025-01-16,Beauty,Face Serum,28,0.03168722740807563,7,189.78930342801718
2025-01-16,Beauty,Hair Dryer,55,0.040321935979137774,5,263.91146760573713
2025-01-16,Beauty,Perfume,60,0.04624027755349981,8,457.8046667743201
2025-01-17,Electronics,Wireless Headphones,65,0.039739939378936495,12,749.0028472844295
2025-01-17,Electronics,Smart Watch,85,0.0341789211942603,6,492.5687501909273
2025-01-17,Electronics,Bluetooth Speaker,48,0.06636012118163619,9,403.3324276495332
2025-01-17,Home,Air Fryer,110,0.0370301673997053,3,317.78004475809723
2025-01-17,Home,Coffee Maker,75,0.03926165077500768,2,144.11075238374886
2025-01-17,Home,LED Lamp,32,0.04906580458731147,7,213.00925977244222
2025-01-17,Fashion,Hoodie,38,0.01152444154275585,2,75.12414244275055
2025-01-17,Fashion,Sneakers,72,0.02646246937490815,9,630.8523198450595
2025-01-17,Fashion,Backpack,45,0.05602148068854852,3,127.43710010704595
2025-01-17,Beauty,Face Serum,28,0.021732292285968083,5,136.95747907996446
2025-01-17,Beauty,Hair Dryer,55,0.05994977486385474,3,155.10828714746395
2025-01-17,Beauty,Perfume,60,0.06774836203288892,4,223.74039311210666
2025-01-18,Electronics,Wireless Headphones,65,0.0803874966269931,10,597.7481271924545
2025-01-18,Electronics,Smart Watch,85,0.05554978872594876,1,80.27826795829436
2025-01-18,Electronics,Bluetooth Speaker,48,0.06939749154128122,8,357.351363248148
2025-01-18,Home,Air Fryer,110,0.0757908203550324,4,406.65203904378575
2025-01-18,Home,Coffee Maker,75,0.01752321400628272,3,221.05727684858638
2025-01-18,Home,LED Lamp,32,0.06921049774965203,3,89.35579221603341
2025-01-18,Fashion,Hoodie,38,0.04289089826010874,15,545.552187991738
2025-01-18,Fashion,Sneakers,72,0.0686383874757784,12,804.6964332209275
2025-01-18,Fashion,Backpack,45,0.06278615746979474,10,421.74622913859235
2025-01-18,Beauty,Face Serum,28,0.022172186225756837,5,136.89589392839406
2025-01-18,Beauty,Hair Dryer,55,0.08586789897443318,4,201.1090622256247
2025-01-18,Beauty,Perfume,60,0.0651593261828558,7,392.63308300320057
2025-01-19,Electronics,Wireless Headphones,65,0.06013122104702113,14,855.2805888472108
2025-01-19,Electronics,Smart Watch,85,0.03894489309769921,11,898.5865249536512
2025-01-19,Electronics,Bluetooth Speaker,48,0.042895268675606696,9,413.46924393213794
2025-01-19,Home,Air Fryer,110,0.05629742578877947,4,415.22913265293704
2025-01-19,Home,Coffee Maker,75,0.030402172757159514,8,581.7586963457043
2025-01-19,Home,LED Lamp,32,0.028788271209242957,4,124.3151012852169
2025-01-19,Fashion,Hoodie,38,0.027581067866820477,7,258.66343594742574
2025-01-19,Fashion,Sneakers,72,0.057963219104771924,6,406.9598893467386
2025-01-19,Fashion,Backpack,45,0.04607525542179414,7,300.48629454213483
2025-01-19,Beauty,Face Serum,28,0.05674557165607413,6,158.46674396177954
2025-01-19,Beauty,Hair Dryer,55,0.08848599496009443,5,250.66635138597402
2025-01-19,Beauty,Perfume,60,0.06378024700621023,7,393.2122962573917
2025-01-20,Electronics,Wireless Headphones,65,0.04591031943750194,6,372.09497541937424
2025-01-20,Electronics,Smart Watch,85,0.05432406816975865,1,80.38245420557051
2025-01-20,Electronics,Bluetooth Speaker,48,0.0652040592666949,2,89.7404103103973
2025-01-20,Home,Air Fryer,110,0.09136583228384619,7,699.6483091414384
2025-01-20,Home,Coffee Maker,75,0.06569364116971588,4,280.29190764908526
2025-01-20,Home,LED Lamp,32,0.08468547409420185,4,117.16025931594217
2025-01-20,Fashion,Hoodie,38,0.028772208272725596,10,369.0665608563643
2025-01-20,Fashion,Sneakers,72,0.019233891163134287,4,282.46063934501734
2025-01-20,Fashion,Backpack,45,0.0857671817541788,7,287.9833377474337
2025-01-20,Beauty,Face Serum,28,0.09602555693978278,11,278.4241284625469
2025-01-20,Beauty,Hair Dryer,55,0.1081976682918338,5,245.24564121974572
2025-01-20,Beauty,Perfume,60,0.054600005215161784,6,340.34399812254173
2025-01-21,Electronics,Wireless Headphones,65,0.09969393444294655,9,526.6790483508762
2025-01-21,Electronics,Smart Watch,85,0.10423845287204342,4,304.5589260235052
2025-01-21,Electronics,Bluetooth Speaker,48,0.06765962656952115,8,358.01870339730385
2025-01-21,Home,Air Fryer,110,0.03265423851814782,2,212.81606752600746
2025-01-21,Home,Coffee Maker,75,0.06973630854487424,4,279.07910743653775
2025-01-21,Home,LED Lamp,32,0.059241945817454386,5,150.5212886692073
2025-01-21,Fashion,Hoodie,38,0.006269888165203699,3,113.28523274916678
2025-01-21,Fashion,Sneakers,72,0.015764954604449648,6,425.1895396108778
2025-01-21,Fashion,Backpack,45,0.03403174142423468,8,347.74857308727553
2025-01-21,Beauty,Face Serum,28,0.017187076323158995,5,137.59380931475775
2025-01-21,Beauty,Hair Dryer,55,0.05038563980561924,3,156.6863694320728
2025-01-21,Beauty,Perfume,60,0.05322724469064665,5,284.031826592806
2025-01-22,Electronics,Wireless Headphones,65,0.08520165448379691,6,356.7713547513192
2025-01-22,Electronics,Smart Watch,85,0.05045217581242235,4,322.8462602237764
2025-01-22,Electronics,Bluetooth Speaker,48,0.02778405924010841,4,186.6654606258992
2025-01-22,Home,Air Fryer,110,0.08177799198583535,3,303.01326264467434
2025-01-22,Home,Coffee Maker,75,0.06466095526140592,2,140.3008567107891
2025-01-22,Home,LED Lamp,32,0.016644995912561973,9,283.20624117718216
2025-01-22,Fashion,Hoodie,38,0.0693246844895972,11,389.0222818833484
2025-01-22,Fashion,Sneakers,72,0.04930658036965405,8,547.5994097070793
2025-01-22,Fashion,Backpack,45,0.018256632838673757,9,397.60606370033713
2025-01-22,Beauty,Face Serum,28,0.066512178772155,9,235.23893094941695
2025-01-22,Beauty,Hair Dryer,55,0.04083536281387152,2,105.50811009047413
2025-01-22,Beauty,Perfume,60,0.0647023490463837,8,448.9428724577358
2025-01-23,Electronics,Wireless Headphones,65,0.05597978825616415,6,368.167882580096
2025-01-23,Electronics,Smart Watch,85,0.023738368528319995,10,829.822386750928
2025-01-23,Electronics,Bluetooth Speaker,48,0.06014719105627855,6,270.67760897579177
2025-01-23,Home,Air Fryer,110,0.0014598067374656729,2,219.67884251775754
2025-01-23,Home,Coffee Maker,75,0.09687380614618853,5,338.6723226951793
2025-01-23,Home,LED Lamp,32,0.0818189433065915,9,264.43614432770164
2025-01-23,Fashion,Hoodie,38,0.036509998579750416,8,292.90096043175583
2025-01-23,Fashion,Sneakers,72,0.05305484862997884,14,954.5207125809812
2025-01-23,Fashion,Backpack,45,0.0755250179908253,9,374.41236771371575
2025-01-23,Beauty,Face Serum,28,0.011826339187289606,5,138.34431251377947
2025-01-23,Beauty,Hair Dryer,55,0.06661605431142291,5,256.6805850643587
2025-01-23,Beauty,Perfume,60,0.07983443253848858,2,110.41986809538137
2025-01-24,Electronics,Wireless Headphones,65,0.0016932354328200241,5,324.44969848433345
2025-01-24,Electronics,Smart Watch,85,0.0014500242835492477,5,424.38373967949155
2025-01-24,Electronics,Bluetooth Speaker,48,0.08957364317744262,4,174.801860509931
2025-01-24,Home,Air Fryer,110,0.09477077933730295,8,796.6017141831734
2025-01-24,Home,Coffee Maker,75,0.0497985823556035,6,427.5906379399784
2025-01-24,Home,LED Lamp,32,0.045336171077091425,3,91.64772757659922
2025-01-24,Fashion,Hoodie,38,0.054354298159025996,2,71.86907333991402
2025-01-24,Fashion,Sneakers,72,0.06605172144241447,2,134.48855211229233
2025-01-24,Fashion,Backpack,45,0.016994032401353096,8,353.88214833551285
2025-01-24,Beauty,Face Serum,28,0.0489968865109521,7,186.3966102438534
2025-01-24,Beauty,Hair Dryer,55,0.0,4,220.0
2025-01-24,Beauty,Perfume,60,0.01941061070048072,2,117.67072671594232
2025-01-25,Electronics,Wireless Headphones,65,0.048767970707375825,5,309.15040952010287
2025-01-25,Electronics,Smart Watch,85,0.06716038453598326,9,713.6223058299728
2025-01-25,Electronics,Bluetooth Speaker,48,0.01700587542787277,10,471.8371797946211
2025-01-25,Home,Air Fryer,110,0.04230107138825282,6,632.0812928837531
2025-01-25,Home,Coffee Maker,75,0.06710469680461911,5,349.8357386982678
2025-01-25,Home,LED Lamp,32,0.05467223499164006,8,242.00390784214014
2025-01-25,Fashion,Hoodie,38,0.04502718481061168,8,290.31173581757406
2025-01-25,Fashion,Sneakers,72,0.07765285046373155,10,664.0899476661133
2025-01-25,Fashion,Backpack,45,0.06625219499983771,7,294.1305585750511
2025-01-25,Beauty,Face Serum,28,0.05182593004160488,12,318.5864875060208
2025-01-25,Beauty,Hair Dryer,55,0.045122880612186264,6,315.10944939797855
2025-01-25,Beauty,Perfume,60,0.046160780051731076,4,228.92141278758453
2025-01-26,Electronics,Wireless Headphones,65,0.0,6,390.0
2025-01-26,Electronics,Smart Watch,85,0.024997168485263746,9,745.8771661087732
2025-01-26,Electronics,Bluetooth Speaker,48,0.04796771935279263,6,274.1852968263957
2025-01-26,Home,Air Fryer,110,0.030079816268030392,9,960.22098189465
2025-01-26,Home,Coffee Maker,75,0.07435300739111635,4,277.6940977826651
2025-01-26,Home,LED Lamp,32,0.09973122026948567,9,259.27740856238813
2025-01-26,Fashion,Hoodie,38,0.03468662005241212,8,293.45526750406674
2025-01-26,Fashion,Sneakers,72,0.05481714419740366,7,476.3721593245085
2025-01-26,Fashion,Backpack,45,0.060232562289144836,5,211.4476734849424
2025-01-26,Beauty,Face Serum,28,0.025606039907024643,7,190.98121617822318
2025-01-26,Beauty,Hair Dryer,55,0.08170834179518613,11,555.5664532139124
2025-01-26,Beauty,Perfume,60,0.04853474225542325,6,342.52749278804765
2025-01-27,Electronics,Wireless Headphones,65,0.08417019543198492,6,357.1736237815259
2025-01-27,Electronics,Smart Watch,85,0.024698739392817894,3,248.70182145483145
2025-01-27,Electronics,Bluetooth Speaker,48,0.07043874014166875,7,312.3325833123993
2025-01-27,Home,Air Fryer,110,0.06546702859960289,6,616.7917611242622
2025-01-27,Home,Coffee Maker,75,0.07966235706035736,3,207.07596966141958
2025-01-27,Home,LED Lamp,32,0.04606639697207025,5,152.62937648446876
2025-01-27,Fashion,Hoodie,38,0.015249946922911338,11,411.62552218622307
2025-01-27,Fashion,Sneakers,72,0.051787546221762536,5,341.3564833601655
2025-01-27,Fashion,Backpack,45,0.09733679723694084,3,121.85953237301298
2025-01-27,Beauty,Face Serum,28,0.07351422064889239,6,155.64961093098609
2025-01-27,Beauty,Hair Dryer,55,0.05777891437154267,3,155.46647912869545
2025-01-27,Beauty,Perfume,60,0.035272184166573566,8,463.0693516000447
2025-01-28,Electronics,Wireless Headphones,65,0.033803806734648265,9,565.2247730602307
2025-01-28,Electronics,Smart Watch,85,0.07913329111870396,4,313.0946810196407
2025-01-28,Electronics,Bluetooth Speaker,48,0.054951173237075636,9,408.2610931615833
2025-01-28,Home,Air Fryer,110,0.019964423962601188,2,215.60782672822774
2025-01-28,Home,Coffee Maker,75,0.08549338272491366,3,205.76398888689442
2025-01-28,Home,LED Lamp,32,0.08365270797701368,4,117.29245337894224
2025-01-28,Fashion,Hoodie,38,0.042351543688881034,11,400.29705473804773
2025-01-28,Fashion,Sneakers,72,0.06251387184598495,6,404.9940073625345
2025-01-28,Fashion,Backpack,45,0.020971992928119063,13,572.7313841370503
2025-01-28,Beauty,Face Serum,28,0.03694123276647364,7,188.75951837777117
2025-01-28,Beauty,Hair Dryer,55,0.045919370416698815,7,367.32104238957095
2025-01-28,Beauty,Perfume,60,0.0871245188965617,7,383.4077020634441
2025-01-29,Electronics,Wireless Headphones,65,0.024622240726323463,4,253.5982174111559
2025-01-29,Electronics,Smart Watch,85,0.08399700631453452,2,155.72050892652913
2025-01-29,Electronics,Bluetooth Speaker,48,0.04119225303894956,6,276.1366311247825
2025-01-29,Home,Air Fryer,110,0.07792492944959195,6,608.5695465632693
2025-01-29,Home,Coffee Maker,75,0.055970069993189625,1,70.80224475051078
2025-01-29,Home,LED Lamp,32,0.0487443299998139,3,91.32054432001786
2025-01-29,Fashion,Hoodie,38,0.07582752159280357,5,175.59277089736733
2025-01-29,Fashion,Sneakers,72,0.034996894487683256,5,347.401117984434
2025-01-29,Fashion,Backpack,45,0.05338953952305745,7,298.1822950502369
2025-01-29,Beauty,Face Serum,28,0.06491226059114022,10,261.82456703448076
2025-01-29,Beauty,Hair Dryer,55,0.11498647359140882,5,243.37871976236258
2025-01-29,Beauty,Perfume,60,0.07268773958424052,5,278.19367812472785
2025-01-30,Electronics,Wireless Headphones,65,0.07468209796229722,5,300.7283181622534
2025-01-30,Electronics,Smart Watch,85,0.06498644401441905,7,556.3330658114207
2025-01-30,Electronics,Bluetooth Speaker,48,0.0868349892947618,6,262.99152308310863
2025-01-30,Home,Air Fryer,110,0.029452755303698105,5,533.8009845829661
2025-01-30,Home,Coffee Maker,75,0.025514794727509327,6,438.51834237262085
2025-01-30,Home,LED Lamp,32,0.052745802896702235,8,242.49707445844422
2025-01-30,Fashion,Hoodie,38,0.1165449647795414,11,369.28420472215174
2025-01-30,Fashion,Sneakers,72,0.09059823752725145,5,327.38463449018946
2025-01-30,Fashion,Backpack,45,0.043230139121045216,10,430.54643739552967
2025-01-30,Beauty,Face Serum,28,0.07954578928761952,5,128.86358949973328
2025-01-30,Beauty,Hair Dryer,55,0.06589816575303471,3,154.12680265074926
2025-01-30,Beauty,Perfume,60,0.0561055667466038,5,283.16832997601887
2025-01-31,Electronics,Wireless Headphones,65,0.05816789574798229,6,367.3145206582869
2025-01-31,Electronics,Smart Watch,85,0.07212770172907752,8,630.9531628242272
2025-01-31,Electronics,Bluetooth Speaker,48,0.05395131869270992,8,363.2826936219994
2025-01-31,Home,Air Fryer,110,0.016049368354947885,5,541.1728474047786
2025-01-31,Home,Coffee Maker,75,0.028095716684817956,6,437.3569274918319
2025-01-31,Home,LED Lamp,32,0.09104008093229304,8,232.69373928133297
2025-01-31,Fashion,Hoodie,38,0.0641771738669761,10,355.6126739305491
2025-01-31,Fashion,Sneakers,72,0.0757312829082348,7,465.83143341424966
2025-01-31,Fashion,Backpack,45,0.06198832203023215,9,379.894729577756
2025-01-31,Beauty,Face Serum,28,0.09904303104259779,8,201.8143610464581
2025-01-31,Beauty,Hair Dryer,55,0.04203027134618579,4,210.75334030383914
2025-01-31,Beauty,Perfume,60,0.027092993273709273,4,233.49768161430978
2025-02-01,Electronics,Wireless Headphones,65,0.06381409735665786,11,669.3729203899896
2025-02-01,Electronics,Smart Watch,85,0.01598280976856177,6,501.84876701803347
2025-02-01,Electronics,Bluetooth Speaker,48,0.065150666829175,10,448.727679921996
2025-02-01,Home,Air Fryer,110,0.054215101155541706,4,416.14535549156165
2025-02-01,Home,Coffee Maker,75,0.08545537026372475,3,205.77254169066194
2025-02-01,Home,LED Lamp,32,0.05817521561256386,9,271.2455379035816
2025-02-01,Fashion,Hoodie,38,0.03872396860838802,7,255.69942435016878
2025-02-01,Fashion,Sneakers,72,0.0838318461100852,9,593.6769637206647
2025-02-01,Fashion,Backpack,45,0.01765872285805717,5,221.02678735693715
2025-02-01,Beauty,Face Serum,28,0.05482537054250751,11,291.1137858729077
2025-02-01,Beauty,Hair Dryer,55,0.07024057026933722,13,664.7779922574239
2025-02-01,Beauty,Perfume,60,0.04278745652220345,9,516.89477347801
2025-02-02,Electronics,Wireless Headphones,65,0.06537087388908461,19,1154.2669707469806
2025-02-02,Electronics,Smart Watch,85,0.05175037214874256,4,322.4048734694275
2025-02-02,Electronics,Bluetooth Speaker,48,0.025087638840202243,11,514.7537266923732
2025-02-02,Home,Air Fryer,110,0.02567078833283622,7,750.2334929837161
2025-02-02,Home,Coffee Maker,75,0.04896021840870364,2,142.65596723869444
2025-02-02,Home,LED Lamp,32,0.014400628163984477,3,94.6175396962575
2025-02-02,Fashion,Hoodie,38,0.08035410839056822,13,454.3050704550593
2025-02-02,Fashion,Sneakers,72,0.027296907298942717,7,490.24235872133283
2025-02-02,Fashion,Backpack,45,0.09521269257531094,7,285.00800183877703
2025-02-02,Beauty,Face Serum,28,0.08540227562237437,6,153.6524176954411
2025-02-02,Beauty,Hair Dryer,55,0.10275008579827055,5,246.74372640547557
2025-02-02,Beauty,Perfume,60,0.03656084173514428,12,693.6761939506961
2025-02-03,Electronics,Wireless Headphones,65,0.039719443570207055,5,312.0911808396827
2025-02-03,Electronics,Smart Watch,85,0.010050142888104872,3,252.43721356353325
2025-02-03,Electronics,Bluetooth Speaker,48,0.10549254639336146,6,257.6181466387119
2025-02-03,Home,Air Fryer,110,0.06934296923468201,7,716.6059136892949
2025-02-03,Home,Coffee Maker,75,0.09562114440125993,2,135.65682833981103
2025-02-03,Home,LED Lamp,32,0.05278243475070063,8,242.48769670382063
2025-02-03,Fashion,Hoodie,38,0.031021678443068544,9,331.39058597247055
2025-02-03,Fashion,Sneakers,72,0.026774850126562465,6,420.433264745325
2025-02-03,Fashion,Backpack,45,0.026377969808839094,6,262.87794815161345
2025-02-03,Beauty,Face Serum,28,0.03017018688628016,9,244.3971129046574
2025-02-03,Beauty,Hair Dryer,55,0.055971858245857334,2,103.84309559295569
2025-02-03,Beauty,Perfume,60,0.0,6,360.0
2025-02-04,Electronics,Wireless Headphones,65,0.06316545904821523,9,548.0482064567941
2025-02-04,Electronics,Smart Watch,85,0.041569934005939266,10,814.6655560949516
2025-02-04,Electronics,Bluetooth Speaker,48,0.019287147423363432,7,329.51951846574985
2025-02-04,Home,Air Fryer,110,0.06148195581105684,9,929.1328637470536
2025-02-04,Home,Coffee Maker,75,0.023472161680097775,9,659.156290865934
2025-02-04,Home,LED Lamp,32,0.07746689649238854,11,324.73165243467923
2025-02-04,Fashion,Hoodie,38,0.05876577224333265,12,429.2028078570403
2025-02-04,Fashion,Sneakers,72,0.06616662162383719,9,605.1240291877534
2025-02-04,Fashion,Backpack,45,0.05240872180439738,4,170.56643007520847
2025-02-04,Beauty,Face Serum,28,0.04018960761109448,7,188.12283690822548
2025-02-04,Beauty,Hair Dryer,55,0.012581004795479564,3,162.92413420874587
2025-02-04,Beauty,Perfume,60,0.061915060886231665,4,225.1403853873044
2025-02-05,Electronics,Wireless Headphones,65,0.05841919632137033,12,734.4330268693311
2025-02-05,Electronics,Smart Watch,85,0.08237303585321903,5,389.9914597623819
2025-02-05,Electronics,Bluetooth Speaker,48,0.02013418672233406,9,423.3020313359517
2025-02-05,Home,Air Fryer,110,0.062052296075097844,8,825.3939794539139
2025-02-05,Home,Coffee Maker,75,0.037841003648638634,8,577.2953978108168
2025-02-05,Home,LED Lamp,32,0.0626899461204607,7,209.95745206901682
2025-02-05,Fashion,Hoodie,38,0.05163851235085091,7,252.26415571467365
2025-02-05,Fashion,Sneakers,72,0.07624321597690883,0,0.0
2025-02-05,Fashion,Backpack,45,0.09139735376078716,9,367.9840717268812
2025-02-05,Beauty,Face Serum,28,0.029399387453263467,8,217.414537210469
2025-02-05,Beauty,Hair Dryer,55,0.04427514746517198,5,262.8243344470777
2025-02-05,Beauty,Perfume,60,0.06239497825336103,4,225.02520521919334
2025-02-06,Electronics,Wireless Headphones,65,0.05592295590165496,10,613.6500786639243
2025-02-06,Electronics,Smart Watch,85,0.048179991564651324,7,566.3329050190324
2025-02-06,Electronics,Bluetooth Speaker,48,0.004933612758582846,4,191.0527463503521
2025-02-06,Home,Air Fryer,110,0.07928809074883256,5,506.3915500881421
2025-02-06,Home,Coffee Maker,75,0.04375811459945492,7,502.0269898352862
2025-02-06,Home,LED Lamp,32,0.058131268418009925,5,150.6989970531184
2025-02-06,Fashion,Hoodie,38,0.08430771611504256,9,313.16676108865545
2025-02-06,Fashion,Sneakers,72,0.023840706379688027,7,491.9842839846372
2025-02-06,Fashion,Backpack,45,0.03685209940472815,10,433.41655526787235
2025-02-06,Beauty,Face Serum,28,0.02663408573200464,8,218.03396479603094
2025-02-06,Beauty,Hair Dryer,55,0.04087912012241754,1,52.75164839326703
2025-02-06,Beauty,Perfume,60,0.06479701606221798,6,336.67307421760154
2025-02-07,Electronics,Wireless Headphones,65,0.06655362198734924,8,485.3921165665784
2025-02-07,Electronics,Smart Watch,85,0.054612684044942565,6,482.1475311370793
2025-02-07,Electronics,Bluetooth Speaker,48,0.062346684168532535,6,270.0441549594626
2025-02-07,Home,Air Fryer,110,0.08291450534226419,5,504.3970220617547
2025-02-07,Home,Coffee Maker,75,0.0,6,450.0
2025-02-07,Home,LED Lamp,32,0.060231215977801594,5,150.36300544355174
2025-02-07,Fashion,Hoodie,38,0.041863697442433505,10,364.0917949718753
2025-02-07,Fashion,Sneakers,72,0.06219000039056059,5,337.6115998593982
2025-02-07,Fashion,Backpack,45,0.07238361321679752,6,250.45642443146465
2025-02-07,Beauty,Face Serum,28,0.04691992661317946,1,26.686242054830977
2025-02-07,Beauty,Hair Dryer,55,0.07104644810787683,6,306.5546721244006
2025-02-07,Beauty,Perfume,60,0.012700320544151794,11,651.6177884408598
2025-02-08,Electronics,Wireless Headphones,65,0.06035708124787817,7,427.53752803221545
2025-02-08,Electronics,Smart Watch,85,0.018553769796599263,4,333.69171826915624
2025-02-08,Electronics,Bluetooth Speaker,48,0.03270967377388437,10,464.2993565885355
2025-02-08,Home,Air Fryer,110,0.06805604450986066,7,717.5968457274073
2025-02-08,Home,Coffee Maker,75,0.05661721369248643,4,283.0148358922541
2025-02-08,Home,LED Lamp,32,0.06360548890481611,12,359.5754922605506
2025-02-08,Fashion,Hoodie,38,0.05378875307569714,10,359.5602738312351
2025-02-08,Fashion,Sneakers,72,0.052045828186253314,7,477.7689025941283
2025-02-08,Fashion,Backpack,45,0.08208886301540799,6,247.83600698583984
2025-02-08,Beauty,Face Serum,28,0.08487531681363011,0,0.0
2025-02-08,Beauty,Hair Dryer,55,0.006205237799308219,6,327.9522715262283
2025-02-08,Beauty,Perfume,60,0.07705900296756933,12,664.5175178633501
2025-02-09,Electronics,Wireless Headphones,65,0.06689490904357837,12,727.8219709460088
2025-02-09,Electronics,Smart Watch,85,0.0,6,510.0
2025-02-09,Electronics,Bluetooth Speaker,48,0.025464163216609048,8,374.2217613248221
2025-02-09,Home,Air Fryer,110,0.06388507340131294,8,823.7811354068446
2025-02-09,Home,Coffee Maker,75,0.019009611286274625,10,735.742791535294
2025-02-09,Home,LED Lamp,32,0.041102782424745576,4,122.73884384963256
2025-02-09,Fashion,Hoodie,38,0.07057016305667037,8,282.5466704307722
2025-02-09,Fashion,Sneakers,72,0.0829352256415046,6,396.17198252287005
2025-02-09,Fashion,Backpack,45,0.02797079419476233,12,524.8957711348284
2025-02-09,Beauty,Face Serum,28,0.045194521067162374,12,320.81464092143347
2025-02-09,Beauty,Hair Dryer,55,0.056678743839641985,10,518.8266908881969
2025-02-09,Beauty,Perfume,60,0.03927237971276046,8,461.149257737875
2025-02-10,Electronics,Wireless Headphones,65,0.05802932454212496,11,673.5090329523806
2025-02-10,Electronics,Smart Watch,85,0.06867857180213818,8,633.298571174546
2025-02-10,Electronics,Bluetooth Speaker,48,0.09119924701926867,9,392.60192528767595
2025-02-10,Home,Air Fryer,110,0.07028092417686893,5,511.3454917027221
2025-02-10,Home,Coffee Maker,75,0.07463796446093343,1,69.40215266543
2025-02-10,Home,LED Lamp,32,0.07511998225706985,8,236.76928454219012
2025-02-10,Fashion,Hoodie,38,0.06005102557382666,9,321.46254925375126
2025-02-10,Fashion,Sneakers,72,0.057152453437560716,4,271.54009340998255
2025-02-10,Fashion,Backpack,45,0.09251430758156347,6,245.02113695297788
2025-02-10,Beauty,Face Serum,28,0.048407782551794995,7,186.5120746198482
2025-02-10,Beauty,Hair Dryer,55,0.0,3,165.0
2025-02-10,Beauty,Perfume,60,0.042735519223049405,9,516.9228196195534
2025-02-11,Electronics,Wireless Headphones,65,0.07940551044461663,12,718.0637018531991
2025-02-11,Electronics,Smart Watch,85,0.04063667194997375,9,733.91294595827
2025-02-11,Electronics,Bluetooth Speaker,48,0.04527295776829312,5,229.13449013560967
2025-02-11,Home,Air Fryer,110,0.08832703673564558,6,601.704155754474
2025-02-11,Home,Coffee Maker,75,0.04328889316449042,3,215.25999903798964
2025-02-11,Home,LED Lamp,32,0.07076700816193038,5,148.67727869409114
2025-02-11,Fashion,Hoodie,38,0.04515606987491462,13,471.6929014817922
2025-02-11,Fashion,Sneakers,72,0.04115741087913293,4,276.1466656668097
2025-02-11,Fashion,Backpack,45,0.06308743968598558,13,548.0938477836984
2025-02-11,Beauty,Face Serum,28,0.0,7,196.0
2025-02-11,Beauty,Hair Dryer,55,0.05007599403108855,3,156.73746098487038
2025-02-11,Beauty,Perfume,60,0.041901522090553624,7,402.4013607219675
2025-02-12,Electronics,Wireless Headphones,65,0.043028269736167794,8,497.62529973719273
2025-02-12,Electronics,Smart Watch,85,0.07206383830246318,4,315.4982949771625
2025-02-12,Electronics,Bluetooth Speaker,48,0.025304720016665935,6,280.7122406352002
2025-02-12,Home,Air Fryer,110,0.0,4,440.0
2025-02-12,Home,Coffee Maker,75,0.05656477047452165,2,141.51528442882176
2025-02-12,Home,LED Lamp,32,0.05370802826494647,7,211.96940166865198
2025-02-12,Fashion,Hoodie,38,0.029617213814346066,5,184.37272937527425
2025-02-12,Fashion,Sneakers,72,0.06472830092515786,7,471.3769363337205
2025-02-12,Fashion,Backpack,45,0.06872146533196562,6,251.44520436036927
2025-02-12,Beauty,Face Serum,28,0.04865939349578325,11,293.01290680329873
2025-02-12,Beauty,Hair Dryer,55,0.08268087910618246,7,353.1678615441197
2025-02-12,Beauty,Perfume,60,0.010647543041037648,2,118.72229483507549
2025-02-13,Electronics,Wireless Headphones,65,0.07170580503769917,12,724.0694720705947
2025-02-13,Electronics,Smart Watch,85,0.04027203032245932,7,571.0381419581367
2025-02-13,Electronics,Bluetooth Speaker,48,0.009286499978130622,6,285.3254880062984
2025-02-13,Home,Air Fryer,110,0.04665175744941233,5,524.3415334028232
2025-02-13,Home,Coffee Maker,75,0.049370020945275435,5,356.4862421455217
2025-02-13,Home,LED Lamp,32,0.04095556126688255,3,92.06826611837927
2025-02-13,Fashion,Hoodie,38,0.04732008902658648,1,36.201836616989716
2025-02-13,Fashion,Sneakers,72,0.05699351195394903,8,543.1717371145253
2025-02-13,Fashion,Backpack,45,0.10452083352765962,6,241.7793749475319
2025-02-13,Beauty,Face Serum,28,0.08729284984119585,6,153.33480122667908
2025-02-13,Beauty,Hair Dryer,55,0.10391433534455063,2,98.56942311209943
2025-02-13,Beauty,Perfume,60,0.05798974698767476,7,395.64430626517657
2025-02-14,Electronics,Wireless Headphones,65,0.046623439918911144,12,743.6337168632493
2025-02-14,Electronics,Smart Watch,85,0.02778053216204492,7,578.4705833635833
2025-02-14,Electronics,Bluetooth Speaker,48,0.07601074595740052,6,266.10890516426866
2025-02-14,Home,Air Fryer,110,0.06628368315111623,6,616.2527691202633
2025-02-14,Home,Coffee Maker,75,0.06709386152046637,1,69.96796038596503
2025-02-14,Home,LED Lamp,32,0.07864694244862887,0,0.0
2025-02-14,Fashion,Hoodie,38,0.06179170737043595,8,285.2153209593875
2025-02-14,Fashion,Sneakers,72,0.05916446629343315,4,270.96063370749124
2025-02-14,Fashion,Backpack,45,0.0568678883081691,15,636.6141753919858
2025-02-14,Beauty,Face Serum,28,0.04516266894191542,9,240.6190074266373
2025-02-14,Beauty,Hair Dryer,55,0.0759890533107367,4,203.28240827163793
2025-02-14,Beauty,Perfume,60,0.0,6,360.0
2025-02-15,Electronics,Wireless Headphones,65,0.04305619717319949,9,559.8121246536783
2025-02-15,Electronics,Smart Watch,85,0.04671431573006126,6,486.1756989776688
2025-02-15,Electronics,Bluetooth Speaker,48,0.06508195970852783,7,314.13246153793466
2025-02-15,Home,Air Fryer,110,0.08630139458745961,4,402.0273863815178
2025-02-15,Home,Coffee Maker,75,0.05363140328474375,2,141.95528950728843
2025-02-15,Home,LED Lamp,32,0.04671327567866733,8,244.04140142626116
2025-02-15,Fashion,Hoodie,38,0.03896995245812769,9,328.6722762593203
2025-02-15,Fashion,Sneakers,72,0.06617068441814486,10,672.3571072189357
2025-02-15,Fashion,Backpack,45,0.05533437407300165,5,212.5497658335746
2025-02-15,Beauty,Face Serum,28,0.04389868261831347,10,267.70836886687226
2025-02-15,Beauty,Hair Dryer,55,0.047245205453137123,4,209.60605480030983
2025-02-15,Beauty,Perfume,60,0.03161247299411718,6,348.6195097221178
2025-02-16,Electronics,Wireless Headphones,65,0.04965705762879177,11,679.4952037954139
2025-02-16,Electronics,Smart Watch,85,0.049228279848118166,5,404.07798106454976
2025-02-16,Electronics,Bluetooth Speaker,48,0.043766709867975824,2,91.79839585267432
2025-02-16,Home,Air Fryer,110,0.060444234761313956,6,620.1068050575327
2025-02-16,Home,Coffee Maker,75,0.06912785126240246,9,628.3387003978783
2025-02-16,Home,LED Lamp,32,0.046643553785569856,11,335.5814690674794
2025-02-16,Fashion,Hoodie,38,0.06603275758928677,6,212.94453126964262
2025-02-16,Fashion,Sneakers,72,0.08061302001184037,6,397.17517535488497
2025-02-16,Fashion,Backpack,45,0.03613648542852097,7,303.6170070900159
2025-02-16,Beauty,Face Serum,28,0.028394390475772427,4,108.81982826671349
2025-02-16,Beauty,Hair Dryer,55,0.04301348082279623,5,263.17129277373107
2025-02-16,Beauty,Perfume,60,0.06345156559998774,11,618.1219667040081
2025-02-17,Electronics,Wireless Headphones,65,0.045893495691552384,7,434.1184594603436
2025-02-17,Electronics,Smart Watch,85,0.03262812144929024,10,822.2660967681032
2025-02-17,Electronics,Bluetooth Speaker,48,0.050645596722203895,6,273.4140681440053
2025-02-17,Home,Air Fryer,110,0.049513056090197,4,418.2142553203133
2025-02-17,Home,Coffee Maker,75,0.06487494628144658,6,420.80627417334904
2025-02-17,Home,LED Lamp,32,0.03693174670865084,11,339.0000251585549
2025-02-17,Fashion,Hoodie,38,0.06767880150429427,13,460.56667205687864
2025-02-17,Fashion,Sneakers,72,0.0700086496822796,7,468.7156405601311
2025-02-17,Fashion,Backpack,45,0.01671011891086263,11,486.72849113912304
2025-02-17,Beauty,Face Serum,28,0.029778407476196152,5,135.83102295333254
2025-02-17,Beauty,Hair Dryer,55,0.050069660783706955,7,365.7231805982728
2025-02-17,Beauty,Perfume,60,0.0881004373290297,2,109.42794752051643
2025-02-18,Electronics,Wireless Headphones,65,0.06320934640796562,7,426.2397473843757
2025-02-18,Electronics,Smart Watch,85,0.02588553150044838,2,165.59945964492377
2025-02-18,Electronics,Bluetooth Speaker,48,0.021842543990966603,8,375.6124631074688
2025-02-18,Home,Air Fryer,110,0.021121367940589587,6,646.0598971592109
2025-02-18,Home,Coffee Maker,75,0.047369656892485665,6,428.68365439838146
2025-02-18,Home,LED Lamp,32,0.02093218170760013,7,219.31119129749757
2025-02-18,Fashion,Hoodie,38,0.018941486480841787,11,410.0824586510081
2025-02-18,Fashion,Sneakers,72,0.06552748604960941,6,403.6921260265687
2025-02-18,Fashion,Backpack,45,0.04242514348471708,9,387.8178168886896
2025-02-18,Beauty,Face Serum,28,0.00031761706186127225,2,55.982213444535766
2025-02-18,Beauty,Hair Dryer,55,0.035578640884243444,2,106.08634950273321
2025-02-18,Beauty,Perfume,60,0.0426369107315908,4,229.7671414244182
2025-02-19,Electronics,Wireless Headphones,65,0.0836329234606755,10,595.638599750561
2025-02-19,Electronics,Smart Watch,85,0.019777440312932444,8,666.5513405872059
2025-02-19,Electronics,Bluetooth Speaker,48,0.04759516401340345,6,274.2925927641398
2025-02-19,Home,Air Fryer,110,0.04875153404120694,5,523.1866562773362
2025-02-19,Home,Coffee Maker,75,0.09591852995086901,2,135.61222050736964
2025-02-19,Home,LED Lamp,32,0.09077764471090849,8,232.7609229540074
2025-02-19,Fashion,Hoodie,38,0.032264643004601856,12,441.28732278990157
2025-02-19,Fashion,Sneakers,72,0.01676944002735606,8,566.3408025442429
2025-02-19,Fashion,Backpack,45,0.02201824560002438,6,264.0550736879934
2025-02-19,Beauty,Face Serum,28,0.048704981298535656,1,26.636260523641003
2025-02-19,Beauty,Hair Dryer,55,0.10056902573679355,11,544.1557394292399
2025-02-19,Beauty,Perfume,60,0.0034980254631607408,5,298.9505923610518
2025-02-20,Electronics,Wireless Headphones,65,0.06223621924004367,10,609.5464574939716
2025-02-20,Electronics,Smart Watch,85,0.07203499393548347,9,709.8932296393551
2025-02-20,Electronics,Bluetooth Speaker,48,0.019494061863502533,7,329.44999521386313
2025-02-20,Home,Air Fryer,110,0.013988894995083816,3,325.3836646516223
2025-02-20,Home,Coffee Maker,75,0.03926802214257048,11,792.6038817323794
2025-02-20,Home,LED Lamp,32,0.06016423242217602,9,270.6727010624133
2025-02-20,Fashion,Hoodie,38,0.07180241434519523,14,493.8011155683562
2025-02-20,Fashion,Sneakers,72,0.03174132495629356,6,418.28774761888116
2025-02-20,Fashion,Backpack,45,0.02580568803374143,6,263.03246423088984
2025-02-20,Beauty,Face Serum,28,0.08489173986346688,10,256.2303128382293
2025-02-20,Beauty,Hair Dryer,55,0.057734723857001444,1,51.82459018786492
2025-02-20,Beauty,Perfume,60,0.05186693079261226,2,113.77596830488653
2025-02-21,Electronics,Wireless Headphones,65,0.05881676664346877,10,611.7691016817453
2025-02-21,Electronics,Smart Watch,85,0.04033067258566722,6,489.4313569813097
2025-02-21,Electronics,Bluetooth Speaker,48,0.016597391523607063,6,283.21995124120116
2025-02-21,Home,Air Fryer,110,0.0,6,660.0
2025-02-21,Home,Coffee Maker,75,0.0497131371885127,10,712.7151471086155
2025-02-21,Home,LED Lamp,32,0.09785758871549387,3,86.60567148331259
2025-02-21,Fashion,Hoodie,38,0.07062488635248108,8,282.5300345488457
2025-02-21,Fashion,Sneakers,72,0.07970068122015245,9,596.3539585693412
2025-02-21,Fashion,Backpack,45,0.005770302255246308,4,178.96134559405567
2025-02-21,Beauty,Face Serum,28,0.03569106658255509,2,54.00130027137692
2025-02-21,Beauty,Hair Dryer,55,0.04718881994845419,2,104.80922980567004
2025-02-21,Beauty,Perfume,60,0.0050045325653100756,7,417.89809632256976
2025-02-22,Electronics,Wireless Headphones,65,0.06088906679780845,8,488.3376852651396
2025-02-22,Electronics,Smart Watch,85,0.08433450852794472,2,155.6631335502494
2025-02-22,Electronics,Bluetooth Speaker,48,0.03712158109987472,10,462.18164107206013
2025-02-22,Home,Air Fryer,110,0.034939892168554545,4,424.626447445836
2025-02-22,Home,Coffee Maker,75,0.0629335631439969,6,421.6798965852014
2025-02-22,Home,LED Lamp,32,0.07411304770236705,4,118.51352989409702
2025-02-22,Fashion,Hoodie,38,0.0329207940815286,9,330.7410884241172
2025-02-22,Fashion,Sneakers,72,0.05045403421985374,8,546.9384762893643
2025-02-22,Fashion,Backpack,45,0.06640121461221146,8,336.09556273960385
2025-02-22,Beauty,Face Serum,28,0.05337682854951811,6,159.03269280368096
2025-02-22,Beauty,Hair Dryer,55,0.05699991941070054,7,363.05503102688033
2025-02-22,Beauty,Perfume,60,0.016085663801365065,8,472.2788813753447
2025-02-23,Electronics,Wireless Headphones,65,0.0,7,455.0
2025-02-23,Electronics,Smart Watch,85,0.05796546690227919,7,560.5105471931439
2025-02-23,Electronics,Bluetooth Speaker,48,0.04301919719748099,5,229.67539267260454
2025-02-23,Home,Air Fryer,110,0.07194759720140662,2,204.17152861569053
2025-02-23,Home,Coffee Maker,75,0.03452974052975303,4,289.6410778410741
2025-02-23,Home,LED Lamp,32,0.02839519399381142,14,435.27895309077246
2025-02-23,Fashion,Hoodie,38,0.07142806171718931,9,317.5716028927213
2025-02-23,Fashion,Sneakers,72,0.05306619414307894,12,818.1508082603798
2025-02-23,Fashion,Backpack,45,0.03578245612148099,6,260.33873684720015
2025-02-23,Beauty,Face Serum,28,0.0902197554006073,9,229.26462163904696
2025-02-23,Beauty,Hair Dryer,55,0.04575546043166088,2,104.9668993525173
2025-02-23,Beauty,Perfume,60,0.057665862471596906,6,339.2402895102251
2025-02-24,Electronics,Wireless Headphones,65,0.04076429100300034,10,623.5032108480498
2025-02-24,Electronics,Smart Watch,85,0.03452182039826502,3,246.1969357984424
2025-02-24,Electronics,Bluetooth Speaker,48,0.06897770722068272,10,446.89070053407227
2025-02-24,Home,Air Fryer,110,0.0,3,330.0
2025-02-24,Home,Coffee Maker,75,0.04480968290007156,1,71.63927378249463
2025-02-24,Home,LED Lamp,32,0.08059860344987789,5,147.10422344801952
2025-02-24,Fashion,Hoodie,38,0.06204333855428496,8,285.13882507949734
2025-02-24,Fashion,Sneakers,72,0.07209421131426819,10,668.0921678537269
2025-02-24,Fashion,Backpack,45,0.05546969377910303,9,382.53477401946327
2025-02-24,Beauty,Face Serum,28,0.04972782900389788,8,212.86096630312687
2025-02-24,Beauty,Hair Dryer,55,0.04679280756797397,7,366.98476908633
2025-02-24,Beauty,Perfume,60,0.028969094570912218,6,349.5711259544716
2025-02-25,Electronics,Wireless Headphones,65,0.06862376057049031,11,665.9340111920994
2025-02-25,Electronics,Smart Watch,85,0.06807546644034869,4,316.85434141028145
2025-02-25,Electronics,Bluetooth Speaker,48,0.03941429230152069,6,276.648683817162
2025-02-25,Home,Air Fryer,110,0.03658685248205569,3,317.9263386809216
2025-02-25,Home,Coffee Maker,75,0.09131642492744531,7,477.05887691309124
2025-02-25,Home,LED Lamp,32,0.04908431168193767,8,243.43441620942394
2025-02-25,Fashion,Hoodie,38,0.09020900902975752,9,311.1485189118229
2025-02-25,Fashion,Sneakers,72,0.033380473385809434,6,417.57963549733034
2025-02-25,Fashion,Backpack,45,0.0675950602797479,5,209.7911114370567
2025-02-25,Beauty,Face Serum,28,0.031842504631587595,4,108.43363948126219
2025-02-25,Beauty,Hair Dryer,55,0.030946302594538868,8,426.38362685840286
2025-02-25,Beauty,Perfume,60,0.06959239569917568,5,279.1222812902473
2025-02-26,Electronics,Wireless Headphones,65,0.08346826104275651,5,297.87281516110414
2025-02-26,Electronics,Smart Watch,85,0.03916781949363439,2,163.34147068608215
2025-02-26,Electronics,Bluetooth Speaker,48,0.046914699517440435,12,548.9771330779544
2025-02-26,Home,Air Fryer,110,0.05329682648411636,7,728.9614436072304
2025-02-26,Home,Coffee Maker,75,0.052458784433900084,6,426.39354700474496
2025-02-26,Home,LED Lamp,32,0.050980882944454686,12,364.4233409493294
2025-02-26,Fashion,Hoodie,38,0.04711967920174419,8,289.67561752266977
2025-02-26,Fashion,Sneakers,72,0.08683266591316066,4,262.99219221700974
2025-02-26,Fashion,Backpack,45,0.03578173826719861,8,347.1185742238085
2025-02-26,Beauty,Face Serum,28,0.060464875622000015,5,131.53491741292
2025-02-26,Beauty,Hair Dryer,55,0.07755244624656488,2,101.46923091287786
2025-02-26,Beauty,Perfume,60,0.07326537790973163,7,389.2285412779127
2025-02-27,Electronics,Wireless Headphones,65,0.023013192938571667,5,317.5207122949642
2025-02-27,Electronics,Smart Watch,85,0.04475555750273374,7,568.3704432858734
2025-02-27,Electronics,Bluetooth Speaker,48,0.05968901363455231,7,315.94449141879045
2025-02-27,Home,Air Fryer,110,0.033373520405065756,3,318.9867382663283
2025-02-27,Home,Coffee Maker,75,0.01895091481308744,3,220.73604416705533
2025-02-27,Home,LED Lamp,32,0.03876278752738465,5,153.79795399561846
2025-02-27,Fashion,Hoodie,38,0.04531013072919641,9,326.50393529061483
2025-02-27,Fashion,Sneakers,72,0.05298929272300141,9,613.662938315495
2025-02-27,Fashion,Backpack,45,0.06450397386016543,5,210.4866058814628
2025-02-27,Beauty,Face Serum,28,0.07881500791336725,5,128.9658988921286
2025-02-27,Beauty,Hair Dryer,55,0.05201314036470294,4,208.55710911976536
2025-02-27,Beauty,Perfume,60,0.03148176676205834,3,174.3332819828295
2025-02-28,Electronics,Wireless Headphones,65,0.05445026823197378,7,430.2251279544519
2025-02-28,Electronics,Smart Watch,85,0.02755727736820992,6,495.94578854221294
2025-02-28,Electronics,Bluetooth Speaker,48,0.05333383286519597,6,272.63985613482356
2025-02-28,Home,Air Fryer,110,0.06292654580245582,4,412.3123198469194
2025-02-28,Home,Coffee Maker,75,0.11672377187887661,4,264.982868436337
2025-02-28,Home,LED Lamp,32,0.05688443011198132,6,181.0781894184996
2025-02-28,Fashion,Hoodie,38,0.10365321809252664,10,340.6117771248399
2025-02-28,Fashion,Sneakers,72,0.01066411438997205,8,569.8574701113761
2025-02-28,Fashion,Backpack,45,0.04828879161656122,7,299.7890306407832
2025-02-28,Beauty,Face Serum,28,0.0812287619084533,5,128.62797333281654
2025-02-28,Beauty,Hair Dryer,55,0.029089517419887342,5,267.000382709531
2025-02-28,Beauty,Perfume,60,0.052143997366704053,6,341.22816094798657
2025-03-01,Electronics,Wireless Headphones,65,0.05336744879132771,7,430.7178107999459
2025-03-01,Electronics,Smart Watch,85,0.08225710903129196,5,390.0407286617009
2025-03-01,Electronics,Bluetooth Speaker,48,0.05627912502399906,6,271.7916119930883
2025-03-01,Home,Air Fryer,110,0.06774331183446049,2,205.0964713964187
2025-03-01,Home,Coffee Maker,75,0.048443942411462236,4,285.46681727656136
2025-03-01,Home,LED Lamp,32,0.0811041892567196,9,264.64199349406476
2025-03-01,Fashion,Hoodie,38,0.026265074599704882,12,444.02312598253457
2025-03-01,Fashion,Sneakers,72,0.04648639468567209,4,274.61191833052646
2025-03-01,Fashion,Backpack,45,0.04897607043392177,6,256.7764609828411
2025-03-01,Beauty,Face Serum,28,0.05189756519284958,14,371.65615444440294
2025-03-01,Beauty,Hair Dryer,55,0.012585937143451888,4,217.23109382844058
2025-03-01,Beauty,Perfume,60,0.022491888056485932,8,469.20389373288674
2025-03-02,Electronics,Wireless Headphones,65,0.02066621603114976,13,827.5370474536785
2025-03-02,Electronics,Smart Watch,85,0.04524869061383414,5,405.7693064891205
2025-03-02,Electronics,Bluetooth Speaker,48,0.049531131116532665,3,136.86751711921931
2025-03-02,Home,Air Fryer,110,0.06246413776994898,6,618.7736690718336
2025-03-02,Home,Coffee Maker,75,0.055369411976077476,7,495.9310587125593
2025-03-02,Home,LED Lamp,32,0.09009605568210347,6,174.70155730903613
2025-03-02,Fashion,Hoodie,38,0.05722162595863413,12,429.9069385628628
2025-03-02,Fashion,Sneakers,72,0.03010305732749484,5,349.1628993621018
2025-03-02,Fashion,Backpack,45,0.07640727107629341,4,166.24669120626717
2025-03-02,Beauty,Face Serum,28,0.07818206954412145,6,154.8654123165876
2025-03-02,Beauty,Hair Dryer,55,0.04506477558833791,8,420.17149874113136
2025-03-02,Beauty,Perfume,60,0.07471843515954145,7,388.61825723299256
2025-03-03,Electronics,Wireless Headphones,65,0.059389369855241146,7,427.9778367158653
2025-03-03,Electronics,Smart Watch,85,0.0015555301703123955,10,848.6777993552345
2025-03-03,Electronics,Bluetooth Speaker,48,0.07085642649285882,4,178.3955661133711
2025-03-03,Home,Air Fryer,110,0.06715714442875732,1,102.6127141128367
2025-03-03,Home,Coffee Maker,75,0.05524585337931604,2,141.7131219931026
2025-03-03,Home,LED Lamp,32,0.08155577801921235,3,88.17064531015562
2025-03-03,Fashion,Hoodie,38,0.04458801978511861,7,254.13958673715845
2025-03-03,Fashion,Sneakers,72,0.09552148926415682,8,520.9796221838457
2025-03-03,Fashion,Backpack,45,0.05580129279506701,5,212.44470912110992
2025-03-03,Beauty,Face Serum,28,0.01888602317539568,5,137.3559567554446
2025-03-03,Beauty,Hair Dryer,55,0.06587461938437085,6,308.2613756031576
2025-03-03,Beauty,Perfume,60,0.061619101527774674,6,337.8171234500011
2025-03-04,Electronics,Wireless Headphones,65,0.06551309858589242,5,303.708242959585
2025-03-04,Electronics,Smart Watch,85,0.0993760247670744,4,306.2121515791947
2025-03-04,Electronics,Bluetooth Speaker,48,0.06938507201900829,5,223.347582715438
2025-03-04,Home,Air Fryer,110,0.0875137028381418,1,100.3734926878044
2025-03-04,Home,Coffee Maker,75,0.046684464847885326,7,500.4906559548602
2025-03-04,Home,LED Lamp,32,0.06059857195958629,6,180.36507418375942
2025-03-04,Fashion,Hoodie,38,0.03324615269651857,7,257.15652338272605
2025-03-04,Fashion,Sneakers,72,0.06548134840856419,7,470.9974004020836
2025-03-04,Fashion,Backpack,45,0.02439925164130677,6,263.4122020568472
2025-03-04,Beauty,Face Serum,28,0.037398633858180895,4,107.81135300788374
2025-03-04,Beauty,Hair Dryer,55,0.08308924397590697,9,453.870824231926
2025-03-04,Beauty,Perfume,60,0.0,6,360.0
2025-03-05,Electronics,Wireless Headphones,65,0.06853824334780367,6,363.27008509435655
2025-03-05,Electronics,Smart Watch,85,0.0738208812490417,9,708.5270258444831
2025-03-05,Electronics,Bluetooth Speaker,48,0.045792822614604614,12,549.6233341739877
2025-03-05,Home,Air Fryer,110,0.00031294634570511876,6,659.7934554118347
2025-03-05,Home,Coffee Maker,75,0.045066251921786746,2,143.24006221173198
2025-03-05,Home,LED Lamp,32,0.056422999226401274,10,301.9446402475516
2025-03-05,Fashion,Hoodie,38,0.09108909894764011,7,241.77029967992775
2025-03-05,Fashion,Sneakers,72,0.06448424786408197,2,134.7142683075722
2025-03-05,Fashion,Backpack,45,0.06694743689898172,7,293.9115573768207
2025-03-05,Beauty,Face Serum,28,0.014869100656338168,2,55.167330363245064
2025-03-05,Beauty,Hair Dryer,55,0.0,4,220.0
2025-03-05,Beauty,Perfume,60,0.024639519949044494,4,234.08651521222933
2025-03-06,Electronics,Wireless Headphones,65,0.06526144931061682,9,546.8220521532892
2025-03-06,Electronics,Smart Watch,85,0.044944393898363175,4,324.7189060745565
2025-03-06,Electronics,Bluetooth Speaker,48,0.06562161185213719,6,269.10097578658446
2025-03-06,Home,Air Fryer,110,0.04294084554224085,9,947.4885629131816
2025-03-06,Home,Coffee Maker,75,0.06773662071090072,3,209.75926034004735
2025-03-06,Home,LED Lamp,32,0.060219462462953156,9,270.6567948106695
2025-03-06,Fashion,Hoodie,38,0.040893321537148496,8,291.56843025270683
2025-03-06,Fashion,Sneakers,72,0.02810881997186683,6,419.8569897721535
2025-03-06,Fashion,Backpack,45,0.06471754315753928,8,336.70168446328586
2025-03-06,Beauty,Face Serum,28,0.041909350375024246,7,187.78576732649523
2025-03-06,Beauty,Hair Dryer,55,0.06121890690093864,1,51.632960120448374
2025-03-06,Beauty,Perfume,60,0.0586473625379472,5,282.40579123861585
2025-03-07,Electronics,Wireless Headphones,65,0.027435146519697775,6,379.30029285731786
2025-03-07,Electronics,Smart Watch,85,0.06507444721894769,3,238.40601595916834
2025-03-07,Electronics,Bluetooth Speaker,48,0.028164632419449002,7,326.53668350706516
2025-03-07,Home,Air Fryer,110,0.020188418662882176,5,538.8963697354149
2025-03-07,Home,Coffee Maker,75,0.11826565684163068,1,66.1300757368777
2025-03-07,Home,LED Lamp,32,0.07185419054952519,11,326.70732492656714
2025-03-07,Fashion,Hoodie,38,0.05563306779821253,13,466.517264507683
2025-03-07,Fashion,Sneakers,72,0.03364727321877895,9,626.1965669542312
2025-03-07,Fashion,Backpack,45,0.08529522675147616,6,246.97028877710144
2025-03-07,Beauty,Face Serum,28,0.06443132387625036,4,104.78369172585995
2025-03-07,Beauty,Hair Dryer,55,0.0750275146702942,5,254.36743346566908
2025-03-07,Beauty,Perfume,60,0.12699998767129006,10,523.800007397226
2025-03-08,Electronics,Wireless Headphones,65,0.014365450529487768,13,832.8611943025828
2025-03-08,Electronics,Smart Watch,85,0.01842278237844823,6,500.60438098699143
2025-03-08,Electronics,Bluetooth Speaker,48,0.06290765171428855,10,449.8043271771415
2025-03-08,Home,Air Fryer,110,0.09484465524773293,6,597.4025275364963
2025-03-08,Home,Coffee Maker,75,0.046716202549385716,3,214.48885442638823
2025-03-08,Home,LED Lamp,32,0.03649057677921461,7,215.8261108014559
2025-03-08,Fashion,Hoodie,38,0.07427750887463977,4,140.70981865105475
2025-03-08,Fashion,Sneakers,72,0.04877844294212617,13,890.3433774061699
2025-03-08,Fashion,Backpack,45,0.03277575729854987,9,391.7258182940873
2025-03-08,Beauty,Face Serum,28,0.03803363994520852,7,188.54540657073915
2025-03-08,Beauty,Hair Dryer,55,0.03211818576680284,3,159.70049934847754
2025-03-08,Beauty,Perfume,60,0.04811572314803774,9,514.0175095000596
2025-03-09,Electronics,Wireless Headphones,65,0.041718669157329545,13,809.7477245620565
2025-03-09,Electronics,Smart Watch,85,0.05145436302324329,2,161.25275828604865
2025-03-09,Electronics,Bluetooth Speaker,48,0.1022916246442174,8,344.72001613662053
2025-03-09,Home,Air Fryer,110,0.050097506788613994,6,626.9356455195148
2025-03-09,Home,Coffee Maker,75,0.03790622362381815,2,144.31406645642727
2025-03-09,Home,LED Lamp,32,0.05347488074599401,10,302.8880381612819
2025-03-09,Fashion,Hoodie,38,0.06717268435792573,9,319.0269419495894
2025-03-09,Fashion,Sneakers,72,0.022628596446113727,9,633.3366695029183
2025-03-09,Fashion,Backpack,45,0.056532592582434815,7,297.19223333653304
2025-03-09,Beauty,Face Serum,28,0.11368620303162262,5,124.08393157557283
2025-03-09,Beauty,Hair Dryer,55,0.017407787628617187,8,432.34057344340846
2025-03-09,Beauty,Perfume,60,0.054476998970578505,6,340.38828037059176
2025-03-10,Electronics,Wireless Headphones,65,0.05628133159023181,7,429.3919941264445
2025-03-10,Electronics,Smart Watch,85,0.02415166747945595,6,497.68264958547746
2025-03-10,Electronics,Bluetooth Speaker,48,0.014172575944535533,6,283.91829812797374
2025-03-10,Home,Air Fryer,110,0.019256789612435696,6,647.2905188557925
2025-03-10,Home,Coffee Maker,75,0.0678821270502599,7,489.3618832986136
2025-03-10,Home,LED Lamp,32,0.05880791522095099,6,180.7088802775774
2025-03-10,Fashion,Hoodie,38,0.06583239595307148,6,212.9902137226997
2025-03-10,Fashion,Sneakers,72,0.021325519661363354,2,140.92912516876368
2025-03-10,Fashion,Backpack,45,0.04962899390156001,7,299.3668669210086
2025-03-10,Beauty,Face Serum,28,0.07254076435581121,4,103.87543439214915
2025-03-10,Beauty,Hair Dryer,55,0.04197432827584607,1,52.69141194482847
2025-03-10,Beauty,Perfume,60,0.06835434000639536,6,335.39243759769766
2025-03-11,Electronics,Wireless Headphones,65,0.029707187386406098,8,504.5522625590688
2025-03-11,Electronics,Smart Watch,85,0.05622013155342042,5,401.1064440897963
2025-03-11,Electronics,Bluetooth Speaker,48,0.026666600617435757,5,233.6000158518154
2025-03-11,Home,Air Fryer,110,0.0,7,770.0
2025-03-11,Home,Coffee Maker,75,0.04547869032632726,5,357.9454911276273
2025-03-11,Home,LED Lamp,32,0.042554286137386835,6,183.8295770616217
2025-03-11,Fashion,Hoodie,38,0.028346026240234565,11,406.151361031582
2025-03-11,Fashion,Sneakers,72,0.03045962166628291,7,488.6483506801934
2025-03-11,Fashion,Backpack,45,0.058088144941253306,5,211.930167388218
2025-03-11,Beauty,Face Serum,28,0.07160633247198765,7,181.96515883549043
2025-03-11,Beauty,Hair Dryer,55,0.0691520261080464,6,307.1798313843447
2025-03-11,Beauty,Perfume,60,0.055477970635227705,10,566.7132176188634
2025-03-12,Electronics,Wireless Headphones,65,0.08198566563938696,7,417.696522134079
2025-03-12,Electronics,Smart Watch,85,0.09882273159244452,10,766.0006781464222
2025-03-12,Electronics,Bluetooth Speaker,48,0.025471437867760155,6,280.66422589408506
2025-03-12,Home,Air Fryer,110,0.045173941619200714,6,630.1851985313275
2025-03-12,Home,Coffee Maker,75,0.06633518536087944,7,490.1740276855383
2025-03-12,Home,LED Lamp,32,0.047077350540910855,3,91.48057434807255
2025-03-12,Fashion,Hoodie,38,0.04952347232739034,7,252.82675636091417
2025-03-12,Fashion,Sneakers,72,0.04531702881883975,3,206.21152177513062
2025-03-12,Fashion,Backpack,45,0.07646381128411345,8,332.47302793771917
2025-03-12,Beauty,Face Serum,28,0.016603205569487328,9,247.8159921964892
2025-03-12,Beauty,Hair Dryer,55,0.017926137072694977,2,108.02812492200356
2025-03-12,Beauty,Perfume,60,0.051286238808640305,6,341.53695402888945
2025-03-13,Electronics,Wireless Headphones,65,0.08012800836868844,5,298.95839728017626
2025-03-13,Electronics,Smart Watch,85,0.028499062381944634,10,825.775796975347
2025-03-13,Electronics,Bluetooth Speaker,48,0.05699936189438956,6,271.5841837744158
2025-03-13,Home,Air Fryer,110,0.011113155778504101,6,652.6653171861873
2025-03-13,Home,Coffee Maker,75,0.05323635655865789,4,284.0290930324026
2025-03-13,Home,LED Lamp,32,0.13226930956045913,6,166.60429256439184
2025-03-13,Fashion,Hoodie,38,0.023643788133458167,10,371.0153605092859
2025-03-13,Fashion,Sneakers,72,0.070335210859895,9,602.422783362788
2025-03-13,Fashion,Backpack,45,0.04709998812083774,8,343.0440042764984
2025-03-13,Beauty,Face Serum,28,0.023192790742274257,5,136.75300929608161
2025-03-13,Beauty,Hair Dryer,55,0.026625684176450552,7,374.7491115920666
2025-03-13,Beauty,Perfume,60,0.0680744065993242,5,279.57767802020277
2025-03-14,Electronics,Wireless Headphones,65,0.031147001092241874,9,566.7790043610385
2025-03-14,Electronics,Smart Watch,85,0.05917460272058706,9,719.7314289187509
2025-03-14,Electronics,Bluetooth Speaker,48,0.04499767917577913,8,366.7208911965008
2025-03-14,Home,Air Fryer,110,0.07280579108227692,9,917.9222668285458
2025-03-14,Home,Coffee Maker,75,0.010541045394617053,4,296.8376863816149
2025-03-14,Home,LED Lamp,32,0.06512740613002056,10,299.15923003839345
2025-03-14,Fashion,Hoodie,38,0.0,15,570.0
2025-03-14,Fashion,Sneakers,72,0.05912630990276859,5,338.71452843500333
2025-03-14,Fashion,Backpack,45,0.03263342292656385,7,304.7204717781324
2025-03-14,Beauty,Face Serum,28,0.08617261620289765,10,255.87166746318866
2025-03-14,Beauty,Hair Dryer,55,0.07150827079019861,6,306.4022706392345
2025-03-14,Beauty,Perfume,60,0.061589406312205754,2,112.6092712425353
2025-03-15,Electronics,Wireless Headphones,65,0.015987914574695027,12,767.5294266317378
2025-03-15,Electronics,Smart Watch,85,0.08836501129275881,7,542.4228182808085
2025-03-15,Electronics,Bluetooth Speaker,48,0.06273221686938421,6,269.9331215416173
2025-03-15,Home,Air Fryer,110,0.04838278638869404,7,732.7452544807055
2025-03-15,Home,Coffee Maker,75,0.07382710259770835,6,416.77780383103124
2025-03-15,Home,LED Lamp,32,0.09250735806584645,8,232.31811633514332
2025-03-15,Fashion,Hoodie,38,0.06461491752090265,13,462.0802307446741
2025-03-15,Fashion,Sneakers,72,0.059468066851530624,8,541.7463934935183
2025-03-15,Fashion,Backpack,45,0.0574475534195368,18,763.4674817301752
2025-03-15,Beauty,Face Serum,28,0.05837419730123472,5,131.82761237782714
2025-03-15,Beauty,Hair Dryer,55,0.043794383514209945,3,157.77392672015537
2025-03-15,Beauty,Perfume,60,0.11445571218469415,6,318.7959436135101
2025-03-16,Electronics,Wireless Headphones,65,0.04981715630971402,14,864.6663877581602
2025-03-16,Electronics,Smart Watch,85,0.01847618455210521,5,417.1476215653553
2025-03-16,Electronics,Bluetooth Speaker,48,0.04760410068275626,8,365.7200253378216
2025-03-16,Home,Air Fryer,110,0.047369257284996386,3,314.3681450959512
2025-03-16,Home,Coffee Maker,75,0.05838730263835586,10,706.209523021233
2025-03-16,Home,LED Lamp,32,0.06726866101404327,11,328.32143132305674
2025-03-16,Fashion,Hoodie,38,0.028858917700440048,12,442.84033352859933
2025-03-16,Fashion,Sneakers,72,0.09261164094424879,11,718.651580372155
2025-03-16,Fashion,Backpack,45,0.06431098152805756,8,336.8480466498993
2025-03-16,Beauty,Face Serum,28,0.0794088183164233,12,309.3186370456818
2025-03-16,Beauty,Hair Dryer,55,0.09883585037753082,3,148.69208468770742
2025-03-16,Beauty,Perfume,60,0.031521085149219696,9,522.9786140194213
2025-03-17,Electronics,Wireless Headphones,65,0.03409089463041173,6,376.70455109413945
2025-03-17,Electronics,Smart Watch,85,0.058731899913728264,9,720.0700965659978
2025-03-17,Electronics,Bluetooth Speaker,48,0.07023436745055586,5,223.1437518118666
2025-03-17,Home,Air Fryer,110,0.06809020914408638,7,717.5705389590535
2025-03-17,Home,Coffee Maker,75,0.07330385066857052,8,556.0176895988577
2025-03-17,Home,LED Lamp,32,0.03325689355320551,9,278.4220146566768
2025-03-17,Fashion,Hoodie,38,0.0,9,342.0
2025-03-17,Fashion,Sneakers,72,0.032864798270116805,4,278.53493809820634
2025-03-17,Fashion,Backpack,45,0.03130572622058439,10,435.912423200737
2025-03-17,Beauty,Face Serum,28,0.04914387193399711,11,292.8636874443289
2025-03-17,Beauty,Hair Dryer,55,0.06474972541948265,7,360.0713557134992
2025-03-17,Beauty,Perfume,60,0.0066192728078519406,1,59.602843631528884
2025-03-18,Electronics,Wireless Headphones,65,0.056626008021813626,6,367.9158568714927
2025-03-18,Electronics,Smart Watch,85,0.05660369191299999,6,481.13211712437004
2025-03-18,Electronics,Bluetooth Speaker,48,0.06638398953744223,10,448.1356850220277
2025-03-18,Home,Air Fryer,110,0.06768483937571865,5,512.7733383433547
2025-03-18,Home,Coffee Maker,75,0.04650021892606244,5,357.56241790272657
2025-03-18,Home,LED Lamp,32,0.04688833238979851,8,243.99658690821158
2025-03-18,Fashion,Hoodie,38,0.06680391133963892,13,460.9988677982184
2025-03-18,Fashion,Sneakers,72,0.07587076797364156,9,598.8357423530803
2025-03-18,Fashion,Backpack,45,0.07042275520385542,15,627.4646402373976
2025-03-18,Beauty,Face Serum,28,0.09317436821440997,5,126.95558844998261
2025-03-18,Beauty,Hair Dryer,55,0.06175260095016944,2,103.20721389548136
2025-03-18,Beauty,Perfume,60,0.04863707449328315,6,342.49065318241804
2025-03-19,Electronics,Wireless Headphones,65,0.02948802155164309,10,630.8327859914319
2025-03-19,Electronics,Smart Watch,85,0.05559709244911786,6,481.6454828509499
2025-03-19,Electronics,Bluetooth Speaker,48,0.04268403135020947,8,367.60933196151956
2025-03-19,Home,Air Fryer,110,0.03331300329521567,5,531.6778481876314
2025-03-19,Home,Coffee Maker,75,0.05282236735540842,3,213.1149673450331
2025-03-19,Home,LED Lamp,32,0.05237166462384754,7,212.26874712425814
2025-03-19,Fashion,Hoodie,38,0.05909167036687293,9,321.79064873452944
2025-03-19,Fashion,Sneakers,72,0.04663681214515154,8,549.1371962043927
2025-03-19,Fashion,Backpack,45,0.014621873086455926,4,177.36806284443793
2025-03-19,Beauty,Face Serum,28,0.04533288761239255,6,160.38407488111807
2025-03-19,Beauty,Hair Dryer,55,0.036270784758159,7,371.0357478681088
2025-03-19,Beauty,Perfume,60,0.07744705870922249,8,442.82541181957316
2025-03-20,Electronics,Wireless Headphones,65,0.019491477643711987,5,318.6652697657936
2025-03-20,Electronics,Smart Watch,85,0.024094891498661987,10,829.5193422261374
2025-03-20,Electronics,Bluetooth Speaker,48,0.016844175385309842,10,471.9147958150513
2025-03-20,Home,Air Fryer,110,0.06592273393043725,1,102.74849926765191
2025-03-20,Home,Coffee Maker,75,0.07606655449747764,2,138.59001682537834
2025-03-20,Home,LED Lamp,32,0.06502769939194282,8,239.35290895566263
2025-03-20,Fashion,Hoodie,38,0.06205822399124849,8,285.13429990666043
2025-03-20,Fashion,Sneakers,72,0.04388998186410912,12,826.0790556694097
2025-03-20,Fashion,Backpack,45,0.04113603451511216,4,172.5955137872798
2025-03-20,Beauty,Face Serum,28,0.08068951525399838,8,205.92554858310436
2025-03-20,Beauty,Hair Dryer,55,0.03129196871974708,5,266.39470860206956
2025-03-20,Beauty,Perfume,60,0.03140478841439047,2,116.23142539027315
2025-03-21,Electronics,Wireless Headphones,65,0.05062261071314832,8,493.67624242916287
2025-03-21,Electronics,Smart Watch,85,0.038266542767562625,2,163.49468772951437
2025-03-21,Electronics,Bluetooth Speaker,48,0.01658027171857953,6,283.22488174504906
2025-03-21,Home,Air Fryer,110,0.048804303787815896,4,418.52610633336104
2025-03-21,Home,Coffee Maker,75,0.07270719078705681,3,208.64088207291223
2025-03-21,Home,LED Lamp,32,0.06272522358029697,5,149.96396422715247
2025-03-21,Fashion,Hoodie,38,0.04957229987570321,6,216.69751562833966
2025-03-21,Fashion,Sneakers,72,0.04808598456870205,7,479.76466377737415
2025-03-21,Fashion,Backpack,45,0.11245330694768953,13,519.2148154356016
2025-03-21,Beauty,Face Serum,28,0.1152107140819072,8,198.1928000456528
2025-03-21,Beauty,Hair Dryer,55,0.06026999719125547,8,413.4812012358476
2025-03-21,Beauty,Perfume,60,0.0768033557043933,10,553.917986577364
2025-03-22,Electronics,Wireless Headphones,65,0.002632028505344143,10,648.2891814715263
2025-03-22,Electronics,Smart Watch,85,0.01098861332385366,16,1345.055485879559
2025-03-22,Electronics,Bluetooth Speaker,48,0.042602358995589576,13,597.416127986752
2025-03-22,Home,Air Fryer,110,0.06717660906045311,6,615.663438020101
2025-03-22,Home,Coffee Maker,75,0.046774152879043435,9,643.4274468066457
2025-03-22,Home,LED Lamp,32,0.0676949388024318,6,179.00257174993308
2025-03-22,Fashion,Hoodie,38,0.0645950617002109,12,426.54465186470384
2025-03-22,Fashion,Sneakers,72,0.05525637643542408,7,476.1507862765462
2025-03-22,Fashion,Backpack,45,0.0,8,360.0
2025-03-22,Beauty,Face Serum,28,0.03612670659244785,8,215.90761772329168
2025-03-22,Beauty,Hair Dryer,55,0.025198887324750903,9,482.5265507742483
2025-03-22,Beauty,Perfume,60,0.017129303700792055,9,530.7501760015723
2025-03-23,Electronics,Wireless Headphones,65,0.003799028437624412,6,388.5183789093265
2025-03-23,Electronics,Smart Watch,85,0.039077010409123474,9,735.1060870370205
2025-03-23,Electronics,Bluetooth Speaker,48,0.0728425142130684,6,267.0213559066363
2025-03-23,Home,Air Fryer,110,0.03926323526105396,5,528.4052206064204
2025-03-23,Home,Coffee Maker,75,0.12265097150246988,6,394.80706282388854
2025-03-23,Home,LED Lamp,32,0.032403802254077935,8,247.70462662295606
2025-03-23,Fashion,Hoodie,38,0.04933664670082829,20,722.5041485073705
2025-03-23,Fashion,Sneakers,72,0.03393299067490388,8,556.4545973712554
2025-03-23,Fashion,Backpack,45,0.06572635957999273,8,336.3385105512026
2025-03-23,Beauty,Face Serum,28,0.04300416331525142,13,348.3464845532485
2025-03-23,Beauty,Hair Dryer,55,0.05923394558514627,7,362.1949309497187
2025-03-23,Beauty,Perfume,60,0.08242989208964488,8,440.4336517969704
2025-03-24,Electronics,Wireless Headphones,65,0.04052463554259801,9,561.2930882075801
2025-03-24,Electronics,Smart Watch,85,0.0021092956146952432,12,1017.8485184730109
2025-03-24,Electronics,Bluetooth Speaker,48,0.034010170800618696,11,510.0426298172733
2025-03-24,Home,Air Fryer,110,0.09895693304825276,3,297.3442120940766
2025-03-24,Home,Coffee Maker,75,0.0774663876945129,4,276.7600836916461
2025-03-24,Home,LED Lamp,32,0.05937343411675946,6,180.60030064958218
2025-03-24,Fashion,Hoodie,38,0.02970142706704005,11,405.58480348597726
2025-03-24,Fashion,Sneakers,72,0.06961596186076671,5,334.938253730124
2025-03-24,Fashion,Backpack,45,0.0517640710824415,3,128.0118504038704
2025-03-24,Beauty,Face Serum,28,0.09642197522197582,6,151.80110816270806
2025-03-24,Beauty,Hair Dryer,55,0.036174667436662186,7,371.07275303688505
2025-03-24,Beauty,Perfume,60,0.07746534586784778,5,276.7603962396457
2025-03-25,Electronics,Wireless Headphones,65,0.04435494621012024,3,186.35078548902655
2025-03-25,Electronics,Smart Watch,85,0.07737335805039297,5,392.11632282858295
2025-03-25,Electronics,Bluetooth Speaker,48,0.050897160375838434,9,410.01242671763777
2025-03-25,Home,Air Fryer,110,0.019240303085264445,5,539.4178333031045
2025-03-25,Home,Coffee Maker,75,0.060159238551745264,7,493.4163997603337
2025-03-25,Home,LED Lamp,32,0.04506342437219693,10,305.57970420089697
2025-03-25,Fashion,Hoodie,38,0.07492047849062328,16,562.4483490777011
2025-03-25,Fashion,Sneakers,72,0.05460078191139859,12,816.8249244285516
2025-03-25,Fashion,Backpack,45,0.07475243677062883,14,582.9059648345038
2025-03-25,Beauty,Face Serum,28,0.035163901848769656,6,162.0924644894067
2025-03-25,Beauty,Hair Dryer,55,0.06360715590967672,2,103.00321284993557
2025-03-25,Beauty,Perfume,60,0.03900776171001716,11,634.2548772713886
2025-03-26,Electronics,Wireless Headphones,65,0.0751333628367038,7,420.8143199092998
2025-03-26,Electronics,Smart Watch,85,0.0263922153916041,7,579.2966318419956
2025-03-26,Electronics,Bluetooth Speaker,48,0.056086193358804465,3,135.92358815633216
2025-03-26,Home,Air Fryer,110,0.028061798888361463,3,320.7396063668407
2025-03-26,Home,Coffee Maker,75,0.025866440519973218,5,365.30008480501004
2025-03-26,Home,LED Lamp,32,0.049664693948089915,10,304.10729793661125
2025-03-26,Fashion,Hoodie,38,0.07466444337246059,5,175.8137557592325
2025-03-26,Fashion,Sneakers,72,0.04707398020980589,7,480.2747139742578
2025-03-26,Fashion,Backpack,45,0.03501111963855377,10,434.2449961626508
2025-03-26,Beauty,Face Serum,28,0.04956279534392545,12,319.34690076444105
2025-03-26,Beauty,Hair Dryer,55,0.032271086777586666,4,212.90036090893094
2025-03-26,Beauty,Perfume,60,0.04813262458480482,2,114.22408504982342
2025-03-27,Electronics,Wireless Headphones,65,0.04246705705418285,7,435.6774890403468
2025-03-27,Electronics,Smart Watch,85,0.07374607145588691,0,0.0
2025-03-27,Electronics,Bluetooth Speaker,48,0.07631929948730629,7,310.35671537226506
2025-03-27,Home,Air Fryer,110,0.08355467160771927,3,302.4269583694527
2025-03-27,Home,Coffee Maker,75,0.0016447875861330466,7,524.1364865172801
2025-03-27,Home,LED Lamp,32,0.031329522052282906,8,247.97964235461558
2025-03-27,Fashion,Hoodie,38,0.024989661686404326,9,333.4535357032497
2025-03-27,Fashion,Sneakers,72,0.05227162950901695,5,341.1822133767539
2025-03-27,Fashion,Backpack,45,0.01892231206824852,7,309.0394716985017
2025-03-27,Beauty,Face Serum,28,0.08214747382776288,8,205.5989658625811
2025-03-27,Beauty,Hair Dryer,55,0.046110084341945,3,157.39183608357908
2025-03-27,Beauty,Perfume,60,0.0876519976621255,6,328.4452808416348
2025-03-28,Electronics,Wireless Headphones,65,0.05563134901191166,8,491.0716985138059
2025-03-28,Electronics,Smart Watch,85,0.04131817574398265,5,407.4397753088074
2025-03-28,Electronics,Bluetooth Speaker,48,0.06746672700921522,7,313.3311797249037
2025-03-28,Home,Air Fryer,110,0.003132374683597325,5,548.2771939240215
2025-03-28,Home,Coffee Maker,75,0.03544864625141008,4,289.36540612457696
2025-03-28,Home,LED Lamp,32,0.012470813972008873,6,189.6056037173743
2025-03-28,Fashion,Hoodie,38,0.04427907130184501,11,399.4913481958288
2025-03-28,Fashion,Sneakers,72,0.00296684498245061,13,933.2230330964262
2025-03-28,Fashion,Backpack,45,0.058227792888228304,3,127.13924796008918
2025-03-28,Beauty,Face Serum,28,0.04815955389684011,6,159.90919494533085
2025-03-28,Beauty,Hair Dryer,55,0.049784393543117575,3,156.7855750653856
2025-03-28,Beauty,Perfume,60,0.014485523456525567,6,354.7852115556508
2025-03-29,Electronics,Wireless Headphones,65,0.02207486810383702,14,889.9118700255084
2025-03-29,Electronics,Smart Watch,85,0.034723447719539224,6,492.29104166303495
2025-03-29,Electronics,Bluetooth Speaker,48,0.0,6,288.0
2025-03-29,Home,Air Fryer,110,0.05095988792116837,10,1043.9441232867148
2025-03-29,Home,Coffee Maker,75,0.0,6,450.0
2025-03-29,Home,LED Lamp,32,0.12065026431683251,5,140.69595770930678
2025-03-29,Fashion,Hoodie,38,0.032474686753490065,6,220.59577142020427
2025-03-29,Fashion,Sneakers,72,0.04647856220008907,5,343.26771760796794
2025-03-29,Fashion,Backpack,45,0.0375650278654962,9,389.786163714474
2025-03-29,Beauty,Face Serum,28,0.08062235849767896,5,128.71286981032495
2025-03-29,Beauty,Hair Dryer,55,0.04659887367226691,8,419.4964955842026
2025-03-29,Beauty,Perfume,60,0.053337163742881936,9,511.1979315788438
2025-03-30,Electronics,Wireless Headphones,65,0.07026767475531706,13,785.6238148317572
2025-03-30,Electronics,Smart Watch,85,0.06323189656233702,8,637.0023103376108
2025-03-30,Electronics,Bluetooth Speaker,48,0.07930631754571786,9,397.7396708202499
2025-03-30,Home,Air Fryer,110,0.03982405598589926,8,844.9548307324087
2025-03-30,Home,Coffee Maker,75,0.05104557032152467,6,427.0294933553139
2025-03-30,Home,LED Lamp,32,0.025009463314443064,11,343.19666891331605
2025-03-30,Fashion,Hoodie,38,0.037803615677002154,12,438.761551251287
2025-03-30,Fashion,Sneakers,72,0.0539704449638089,7,476.79889573824033
2025-03-30,Fashion,Backpack,45,0.008108387156882682,11,490.9863483573431
2025-03-30,Beauty,Face Serum,28,0.054311423839633804,3,79.43784039747075
2025-03-30,Beauty,Hair Dryer,55,0.04876137095537808,5,261.59062298727105
2025-03-30,Beauty,Perfume,60,0.06287442501530549,9,506.04781049173505
2025-03-31,Electronics,Wireless Headphones,65,0.044554200272108865,7,434.72783887619045
2025-03-31,Electronics,Smart Watch,85,0.06155542256942222,12,957.2134689791893
2025-03-31,Electronics,Bluetooth Speaker,48,0.05669667898724402,4,181.11423763444913
2025-03-31,Home,Air Fryer,110,0.06920917541010992,5,511.93495352443955
2025-03-31,Home,Coffee Maker,75,0.05042541838186086,8,569.7447489708835
2025-03-31,Home,LED Lamp,32,0.05985595688787965,4,120.33843751835141
2025-03-31,Fashion,Hoodie,38,0.04814614161018596,12,434.04535942575524
2025-03-31,Fashion,Sneakers,72,0.0310373374340724,10,697.6531170474678
2025-03-31,Fashion,Backpack,45,0.027898205720626467,5,218.72290371285902
2025-03-31,Beauty,Face Serum,28,0.08124936885311218,6,154.35010603267716
2025-03-31,Beauty,Hair Dryer,55,0.044231583002629124,5,262.836314674277
2025-03-31,Beauty,Perfume,60,0.06874651276257038,12,670.5025108109493
2025-04-01,Electronics,Wireless Headphones,65,0.03716512053393197,12,751.011205983533
2025-04-01,Electronics,Smart Watch,85,0.03574526713078691,7,573.7315660571818
2025-04-01,Electronics,Bluetooth Speaker,48,0.012180805493184524,12,568.9838560359257
2025-04-01,Home,Air Fryer,110,0.06612288584015767,6,616.358895345496
2025-04-01,Home,Coffee Maker,75,0.0,1,75.0
2025-04-01,Home,LED Lamp,32,0.021260464235023275,8,250.55732115583405
2025-04-01,Fashion,Hoodie,38,0.06227741376305079,14,498.86841587805696
2025-04-01,Fashion,Sneakers,72,0.05173381171169649,5,341.3758277837893
2025-04-01,Fashion,Backpack,45,0.08662811417417955,8,328.81387889729535
2025-04-01,Beauty,Face Serum,28,0.04258784572192051,6,160.84524191871736
2025-04-01,Beauty,Hair Dryer,55,0.04233787532933471,5,263.357084284433
2025-04-01,Beauty,Perfume,60,0.05482916229307305,6,340.2615015744937
2025-04-02,Electronics,Wireless Headphones,65,0.04295111200719433,5,311.0408885976618
2025-04-02,Electronics,Smart Watch,85,0.011595925441719862,6,504.0860780247229
2025-04-02,Electronics,Bluetooth Speaker,48,0.11029531247707043,7,298.9407750077043
2025-04-02,Home,Air Fryer,110,0.06299064563061549,6,618.4261738837938
2025-04-02,Home,Coffee Maker,75,0.0602017629498873,2,140.9697355575169
2025-04-02,Home,LED Lamp,32,0.01801577557477243,8,251.38796145285826
2025-04-02,Fashion,Hoodie,38,0.0287785384790008,7,258.3449087645858
2025-04-02,Fashion,Sneakers,72,0.03844632433515518,6,415.391187887213
2025-04-02,Fashion,Backpack,45,0.01910686756102016,9,397.2617186377868
2025-04-02,Beauty,Face Serum,28,0.1074062434060617,8,199.9410014770422
2025-04-02,Beauty,Hair Dryer,55,0.08501686456289118,8,402.5925795923279
2025-04-02,Beauty,Perfume,60,0.05816795392319855,11,621.6091504106889
2025-04-03,Electronics,Wireless Headphones,65,0.092899301587377,11,648.5769993650255
2025-04-03,Electronics,Smart Watch,85,0.03917449192289457,6,490.02100911932376
2025-04-03,Electronics,Bluetooth Speaker,48,0.09350005751728756,10,435.119972391702
2025-04-03,Home,Air Fryer,110,0.058022403581458395,4,414.4701424241583
2025-04-03,Home,Coffee Maker,75,0.05638117494833156,5,353.85705939437565
2025-04-03,Home,LED Lamp,32,0.04251421368626133,4,122.55818064815855
2025-04-03,Fashion,Hoodie,38,0.026337166414408295,7,258.9943137337674
2025-04-03,Fashion,Sneakers,72,0.07914550532183091,7,464.1106653177972
2025-04-03,Fashion,Backpack,45,0.01998036328222203,15,661.5132547845001
2025-04-03,Beauty,Face Serum,28,0.03614334802380727,6,161.92791753200038
2025-04-03,Beauty,Hair Dryer,55,0.07218964278795158,4,204.11827858665066
2025-04-03,Beauty,Perfume,60,0.05704207234375171,12,678.9297079124988
2025-04-04,Electronics,Wireless Headphones,65,0.060826616634600775,8,488.3701593500076
2025-04-04,Electronics,Smart Watch,85,0.06578838211000831,3,238.2239625619479
2025-04-04,Electronics,Bluetooth Speaker,48,0.050550618924191895,7,319.01499204147154
2025-04-04,Home,Air Fryer,110,0.03651852561406104,7,741.880735277173
2025-04-04,Home,Coffee Maker,75,0.052497096971719906,11,781.689894998331
2025-04-04,Home,LED Lamp,32,0.051321632941124046,9,273.2193697129563
2025-04-04,Fashion,Hoodie,38,0.02947761330889345,8,295.03880555409637
2025-04-04,Fashion,Sneakers,72,0.05724996745114143,13,882.4140304657317
2025-04-04,Fashion,Backpack,45,0.0,6,270.0
2025-04-04,Beauty,Face Serum,28,0.10279907868392746,9,226.0946321716503
2025-04-04,Beauty,Hair Dryer,55,0.0,9,495.0
2025-04-04,Beauty,Perfume,60,0.06289154807562565,7,393.5855498082372
2025-04-05,Electronics,Wireless Headphones,65,0.06903332471965946,8,484.10267114577704
2025-04-05,Electronics,Smart Watch,85,0.047339585883934346,9,728.7852167987902
2025-04-05,Electronics,Bluetooth Speaker,48,0.024380832518288837,7,327.80804027385494
2025-04-05,Home,Air Fryer,110,0.09050263145784632,3,300.1341316189107
2025-04-05,Home,Coffee Maker,75,0.036784246072244335,5,361.20590772290836
2025-04-05,Home,LED Lamp,32,0.0280548398637864,15,466.5336768653825
2025-04-05,Fashion,Hoodie,38,0.06647246911518903,9,319.26641556260535
2025-04-05,Fashion,Sneakers,72,0.05678319221401479,7,475.38127112413656
2025-04-05,Fashion,Backpack,45,0.058766830776941045,13,550.6214039954895
2025-04-05,Beauty,Face Serum,28,0.06049408896106844,6,157.8369930545405
2025-04-05,Beauty,Hair Dryer,55,0.05400693179160217,5,260.14809375730937
2025-04-05,Beauty,Perfume,60,0.04911899681267354,7,399.37002133867713
2025-04-06,Electronics,Wireless Headphones,65,0.08165072701317977,9,537.2343246972898
2025-04-06,Electronics,Smart Watch,85,0.012267234398258359,10,839.5728507614804
2025-04-06,Electronics,Bluetooth Speaker,48,0.07772238378763088,11,486.9625813601309
2025-04-06,Home,Air Fryer,110,0.05490706927170793,10,1039.6022238011212
2025-04-06,Home,Coffee Maker,75,0.09230172202061385,8,544.6189667876317
2025-04-06,Home,LED Lamp,32,0.0,9,288.0
2025-04-06,Fashion,Hoodie,38,0.06806498392788997,16,566.6164897718429
2025-04-06,Fashion,Sneakers,72,0.060701246219276375,11,743.9246129943331
2025-04-06,Fashion,Backpack,45,0.06084213382704814,11,464.8831437556112
2025-04-06,Beauty,Face Serum,28,0.03750479106844225,7,188.64906095058532
2025-04-06,Beauty,Hair Dryer,55,0.04342557983994168,5,263.05796554401604
2025-04-06,Beauty,Perfume,60,0.03572583380484465,6,347.1386998302559
2025-04-07,Electronics,Wireless Headphones,65,0.031035336506173863,10,629.827031270987
2025-04-07,Electronics,Smart Watch,85,0.08082120659826605,8,625.041579513179
2025-04-07,Electronics,Bluetooth Speaker,48,0.07521229512425352,5,221.94904917017914
2025-04-07,Home,Air Fryer,110,0.08555404749911358,5,502.94527387548754
2025-04-07,Home,Coffee Maker,75,0.07532806030763337,4,277.40158190771
2025-04-07,Home,LED Lamp,32,0.08190660147362802,5,146.8949437642195
2025-04-07,Fashion,Hoodie,38,0.056660562704496174,7,250.92829032060402
2025-04-07,Fashion,Sneakers,72,0.04284289580758227,8,551.3224920148326
2025-04-07,Fashion,Backpack,45,0.06567721136559768,8,336.3562039083848
2025-04-07,Beauty,Face Serum,28,0.012273214719361637,1,27.656349987857876
2025-04-07,Beauty,Hair Dryer,55,0.02639061687461855,4,214.19406428758393
2025-04-07,Beauty,Perfume,60,0.028589833554395427,6,349.70765992041765
2025-04-08,Electronics,Wireless Headphones,65,0.09123777818329654,5,295.34772209042865
2025-04-08,Electronics,Smart Watch,85,0.035864147724469816,9,737.5639269907806
2025-04-08,Electronics,Bluetooth Speaker,48,0.06030597349366115,8,360.8425061784341
2025-04-08,Home,Air Fryer,110,0.12249098299038025,5,482.6299593552909
2025-04-08,Home,Coffee Maker,75,0.016047100675619645,6,442.77880469597113
2025-04-08,Home,LED Lamp,32,0.030649328215039233,5,155.09610748559373
2025-04-08,Fashion,Hoodie,38,0.05369099479291119,9,323.6376797808244
2025-04-08,Fashion,Sneakers,72,0.027820686220443598,7,489.9783741448964
2025-04-08,Fashion,Backpack,45,0.04481795128597596,8,343.8655375370486
2025-04-08,Beauty,Face Serum,28,0.03988944714952873,3,80.64928643943959
2025-04-08,Beauty,Hair Dryer,55,0.05770151061702203,2,103.65283383212758
2025-04-08,Beauty,Perfume,60,0.07679480470280266,7,387.7461820248229
2025-04-09,Electronics,Wireless Headphones,65,0.012569604004616854,11,706.012733136699
2025-04-09,Electronics,Smart Watch,85,0.06880711055220219,4,316.60558241225124
2025-04-09,Electronics,Bluetooth Speaker,48,0.027930455651958796,6,279.95602877223587
2025-04-09,Home,Air Fryer,110,0.06149128240078331,5,516.1797946795692
2025-04-09,Home,Coffee Maker,75,0.07237044453615464,7,487.0055166185188
2025-04-09,Home,LED Lamp,32,0.029987047864431616,3,93.12124340501457
2025-04-09,Fashion,Hoodie,38,0.05931088173371873,9,321.7156784470682
2025-04-09,Fashion,Sneakers,72,0.03238717424516284,6,418.0087407260897
2025-04-09,Fashion,Backpack,45,0.10212230195492618,10,404.0449641202832
2025-04-09,Beauty,Face Serum,28,0.048412383287852044,10,266.44453267940145
2025-04-09,Beauty,Hair Dryer,55,0.06883308867437524,7,358.49926086036555
2025-04-09,Beauty,Perfume,60,0.05307039343999265,9,511.34198754240396
2025-04-10,Electronics,Wireless Headphones,65,0.04323154392145707,7,435.329647515737
2025-04-10,Electronics,Smart Watch,85,0.05613819431366837,8,641.8260278667055
2025-04-10,Electronics,Bluetooth Speaker,48,0.04192465326632891,13,597.8390163618108
2025-04-10,Home,Air Fryer,110,0.058700268123942884,3,310.62891151909884
2025-04-10,Home,Coffee Maker,75,0.03179081875957866,6,435.6941315581896
2025-04-10,Home,LED Lamp,32,0.0731156107146117,5,148.30150228566214
2025-04-10,Fashion,Hoodie,38,0.061879767175672784,7,249.53998193127103
2025-04-10,Fashion,Sneakers,72,0.04969231458338779,5,342.1107667499804
2025-04-10,Fashion,Backpack,45,0.04276078871069574,9,387.6818805721682
2025-04-10,Beauty,Face Serum,28,0.04478245942511274,4,106.98436454438738
2025-04-10,Beauty,Hair Dryer,55,0.0,8,440.0
2025-04-10,Beauty,Perfume,60,0.055355041733857725,4,226.71478998387414
2025-04-11,Electronics,Wireless Headphones,65,0.03312315322080388,7,439.92896528453423
2025-04-11,Electronics,Smart Watch,85,0.04887525144926287,7,565.9192253876886
2025-04-11,Electronics,Bluetooth Speaker,48,0.04598892935116043,7,320.54771973801013
2025-04-11,Home,Air Fryer,110,0.03412810237493359,2,212.49181747751462
2025-04-11,Home,Coffee Maker,75,0.026452548454065198,4,292.06423546378045
2025-04-11,Home,LED Lamp,32,0.05446041131592374,3,90.77180051367132
2025-04-11,Fashion,Hoodie,38,0.08024020489465417,9,314.55784992602827
2025-04-11,Fashion,Sneakers,72,0.0381792938231217,7,484.75763591314666
2025-04-11,Fashion,Backpack,45,0.02469072219112574,6,263.33350500839606
2025-04-11,Beauty,Face Serum,28,0.06447003860808351,8,209.5587113517893
2025-04-11,Beauty,Hair Dryer,55,0.06899454347550682,4,204.8212004353885
2025-04-11,Beauty,Perfume,60,0.013142301400772757,6,355.2687714957218
2025-04-12,Electronics,Wireless Headphones,65,0.026439787077466904,16,1012.5026214394345
2025-04-12,Electronics,Smart Watch,85,0.058249337170857736,18,1440.8785141285875
2025-04-12,Electronics,Bluetooth Speaker,48,0.0,8,384.0
2025-04-12,Home,Air Fryer,110,0.08157188976505947,3,303.0812763775304
2025-04-12,Home,Coffee Maker,75,0.045538213813330286,5,357.92316982000114
2025-04-12,Home,LED Lamp,32,0.09656526612895126,8,231.2792918709885
2025-04-12,Fashion,Hoodie,38,0.07866308607008665,11,385.1188300227038
2025-04-12,Fashion,Sneakers,72,0.06775475220970556,17,1141.0681832953205
2025-04-12,Fashion,Backpack,45,0.02289796740299703,9,395.7263232017862
2025-04-12,Beauty,Face Serum,28,0.06080978455937584,8,210.3786082586998
2025-04-12,Beauty,Hair Dryer,55,0.08046478553030256,7,354.02105757083353
2025-04-12,Beauty,Perfume,60,0.017851316877941975,13,766.0759728352053
2025-04-13,Electronics,Wireless Headphones,65,0.04016506057726678,9,561.5034395622989
2025-04-13,Electronics,Smart Watch,85,0.04397322730245633,8,650.0982054343297
2025-04-13,Electronics,Bluetooth Speaker,48,0.05911458538228278,11,496.7874989181547
2025-04-13,Home,Air Fryer,110,0.03907156627198513,3,317.1063831302449
2025-04-13,Home,Coffee Maker,75,0.06204676222388208,6,422.0789569992531
2025-04-13,Home,LED Lamp,32,0.012714830579376044,12,379.11750505751957
2025-04-13,Fashion,Hoodie,38,0.008355182617424566,12,452.1900367264544
2025-04-13,Fashion,Sneakers,72,0.02816294609703489,8,559.778143048108
2025-04-13,Fashion,Backpack,45,0.07404242116598603,12,500.01709257036754
2025-04-13,Beauty,Face Serum,28,0.08925827893831251,8,204.006145517818
2025-04-13,Beauty,Hair Dryer,55,0.0,13,715.0
2025-04-13,Beauty,Perfume,60,0.0435795894755315,5,286.92612315734056
2025-04-14,Electronics,Wireless Headphones,65,0.02991268160671132,6,378.3340541733826
2025-04-14,Electronics,Smart Watch,85,0.052596650981926035,9,724.7635619988266
2025-04-14,Electronics,Bluetooth Speaker,48,0.0485643745028013,8,365.3512801909243
2025-04-14,Home,Air Fryer,110,0.05408457828753323,3,312.15208916511403
2025-04-14,Home,Coffee Maker,75,0.07205928762257743,3,208.7866602849201
2025-04-14,Home,LED Lamp,32,0.06376423397463826,3,89.87863353843473
2025-04-14,Fashion,Hoodie,38,0.044376326121104245,15,544.7054941109706
2025-04-14,Fashion,Sneakers,72,0.062145832144617746,10,675.2550008558752
2025-04-14,Fashion,Backpack,45,0.06840222193201147,10,419.2190001305948
2025-04-14,Beauty,Face Serum,28,0.05324183554609754,5,132.54614302354634
2025-04-14,Beauty,Hair Dryer,55,0.06689531070665032,4,205.28303164453692
2025-04-14,Beauty,Perfume,60,0.04857132080507241,4,228.3428830067826
2025-04-15,Electronics,Wireless Headphones,65,0.08079695568430859,5,298.7409894025997
2025-04-15,Electronics,Smart Watch,85,0.05097605695329806,5,403.3351757948483
2025-04-15,Electronics,Bluetooth Speaker,48,0.02874228102409681,6,279.7222230650601
2025-04-15,Home,Air Fryer,110,0.0176814056470563,11,1188.605499167062
2025-04-15,Home,Coffee Maker,75,0.02670689133389633,2,145.99396629991554
2025-04-15,Home,LED Lamp,32,0.013630535510269215,2,63.12764572734277
2025-04-15,Fashion,Hoodie,38,0.040239623962310254,6,218.82536573659326
2025-04-15,Fashion,Sneakers,72,0.04546018253012789,6,412.3612011469848
2025-04-15,Fashion,Backpack,45,0.08570831146694008,6,246.85875590392615
2025-04-15,Beauty,Face Serum,28,0.019129512906125946,7,192.2506154703993
2025-04-15,Beauty,Hair Dryer,55,0.06931519724953009,8,409.5013132102068
2025-04-15,Beauty,Perfume,60,0.06610829108278388,8,448.2680202802637
2025-04-16,Electronics,Wireless Headphones,65,0.02281449857085951,7,444.61940315025896
2025-04-16,Electronics,Smart Watch,85,0.03832327229467955,3,245.22756556485672
2025-04-16,Electronics,Bluetooth Speaker,48,0.05701543617172774,7,316.8428134462995
2025-04-16,Home,Air Fryer,110,0.016123610618320953,5,541.1320141599235
2025-04-16,Home,Coffee Maker,75,0.06203182908889378,0,0.0
2025-04-16,Home,LED Lamp,32,0.013783143360953258,7,220.9125758871465
2025-04-16,Fashion,Hoodie,38,0.09413335460116327,9,309.8063927264022
2025-04-16,Fashion,Sneakers,72,0.08518085514701473,11,724.5367627235643
2025-04-16,Fashion,Backpack,45,0.07502302819242489,6,249.74378238804528
2025-04-16,Beauty,Face Serum,28,0.05488309732268941,11,291.09600602461165
2025-04-16,Beauty,Hair Dryer,55,0.06945422435634344,3,153.54005298120333
2025-04-16,Beauty,Perfume,60,0.0571395727693614,8,452.57300507070653
2025-04-17,Electronics,Wireless Headphones,65,0.05203215345264516,8,492.94328020462456
2025-04-17,Electronics,Smart Watch,85,0.07783712018411983,7,548.6869134904487
2025-04-17,Electronics,Bluetooth Speaker,48,0.050962081016664676,6,273.3229206672006
2025-04-17,Home,Air Fryer,110,0.06926760038195909,5,511.9028197899225
2025-04-17,Home,Coffee Maker,75,0.05502717377245573,3,212.61888590119747
2025-04-17,Home,LED Lamp,32,0.05784001723686951,8,241.1929555873614
2025-04-17,Fashion,Hoodie,38,0.04142309681308761,7,254.98145624771868
2025-04-17,Fashion,Sneakers,72,0.03651186356410648,10,693.7114582338434
2025-04-17,Fashion,Backpack,45,0.038082188479598864,8,346.2904121473444
2025-04-17,Beauty,Face Serum,28,0.036619106921312386,6,161.84799003721952
2025-04-17,Beauty,Hair Dryer,55,0.10386263942496592,4,197.1502193265075
2025-04-17,Beauty,Perfume,60,0.0525531758697429,8,454.7744755825234
2025-04-18,Electronics,Wireless Headphones,65,0.04303989054482349,10,622.0240711458647
2025-04-18,Electronics,Smart Watch,85,0.06480830599694087,5,397.4564699513001
2025-04-18,Electronics,Bluetooth Speaker,48,0.04677802559944351,8,366.0372381698137
2025-04-18,Home,Air Fryer,110,0.028444135782865528,5,534.355725319424
2025-04-18,Home,Coffee Maker,75,0.016184148322615853,10,737.8618887580382
2025-04-18,Home,LED Lamp,32,0.006550572566813712,5,158.9519083893098
2025-04-18,Fashion,Hoodie,38,0.0,8,304.0
2025-04-18,Fashion,Sneakers,72,0.04455126840489109,8,550.3384693987828
2025-04-18,Fashion,Backpack,45,0.08170682255023667,6,247.9391579114361
2025-04-18,Beauty,Face Serum,28,0.0510380965430264,7,185.99653307756682
2025-04-18,Beauty,Hair Dryer,55,0.05176226951713845,6,312.9184510593443
2025-04-18,Beauty,Perfume,60,0.04747681658856763,4,228.60556401874376
2025-04-19,Electronics,Wireless Headphones,65,0.03143057039498265,7,440.6990904702829
2025-04-19,Electronics,Smart Watch,85,0.0693299682079108,7,553.748668916293
2025-04-19,Electronics,Bluetooth Speaker,48,0.08191947652170886,10,440.67865126957975
2025-04-19,Home,Air Fryer,110,0.05108214134505597,4,417.52385780817536
2025-04-19,Home,Coffee Maker,75,0.09669267653807377,7,474.2363448175113
2025-04-19,Home,LED Lamp,32,0.10110980092809414,2,57.52897274060197
2025-04-19,Fashion,Hoodie,38,0.03757347156343249,10,365.72208080589564
2025-04-19,Fashion,Sneakers,72,0.09556345173076611,11,716.3137462292333
2025-04-19,Fashion,Backpack,45,0.04366512002840809,4,172.14027839488654
2025-04-19,Beauty,Face Serum,28,0.03420448880433581,18,486.76093764261475
2025-04-19,Beauty,Hair Dryer,55,0.04921714803253716,4,209.17222743284182
2025-04-19,Beauty,Perfume,60,0.04030734666099628,10,575.8155920034022
2025-04-20,Electronics,Wireless Headphones,65,0.034619364514737516,13,815.7466369850468
2025-04-20,Electronics,Smart Watch,85,0.06600314884335917,5,396.9486617415723
2025-04-20,Electronics,Bluetooth Speaker,48,0.05306126457891466,5,227.26529650106048
2025-04-20,Home,Air Fryer,110,0.07661260878055862,4,406.2904521365542
2025-04-20,Home,Coffee Maker,75,0.060555880990694734,5,352.2915446284895
2025-04-20,Home,LED Lamp,32,0.06001516089120258,10,300.79514851481514
2025-04-20,Fashion,Hoodie,38,0.05357519498357833,13,467.53385367811234
2025-04-20,Fashion,Sneakers,72,0.06412808649832713,7,471.67944440484314
2025-04-20,Fashion,Backpack,45,0.05509784027957346,8,340.1647774993536
2025-04-20,Beauty,Face Serum,28,0.05366420245549843,9,238.4766209812144
2025-04-20,Beauty,Hair Dryer,55,0.047377035705430816,4,209.5770521448052
2025-04-20,Beauty,Perfume,60,0.05123512928558515,8,455.4071379429191
2025-04-21,Electronics,Wireless Headphones,65,0.11994446885964623,12,686.4433142894759
2025-04-21,Electronics,Smart Watch,85,0.03163659105620724,6,493.86533856133434
2025-04-21,Electronics,Bluetooth Speaker,48,0.046707840413723,8,366.0641892811304
2025-04-21,Home,Air Fryer,110,0.0761389193881978,8,812.9977509383859
2025-04-21,Home,Coffee Maker,75,0.043542525576566786,7,502.14017407230244
2025-04-21,Home,LED Lamp,32,0.009902042632066121,12,380.1976156292866
2025-04-21,Fashion,Hoodie,38,0.07896988173649437,16,559.9863119042114
2025-04-21,Fashion,Sneakers,72,0.01889308138375812,15,1059.5954721055411
2025-04-21,Fashion,Backpack,45,0.031249478686408292,10,435.9377345911163
2025-04-21,Beauty,Face Serum,28,0.04920793373419582,10,266.22177855442516
2025-04-21,Beauty,Hair Dryer,55,0.04316297553513324,3,157.87810903670302
2025-04-21,Beauty,Perfume,60,0.05276982733179865,9,511.5042932408287
2025-04-22,Electronics,Wireless Headphones,65,0.07708293072594999,11,659.8857045309458
2025-04-22,Electronics,Smart Watch,85,0.06116147208374842,2,159.60254974576276
2025-04-22,Electronics,Bluetooth Speaker,48,0.055704746191760114,5,226.63086091397756
2025-04-22,Home,Air Fryer,110,0.03842552133064697,4,423.0927706145153
2025-04-22,Home,Coffee Maker,75,0.1078050769832906,6,401.4877153575192
2025-04-22,Home,LED Lamp,32,0.05319544151615629,11,333.275204586313
2025-04-22,Fashion,Hoodie,38,0.07202486820083233,7,246.8413850585786
2025-04-22,Fashion,Sneakers,72,0.06858925421253062,7,469.4310158768846
2025-04-22,Fashion,Backpack,45,0.064226986272551,8,336.87828494188165
2025-04-22,Beauty,Face Serum,28,0.03282730030168608,11,297.8891915070807
2025-04-22,Beauty,Hair Dryer,55,0.04109987008729647,4,210.95802858079477
2025-04-22,Beauty,Perfume,60,0.05774756608810362,4,226.14058413885513
2025-04-23,Electronics,Wireless Headphones,65,0.04237993641106589,10,622.4530413328072
2025-04-23,Electronics,Smart Watch,85,0.05588693314668362,5,401.2480534126595
2025-04-23,Electronics,Bluetooth Speaker,48,0.10203985749027988,9,387.9187815641991
2025-04-23,Home,Air Fryer,110,0.06301858533366182,2,206.1359112265944
2025-04-23,Home,Coffee Maker,75,0.040723935133594125,3,215.8371145949413
2025-04-23,Home,LED Lamp,32,0.059805749831146046,5,150.43108002701663
2025-04-23,Fashion,Hoodie,38,0.06664043722336295,11,390.1442972406343
2025-04-23,Fashion,Sneakers,72,0.07397693348216239,9,600.0629471035588
2025-04-23,Fashion,Backpack,45,0.026332208637618516,9,394.3354555017645
2025-04-23,Beauty,Face Serum,28,0.052819521157174976,9,238.68948066839192
2025-04-23,Beauty,Hair Dryer,55,0.07986610600814678,10,506.07364169551926
2025-04-23,Beauty,Perfume,60,0.018666626616138195,11,647.6800264333488
2025-04-24,Electronics,Wireless Headphones,65,0.04624239435308849,4,247.976977468197
2025-04-24,Electronics,Smart Watch,85,0.03024145058511294,4,329.7179068010616
2025-04-24,Electronics,Bluetooth Speaker,48,0.0803644504294039,12,529.7100765526634
2025-04-24,Home,Air Fryer,110,0.08562322238266201,1,100.58144553790717
2025-04-24,Home,Coffee Maker,75,0.054308895668156915,8,567.4146625991059
2025-04-24,Home,LED Lamp,32,0.01844694603956317,6,188.45818636040386
2025-04-24,Fashion,Hoodie,38,0.11072445979348619,13,439.3021168620178
2025-04-24,Fashion,Sneakers,72,0.036508382048594364,7,485.5997754475084
2025-04-24,Fashion,Backpack,45,0.05813669359131598,6,254.30309273034467
2025-04-24,Beauty,Face Serum,28,0.0683548681091331,7,182.6024458506099
2025-04-24,Beauty,Hair Dryer,55,0.055679183383686215,6,311.62586948338355
2025-04-24,Beauty,Perfume,60,0.02647283664461408,6,350.46977880793895
2025-04-25,Electronics,Wireless Headphones,65,0.08266306455011879,14,834.776611259392
2025-04-25,Electronics,Smart Watch,85,0.025211137494614778,8,662.856426503662
2025-04-25,Electronics,Bluetooth Speaker,48,0.047712325219396445,8,365.67846711575174
2025-04-25,Home,Air Fryer,110,0.006602409637414333,6,655.6424096393065
2025-04-25,Home,Coffee Maker,75,0.018084693575438564,5,368.2182399092106
2025-04-25,Home,LED Lamp,32,0.07497765093756556,4,118.4028606799916
2025-04-25,Fashion,Hoodie,38,0.03952846501476688,4,145.99167331775544
2025-04-25,Fashion,Sneakers,72,0.055028249412829064,7,476.26576229593417
2025-04-25,Fashion,Backpack,45,0.05207252049525279,8,341.253892621709
2025-04-25,Beauty,Face Serum,28,0.04836688310992874,8,213.16581818337596
2025-04-25,Beauty,Hair Dryer,55,0.049988085049330264,7,365.7545872560078
2025-04-25,Beauty,Perfume,60,0.061347489254229684,7,394.2340545132235
2025-04-26,Electronics,Wireless Headphones,65,0.03255485264185405,11,691.7232803610743
2025-04-26,Electronics,Smart Watch,85,0.04649334930846279,6,486.28839185268396
2025-04-26,Electronics,Bluetooth Speaker,48,0.08152999384468179,11,484.95216325000797
2025-04-26,Home,Air Fryer,110,0.04954341695934343,7,731.8515689413056
2025-04-26,Home,Coffee Maker,75,0.0628788936152678,4,281.13633191541965
2025-04-26,Home,LED Lamp,32,0.07572355318187347,10,295.7684629818005
2025-04-26,Fashion,Hoodie,38,0.05296705541804292,15,539.8087784117155
2025-04-26,Fashion,Sneakers,72,0.06226362500683694,10,675.1701899950774
2025-04-26,Fashion,Backpack,45,0.01108280907887841,6,267.00764154870285
2025-04-26,Beauty,Face Serum,28,0.01229611978452192,9,248.90137781430047
2025-04-26,Beauty,Hair Dryer,55,0.04198918161406552,6,316.1435700673584
2025-04-26,Beauty,Perfume,60,0.059240088432013074,9,508.0103522467129
2025-04-27,Electronics,Wireless Headphones,65,0.02867975452237896,14,883.9014233846352
2025-04-27,Electronics,Smart Watch,85,0.049532638358583604,4,323.15890295808157
2025-04-27,Electronics,Bluetooth Speaker,48,0.06541755487129766,13,583.1794457603103
2025-04-27,Home,Air Fryer,110,0.04913966163034944,2,209.18927444132314
2025-04-27,Home,Coffee Maker,75,0.03071703306558446,4,290.78489008032466
2025-04-27,Home,LED Lamp,32,0.024212710802140977,8,249.80154603465192
2025-04-27,Fashion,Hoodie,38,0.04828928139639577,12,433.98008768324354
2025-04-27,Fashion,Sneakers,72,0.03690849451218479,12,832.1110607414723
2025-04-27,Fashion,Backpack,45,0.05713077319875437,7,297.0038064423924
2025-04-27,Beauty,Face Serum,28,0.06176269717971289,9,236.43580031071235
2025-04-27,Beauty,Hair Dryer,55,0.07396995993179263,7,356.5215654262598
2025-04-27,Beauty,Perfume,60,0.0386159456946571,7,403.781302808244
2025-04-28,Electronics,Wireless Headphones,65,0.11635289634969959,6,344.62237042361716
2025-04-28,Electronics,Smart Watch,85,0.03309583611724247,4,328.74741572013755
2025-04-28,Electronics,Bluetooth Speaker,48,0.013364525773666841,6,284.15101657718395
2025-04-28,Home,Air Fryer,110,0.0623778579305802,1,103.13843562763618
2025-04-28,Home,Coffee Maker,75,0.0320295245566265,7,508.1844996077711
2025-04-28,Home,LED Lamp,32,0.015932067769407497,7,220.43121681965272
2025-04-28,Fashion,Hoodie,38,0.044975641814628105,10,362.90925611044133
2025-04-28,Fashion,Sneakers,72,0.0582084385462961,8,542.4719393973335
2025-04-28,Fashion,Backpack,45,0.025700374462399207,10,438.43483149192036
2025-04-28,Beauty,Face Serum,28,0.014101087365397301,10,276.0516955376888
2025-04-28,Beauty,Hair Dryer,55,0.05150523420214105,4,208.66884847552896
2025-04-28,Beauty,Perfume,60,0.05095740241054768,5,284.7127792768357
2025-04-29,Electronics,Wireless Headphones,65,0.016895261995126393,7,447.3126557922175
2025-04-29,Electronics,Smart Watch,85,0.008597461898990827,9,758.4229416472721
2025-04-29,Electronics,Bluetooth Speaker,48,0.04871335581561226,9,410.9558302876555
2025-04-29,Home,Air Fryer,110,0.0446756524993456,3,315.25703467521595
2025-04-29,Home,Coffee Maker,75,0.05366332495169355,6,425.8515037717379
2025-04-29,Home,LED Lamp,32,0.047780960385135164,6,182.82605560605407
2025-04-29,Fashion,Hoodie,38,0.01649023218679916,9,336.3603405921147
2025-04-29,Fashion,Sneakers,72,0.0,6,432.0
2025-04-29,Fashion,Backpack,45,0.0226902993371889,10,439.789365298265
2025-04-29,Beauty,Face Serum,28,0.04277622337258056,7,187.6158602189742
2025-04-29,Beauty,Hair Dryer,55,0.04502448668790145,8,420.1892258573233
2025-04-29,Beauty,Perfume,60,0.08597522713231073,9,493.5733773485522
2025-04-30,Electronics,Wireless Headphones,65,0.047346254263049316,8,495.3799477832144
2025-04-30,Electronics,Smart Watch,85,0.03518346547263323,8,656.0752434786094
2025-04-30,Electronics,Bluetooth Speaker,48,0.051166420171004715,10,455.4401183179177
2025-04-30,Home,Air Fryer,110,0.06207843315407567,10,1031.7137235305167
2025-04-30,Home,Coffee Maker,75,0.07544315411213859,3,208.02529032476883
2025-04-30,Home,LED Lamp,32,0.07238498502687894,7,207.78576335397912
2025-04-30,Fashion,Hoodie,38,0.06931369616678104,10,353.6607954566232
2025-04-30,Fashion,Sneakers,72,0.05923119100586842,2,135.47070849515495
2025-04-30,Fashion,Backpack,45,0.027405945060754167,7,306.3671273058624
2025-04-30,Beauty,Face Serum,28,0.07144840360492061,11,285.99389168968446
2025-04-30,Beauty,Hair Dryer,55,0.09467711906587588,7,348.5493091596378
2025-04-30,Beauty,Perfume,60,0.04538038114346995,12,687.3261255767017
2025-05-01,Electronics,Wireless Headphones,65,0.015561677290422161,9,575.896418785103
2025-05-01,Electronics,Smart Watch,85,0.03337142927955887,0,0.0
2025-05-01,Electronics,Bluetooth Speaker,48,0.04571777779320849,6,274.8332799955559
2025-05-01,Home,Air Fryer,110,0.07327372017703405,5,509.69945390263126
2025-05-01,Home,Coffee Maker,75,0.038344162798590854,2,144.24837558021136
2025-05-01,Home,LED Lamp,32,0.07105244852579232,7,208.08425153022253
2025-05-01,Fashion,Hoodie,38,0.012789205870255227,5,187.5700508846515
2025-05-01,Fashion,Sneakers,72,0.08017566968680036,8,529.818814260403
2025-05-01,Fashion,Backpack,45,0.05869892764719128,7,296.5098377911347
2025-05-01,Beauty,Face Serum,28,0.01660975989952221,8,220.27941378250702
2025-05-01,Beauty,Hair Dryer,55,0.06106975755962361,7,361.4881433395449
2025-05-01,Beauty,Perfume,60,0.0887447304928864,3,164.02594851128043
2025-05-02,Electronics,Wireless Headphones,65,0.0,11,715.0
2025-05-02,Electronics,Smart Watch,85,0.04321930355522656,6,487.95815518683446
2025-05-02,Electronics,Bluetooth Speaker,48,0.009158070065322418,6,285.36247582118716
2025-05-02,Home,Air Fryer,110,0.04194507175750724,5,526.930210533371
2025-05-02,Home,Coffee Maker,75,0.0271350195167079,2,145.9297470724938
2025-05-02,Home,LED Lamp,32,0.03964680093451143,8,245.85041896076507
2025-05-02,Fashion,Hoodie,38,0.06743030643838062,8,283.5011868427323
2025-05-02,Fashion,Sneakers,72,0.025063534669243104,8,561.5634040305159
2025-05-02,Fashion,Backpack,45,0.03870476421520093,14,605.6159985444234
2025-05-02,Beauty,Face Serum,28,0.010435897421075431,7,193.95456410546922
2025-05-02,Beauty,Hair Dryer,55,0.010793695791924185,3,163.2190401943325
2025-05-02,Beauty,Perfume,60,0.008950051285525826,7,416.24097846007913
2025-05-03,Electronics,Wireless Headphones,65,0.06229459762628532,16,975.2136184686633
2025-05-03,Electronics,Smart Watch,85,0.05842768960554094,12,960.4037566023483
2025-05-03,Electronics,Bluetooth Speaker,48,0.027789193622523703,2,93.33223741223772
2025-05-03,Home,Air Fryer,110,0.03528720938574276,6,636.7104418054098
2025-05-03,Home,Coffee Maker,75,0.007359201956540516,11,818.9286583858541
2025-05-03,Home,LED Lamp,32,0.0,9,288.0
2025-05-03,Fashion,Hoodie,38,0.09549088730830284,11,378.0848091051294
2025-05-03,Fashion,Sneakers,72,0.058082521473573734,9,610.3625260851243
2025-05-03,Fashion,Backpack,45,0.032393060510140334,13,566.0500596015679
2025-05-03,Beauty,Face Serum,28,0.08459758525788316,6,153.7876056766756
2025-05-03,Beauty,Hair Dryer,55,0.03057427308519836,14,746.4578097243973
2025-05-03,Beauty,Perfume,60,0.02180024511246328,13,762.9958088122787
2025-05-04,Electronics,Wireless Headphones,65,0.08690827523053915,15,890.2644316502243
2025-05-04,Electronics,Smart Watch,85,0.03454083066642067,6,492.3841763601255
2025-05-04,Electronics,Bluetooth Speaker,48,0.09296718197975291,7,304.763026854803
2025-05-04,Home,Air Fryer,110,0.06889179642236416,8,819.3752191483195
2025-05-04,Home,Coffee Maker,75,0.08070436358911443,4,275.7886909232657
2025-05-04,Home,LED Lamp,32,0.056581516415223486,8,241.5151317977028
2025-05-04,Fashion,Hoodie,38,0.04689151336288577,19,688.1443273519965
2025-05-04,Fashion,Sneakers,72,0.06643772083463521,7,470.5153886993439
2025-05-04,Fashion,Backpack,45,0.06060294546163475,5,211.36433727113217
2025-05-04,Beauty,Face Serum,28,0.0,10,280.0
2025-05-04,Beauty,Hair Dryer,55,0.04172284883104946,8,421.6419465143382
2025-05-04,Beauty,Perfume,60,0.06873938456753087,6,335.2538215556889
2025-05-05,Electronics,Wireless Headphones,65,0.016112191656028986,4,255.81083016943248
2025-05-05,Electronics,Smart Watch,85,0.09434905372364014,10,769.8033043349059
2025-05-05,Electronics,Bluetooth Speaker,48,0.04050955782080998,5,230.2777061230056
2025-05-05,Home,Air Fryer,110,0.065121436904926,11,1131.2030613450395
2025-05-05,Home,Coffee Maker,75,0.05430842537683849,6,425.5612085804227
2025-05-05,Home,LED Lamp,32,0.0416093614976089,5,153.3425021603826
2025-05-05,Fashion,Hoodie,38,0.05975195113380091,8,285.8354068553245
2025-05-05,Fashion,Sneakers,72,0.07223901467933663,4,267.19516377235107
2025-05-05,Fashion,Backpack,45,0.043409018725855696,10,430.46594157336494
2025-05-05,Beauty,Face Serum,28,0.06691164648762771,10,261.26473898346427
2025-05-05,Beauty,Hair Dryer,55,0.029037249767011657,8,427.2236101025149
2025-05-05,Beauty,Perfume,60,0.04030417085978153,2,115.16349949682622
2025-05-06,Electronics,Wireless Headphones,65,0.06721690987121555,11,666.9399094420809
2025-05-06,Electronics,Smart Watch,85,0.03926187238116149,3,244.9882225428038
2025-05-06,Electronics,Bluetooth Speaker,48,0.03970366575812818,11,507.0364644797083
2025-05-06,Home,Air Fryer,110,0.060444157972542475,4,413.40457049208135
2025-05-06,Home,Coffee Maker,75,0.018111745359774202,4,294.5664763920677
2025-05-06,Home,LED Lamp,32,0.059635832942194905,9,270.82488011264786
2025-05-06,Fashion,Hoodie,38,0.03225721964374979,7,257.41957957476257
2025-05-06,Fashion,Sneakers,72,0.10664044775383236,15,964.8283164258611
2025-05-06,Fashion,Backpack,45,0.034256505954431096,9,391.12611508845544
2025-05-06,Beauty,Face Serum,28,0.07555837838922444,8,207.07492324081375
2025-05-06,Beauty,Hair Dryer,55,0.061668091504545115,4,206.43301986900008
2025-05-06,Beauty,Perfume,60,0.033730307024172915,4,231.9047263141985
2025-05-07,Electronics,Wireless Headphones,65,0.06585737818640829,5,303.59635208941734
2025-05-07,Electronics,Smart Watch,85,0.01037277519314321,7,588.8281987600798
2025-05-07,Electronics,Bluetooth Speaker,48,0.08019958940546533,6,264.90251825122596
2025-05-07,Home,Air Fryer,110,0.04059703544825591,7,738.740282704843
2025-05-07,Home,Coffee Maker,75,0.0410070808459781,3,215.77340680965492
2025-05-07,Home,LED Lamp,32,0.0,4,128.0
2025-05-07,Fashion,Hoodie,38,0.07822570675456332,8,280.21938514661275
2025-05-07,Fashion,Sneakers,72,0.020493162305881232,10,705.2449231397654
2025-05-07,Fashion,Backpack,45,0.03899161560382376,8,345.96301838262343
2025-05-07,Beauty,Face Serum,28,0.04196801728192446,14,375.54853722548563
2025-05-07,Beauty,Hair Dryer,55,0.049424411026735636,3,156.84497218058863
2025-05-07,Beauty,Perfume,60,0.061372735537171944,4,225.27054347107872
2025-05-08,Electronics,Wireless Headphones,65,0.05535876649466254,8,491.2134414227755
2025-05-08,Electronics,Smart Watch,85,0.025828150816947434,4,331.2184287222379
2025-05-08,Electronics,Bluetooth Speaker,48,0.053868255058436704,9,408.72891381475534
2025-05-08,Home,Air Fryer,110,0.041050783499869584,5,527.4220690750717
2025-05-08,Home,Coffee Maker,75,0.04920648781112463,5,356.5475670708282
2025-05-08,Home,LED Lamp,32,0.035599765734627004,4,123.44322998596775
2025-05-08,Fashion,Hoodie,38,0.07420293016608455,9,316.6225978831991
2025-05-08,Fashion,Sneakers,72,0.012291965955249215,4,284.45991380488823
2025-05-08,Fashion,Backpack,45,0.03766883382345003,9,389.7441223015027
2025-05-08,Beauty,Face Serum,28,0.056997363036389796,7,184.8285168448676
2025-05-08,Beauty,Hair Dryer,55,0.04868327649382296,6,313.9345187570384
2025-05-08,Beauty,Perfume,60,0.05181445325095043,6,341.3467968296578
2025-05-09,Electronics,Wireless Headphones,65,0.04155828073283016,12,747.5845410283924
2025-05-09,Electronics,Smart Watch,85,0.045292217585730155,4,324.60064602085174
2025-05-09,Electronics,Bluetooth Speaker,48,0.020139753111200448,5,235.1664592533119
2025-05-09,Home,Air Fryer,110,0.0645363453247071,7,720.3070140999755
2025-05-09,Home,Coffee Maker,75,0.03688533224418924,5,361.16800040842907
2025-05-09,Home,LED Lamp,32,0.06246635577924463,7,210.0075363054492
2025-05-09,Fashion,Hoodie,38,0.012078783385479581,9,337.86905608216597
2025-05-09,Fashion,Sneakers,72,0.040434772618094916,9,621.7982673434745
2025-05-09,Fashion,Backpack,45,0.05038134497772561,8,341.8627158080188
2025-05-09,Beauty,Face Serum,28,0.020682565953515048,7,191.94621707311106
2025-05-09,Beauty,Hair Dryer,55,0.06451563312745293,8,411.61312142392075
2025-05-09,Beauty,Perfume,60,0.021773554061717045,5,293.46793378148493
2025-05-10,Electronics,Wireless Headphones,65,0.02754687638266128,10,632.0945303512701
2025-05-10,Electronics,Smart Watch,85,0.036759974429405186,10,818.7540217350056
2025-05-10,Electronics,Bluetooth Speaker,48,0.05392172745166173,7,317.8822995762417
2025-05-10,Home,Air Fryer,110,0.031221212782763037,5,532.8283329694804
2025-05-10,Home,Coffee Maker,75,0.02697724321443735,4,291.90682703566875
2025-05-10,Home,LED Lamp,32,0.09276018142507204,7,203.22171936078388
2025-05-10,Fashion,Hoodie,38,0.061000557855586224,14,499.5477032208281
2025-05-10,Fashion,Sneakers,72,0.028947534747511425,5,349.5788874908959
2025-05-10,Fashion,Backpack,45,0.08023475966770745,9,372.5049223345785
2025-05-10,Beauty,Face Serum,28,0.0697642180629814,10,260.4660189423652
2025-05-10,Beauty,Hair Dryer,55,0.06818991158809172,6,307.49732917592974
2025-05-10,Beauty,Perfume,60,0.06734646949199866,9,503.63290647432075
2025-05-11,Electronics,Wireless Headphones,65,0.05221922737600632,7,431.2402515439171
2025-05-11,Electronics,Smart Watch,85,0.033335810647475525,7,575.1651926647521
2025-05-11,Electronics,Bluetooth Speaker,48,0.04884231725818336,8,365.2445501728576
2025-05-11,Home,Air Fryer,110,0.06105615828754998,4,413.135290353478
2025-05-11,Home,Coffee Maker,75,0.025085077955826256,4,292.47447661325214
2025-05-11,Home,LED Lamp,32,0.0032251807510682434,6,191.3807652957949
2025-05-11,Fashion,Hoodie,38,0.05610200052593342,9,322.8131158201308
2025-05-11,Fashion,Sneakers,72,0.013925775410985254,8,567.9787533632725
2025-05-11,Fashion,Backpack,45,0.04575678973560793,10,429.4094446189764
2025-05-11,Beauty,Face Serum,28,0.04756223308007258,4,106.67302989503187
2025-05-11,Beauty,Hair Dryer,55,0.08000415077447935,4,202.39908682961456
2025-05-11,Beauty,Perfume,60,0.06999237632164353,5,279.00228710350694
2025-05-12,Electronics,Wireless Headphones,65,0.09213377073833065,8,472.0904392160681
2025-05-12,Electronics,Smart Watch,85,0.01507564437522596,12,1004.6228427372695
2025-05-12,Electronics,Bluetooth Speaker,48,0.037360475373445064,8,369.6535774565971
2025-05-12,Home,Air Fryer,110,0.03691557422886318,2,211.8785736696501
2025-05-12,Home,Coffee Maker,75,0.03555653451414879,3,216.99977973431652
2025-05-12,Home,LED Lamp,32,0.034359542001138145,6,185.40296793578148
2025-05-12,Fashion,Hoodie,38,0.06155723794691742,10,356.6082495801714
2025-05-12,Fashion,Sneakers,72,0.0732628016441769,4,266.90031312647704
2025-05-12,Fashion,Backpack,45,0.049610435008806346,8,342.1402433968297
2025-05-12,Beauty,Face Serum,28,0.06808690438069727,7,182.65496674138333
2025-05-12,Beauty,Hair Dryer,55,0.02717084862335196,4,214.02241330286256
2025-05-12,Beauty,Perfume,60,0.04974709430920125,7,399.1062203901355
2025-05-13,Electronics,Wireless Headphones,65,0.07307820946287205,11,662.7490802340465
2025-05-13,Electronics,Smart Watch,85,0.06095179651432617,6,478.9145837776937
2025-05-13,Electronics,Bluetooth Speaker,48,0.06244009834486424,15,675.0431291916977
2025-05-13,Home,Air Fryer,110,0.025846482462558176,5,535.784434645593
2025-05-13,Home,Coffee Maker,75,0.0909194606389443,4,272.7241618083167
2025-05-13,Home,LED Lamp,32,0.10386713108365238,12,344.1150216638775
2025-05-13,Fashion,Hoodie,38,0.0188563410209701,4,149.13383616481255
2025-05-13,Fashion,Sneakers,72,0.05608614396287319,7,475.7325834427119
2025-05-13,Fashion,Backpack,45,0.059479643817582833,8,338.58732822567015
2025-05-13,Beauty,Face Serum,28,0.0212433457890539,7,191.83630422534546
2025-05-13,Beauty,Hair Dryer,55,0.03700313603553723,7,370.75379262631816
2025-05-13,Beauty,Perfume,60,0.04891739521932341,6,342.3897377210436
2025-05-14,Electronics,Wireless Headphones,65,0.125035185293698,4,227.49085182363854
2025-05-14,Electronics,Smart Watch,85,0.04334621947353909,10,813.1557134474917
2025-05-14,Electronics,Bluetooth Speaker,48,0.04685472636915642,11,503.2607044770854
2025-05-14,Home,Air Fryer,110,0.04338425166043731,7,736.5941262214633
2025-05-14,Home,Coffee Maker,75,0.09139880594815361,4,272.58035821555393
2025-05-14,Home,LED Lamp,32,0.03845455135022739,6,184.61672614075636
2025-05-14,Fashion,Hoodie,38,0.039277157537916274,8,292.05974410847347
2025-05-14,Fashion,Sneakers,72,0.06365949055887982,10,674.1651667976065
2025-05-14,Fashion,Backpack,45,0.04470573473288025,7,300.9176935591427
2025-05-14,Beauty,Face Serum,28,0.04652419386613473,10,266.9732257174823
2025-05-14,Beauty,Hair Dryer,55,0.05056207823215676,8,417.752685577851
2025-05-14,Beauty,Perfume,60,0.03012349652390736,1,58.19259020856556
2025-05-15,Electronics,Wireless Headphones,65,0.02770568694402751,6,379.19478209182927
2025-05-15,Electronics,Smart Watch,85,0.01452252301213701,7,586.3590988077785
2025-05-15,Electronics,Bluetooth Speaker,48,0.08146319986953393,13,573.1669632814109
2025-05-15,Home,Air Fryer,110,0.02150704740718456,2,215.2684495704194
2025-05-15,Home,Coffee Maker,75,0.051941357814653435,3,213.31319449170297
2025-05-15,Home,LED Lamp,32,0.03068088490106532,6,186.10927009899547
2025-05-15,Fashion,Hoodie,38,0.056084326502896735,10,358.6879559288992
2025-05-15,Fashion,Sneakers,72,0.07171022783206375,5,334.1843179804571
2025-05-15,Fashion,Backpack,45,0.03358032399901534,8,347.9110833603545
2025-05-15,Beauty,Face Serum,28,0.04892249228068553,5,133.15085108070403
2025-05-15,Beauty,Hair Dryer,55,0.09260481935444691,4,199.62693974202168
2025-05-15,Beauty,Perfume,60,0.042092219859326194,9,517.2702012759638
2025-05-16,Electronics,Wireless Headphones,65,0.06677546730713464,12,727.915135500435
2025-05-16,Electronics,Smart Watch,85,0.056820480046005435,6,481.0215551765372
2025-05-16,Electronics,Bluetooth Speaker,48,0.05856166118304008,11,497.0794428953548
2025-05-16,Home,Air Fryer,110,0.06130401788530307,14,1445.5918124566333
2025-05-16,Home,Coffee Maker,75,0.06502982419701439,5,350.61381592611957
2025-05-16,Home,LED Lamp,32,0.04706498188586314,5,152.46960289826188
2025-05-16,Fashion,Hoodie,38,0.08847506838427785,9,311.741526612577
2025-05-16,Fashion,Sneakers,72,0.043322035710364,9,619.9273208596842
2025-05-16,Fashion,Backpack,45,0.026907922549062737,7,306.52400439704525
2025-05-16,Beauty,Face Serum,28,0.0022778188866432875,6,167.61732642704393
2025-05-16,Beauty,Hair Dryer,55,0.03320919421783408,5,265.86747159009565
2025-05-16,Beauty,Perfume,60,0.00338203447952852,7,418.579545518598
2025-05-17,Electronics,Wireless Headphones,65,0.046201496179423734,8,495.9752219866997
2025-05-17,Electronics,Smart Watch,85,0.08463774761695947,9,700.2521230730259
2025-05-17,Electronics,Bluetooth Speaker,48,0.06332473213967807,7,314.72289000106815
2025-05-17,Home,Air Fryer,110,0.049225182983069486,5,522.9261493593118
2025-05-17,Home,Coffee Maker,75,0.05402653731986028,10,709.4800970101048
2025-05-17,Home,LED Lamp,32,0.09539803871058032,9,260.5253648513529
2025-05-17,Fashion,Hoodie,38,0.05512209085308632,15,538.5804082137408
2025-05-17,Fashion,Sneakers,72,0.048916728566245175,9,616.3019598890731
2025-05-17,Fashion,Backpack,45,0.05135302149986997,15,640.3367104875878
2025-05-17,Beauty,Face Serum,28,0.04427156203232347,7,187.3227738416646
2025-05-17,Beauty,Hair Dryer,55,0.0692007501188843,6,307.1637524607682
2025-05-17,Beauty,Perfume,60,0.021837109867353145,7,410.8284138557117
2025-05-18,Electronics,Wireless Headphones,65,0.028315784370432917,13,821.0731622069842
2025-05-18,Electronics,Smart Watch,85,0.02741205780068492,3,248.00992526082536
2025-05-18,Electronics,Bluetooth Speaker,48,0.0858385782107448,5,219.39874122942123
2025-05-18,Home,Air Fryer,110,0.06248258311161132,2,206.2538317154455
2025-05-18,Home,Coffee Maker,75,0.039332216442499575,7,504.3505863676877
2025-05-18,Home,LED Lamp,32,0.06894984260072558,12,357.5232604413214
2025-05-18,Fashion,Hoodie,38,0.017899969537150513,20,746.3960231517656
2025-05-18,Fashion,Sneakers,72,0.05537377773952677,8,544.1047040220326
2025-05-18,Fashion,Backpack,45,0.06989102560195606,14,585.9686538707678
2025-05-18,Beauty,Face Serum,28,0.0532954405063002,5,132.538638329118
2025-05-18,Beauty,Hair Dryer,55,0.0459792642782969,4,209.88456185877467
2025-05-18,Beauty,Perfume,60,0.03702354478091388,5,288.89293656572585
2025-05-19,Electronics,Wireless Headphones,65,0.09775117744605973,11,645.1079081260673
2025-05-19,Electronics,Smart Watch,85,0.05068067470904641,7,564.8449985481175
2025-05-19,Electronics,Bluetooth Speaker,48,0.07613388862643371,11,487.80130680524303
2025-05-19,Home,Air Fryer,110,0.09812770390791078,8,793.6476205610385
2025-05-19,Home,Coffee Maker,75,0.06789624930658936,2,139.8155626040116
2025-05-19,Home,LED Lamp,32,0.059224999056230784,8,240.83840024160492
2025-05-19,Fashion,Hoodie,38,0.03188816280235733,8,294.3059985080834
2025-05-19,Fashion,Sneakers,72,0.05772605146591367,6,407.0623457667253
2025-05-19,Fashion,Backpack,45,0.04272974145054404,8,344.6172930778041
2025-05-19,Beauty,Face Serum,28,0.07393167346819395,7,181.509392000234
2025-05-19,Beauty,Hair Dryer,55,0.056611215610475996,6,311.3182988485429
2025-05-19,Beauty,Perfume,60,0.0791800736208668,9,497.2427602447319
2025-05-20,Electronics,Wireless Headphones,65,0.0042693383693211545,7,453.05745104195887
2025-05-20,Electronics,Smart Watch,85,0.04747727532076748,8,647.7154527818781
2025-05-20,Electronics,Bluetooth Speaker,48,0.06005617223821948,11,496.2903410582201
2025-05-20,Home,Air Fryer,110,0.07208561783597282,1,102.070582038043
2025-05-20,Home,Coffee Maker,75,0.07472572711787222,5,346.97785233079793
2025-05-20,Home,LED Lamp,32,0.04887988507088638,10,304.35843677731634
2025-05-20,Fashion,Hoodie,38,0.052200911510400544,5,180.0818268130239
2025-05-20,Fashion,Sneakers,72,0.059682133957924016,7,473.9202044852063
2025-05-20,Fashion,Backpack,45,0.06021491159959468,10,422.9032897801824
2025-05-20,Beauty,Face Serum,28,0.016111745410460253,5,137.74435564253557
2025-05-20,Beauty,Hair Dryer,55,0.08065562803461251,4,202.25576183238525
2025-05-20,Beauty,Perfume,60,0.05662146638722142,5,283.01356008383357
2025-05-21,Electronics,Wireless Headphones,65,0.05833207383586802,10,612.0841520066858
2025-05-21,Electronics,Smart Watch,85,0.03801038245397063,9,735.9220574227124
2025-05-21,Electronics,Bluetooth Speaker,48,0.08695241243893406,8,350.6102736234493
2025-05-21,Home,Air Fryer,110,0.07900285211208513,7,709.1678038736944
2025-05-21,Home,Coffee Maker,75,0.061373791403762465,10,703.9696564471782
2025-05-21,Home,LED Lamp,32,0.031242120511131264,6,186.0015128618628
2025-05-21,Fashion,Hoodie,38,0.10836687222814753,14,474.3488239746255
2025-05-21,Fashion,Sneakers,72,0.03252910910736173,5,348.2895207213498
2025-05-21,Fashion,Backpack,45,0.040106553330078815,8,345.5616408011716
2025-05-21,Beauty,Face Serum,28,0.06586967221447224,2,52.31129835598955
2025-05-21,Beauty,Hair Dryer,55,0.05969567343419793,3,155.15021388335734
2025-05-21,Beauty,Perfume,60,0.08048405632744676,4,220.68382648141278
2025-05-22,Electronics,Wireless Headphones,65,0.0470539466373577,10,619.4149346857175
2025-05-22,Electronics,Smart Watch,85,0.05833784596693945,6,480.2476985568609
2025-05-22,Electronics,Bluetooth Speaker,48,0.0841322942308689,10,439.61649876918295
2025-05-22,Home,Air Fryer,110,0.07038154744037353,12,1227.096357378707
2025-05-22,Home,Coffee Maker,75,0.04355841996773388,3,215.19935550725987
2025-05-22,Home,LED Lamp,32,0.038663515457294226,8,246.1021400429327
2025-05-22,Fashion,Hoodie,38,0.053066122616119704,9,323.85138606528704
2025-05-22,Fashion,Sneakers,72,0.059265611195632624,5,338.6643799695722
2025-05-22,Fashion,Backpack,45,0.022426080780021004,12,527.8899163787887
2025-05-22,Beauty,Face Serum,28,0.042207005874458366,7,187.72742684860617
2025-05-22,Beauty,Hair Dryer,55,0.022733080847663147,6,322.4980833202712
2025-05-22,Beauty,Perfume,60,0.04939758071876582,6,342.2168709412443
2025-05-23,Electronics,Wireless Headphones,65,0.031878470072634,9,566.3510950075091
2025-05-23,Electronics,Smart Watch,85,0.05107212486688836,3,241.97660815894346
2025-05-23,Electronics,Bluetooth Speaker,48,0.041601373885686965,10,460.03134053487025
2025-05-23,Home,Air Fryer,110,0.02140973922097792,4,430.57971474276974
2025-05-23,Home,Coffee Maker,75,0.032590724685974,7,507.88986953986364
2025-05-23,Home,LED Lamp,32,0.0628128253443539,6,179.93993753388406
2025-05-23,Fashion,Hoodie,38,0.02451612880952099,10,370.683871052382
2025-05-23,Fashion,Sneakers,72,0.055017104387957046,12,816.4652218088052
2025-05-23,Fashion,Backpack,45,0.06081871903404939,7,295.84210350427446
2025-05-23,Beauty,Face Serum,28,0.023559259168587383,5,136.70170371639776
2025-05-23,Beauty,Hair Dryer,55,0.059758239490687176,7,361.99307779608546
2025-05-23,Beauty,Perfume,60,0.08970493059401455,7,382.3239291505139
2025-05-24,Electronics,Wireless Headphones,65,0.04090517189960319,18,1122.1409488774643
2025-05-24,Electronics,Smart Watch,85,0.02657318634364388,8,661.9302332863222
2025-05-24,Electronics,Bluetooth Speaker,48,0.046983142095209186,13,594.6825193325894
2025-05-24,Home,Air Fryer,110,0.09493280764691829,6,597.344346953034
2025-05-24,Home,Coffee Maker,75,0.09291157918338355,3,204.0948946837387
2025-05-24,Home,LED Lamp,32,0.03888565662307889,4,123.0226359522459
2025-05-24,Fashion,Hoodie,38,0.03692171455057436,11,402.5667233178599
2025-05-24,Fashion,Sneakers,72,0.05028214517074611,7,478.65779883394396
2025-05-24,Fashion,Backpack,45,0.07109309942065616,11,459.80891578677523
2025-05-24,Beauty,Face Serum,28,0.07467105023146853,8,207.27368474815106
2025-05-24,Beauty,Hair Dryer,55,0.051534469161649124,10,521.6560419610929
2025-05-24,Beauty,Perfume,60,0.028380155478349933,9,524.674716041691
2025-05-25,Electronics,Wireless Headphones,65,0.0436966540176908,8,497.27773991080073
2025-05-25,Electronics,Smart Watch,85,0.06776956946698087,8,633.916692762453
2025-05-25,Electronics,Bluetooth Speaker,48,0.06137473081885981,5,225.27006460347366
2025-05-25,Home,Air Fryer,110,0.03905815610876706,4,422.8144113121425
2025-05-25,Home,Coffee Maker,75,0.06902901420647274,4,279.2912957380582
2025-05-25,Home,LED Lamp,32,0.06649419151409082,5,149.36092935774548
2025-05-25,Fashion,Hoodie,38,0.055018991754782434,8,287.27422650654614
2025-05-25,Fashion,Sneakers,72,0.04143810455164514,7,483.1151953059709
2025-05-25,Fashion,Backpack,45,0.028796498440500227,8,349.6332605614199
2025-05-25,Beauty,Face Serum,28,0.09989729681412768,7,176.42012982443097
2025-05-25,Beauty,Hair Dryer,55,0.029797603678601584,3,160.08339539303074
2025-05-25,Beauty,Perfume,60,0.10555447996962262,4,214.66692480729057
2025-05-26,Electronics,Wireless Headphones,65,0.04791092482173921,13,804.5152685256304
2025-05-26,Electronics,Smart Watch,85,0.06365205556401793,6,477.53745166235086
2025-05-26,Electronics,Bluetooth Speaker,48,0.03631170274065564,10,462.5703826844853
2025-05-26,Home,Air Fryer,110,0.08305395329558365,8,806.9125210998864
2025-05-26,Home,Coffee Maker,75,0.08829811646358213,5,341.8882063261567
2025-05-26,Home,LED Lamp,32,0.048259457464374336,7,213.18988152798016
2025-05-26,Fashion,Hoodie,38,0.06917332117009731,11,389.0855517508993
2025-05-26,Fashion,Sneakers,72,0.0,10,720.0
2025-05-26,Fashion,Backpack,45,0.03563863783257101,11,477.35887427287736
2025-05-26,Beauty,Face Serum,28,0.056934502972220816,11,290.46417308455597
2025-05-26,Beauty,Hair Dryer,55,0.05864777035075118,6,310.6462357842521
2025-05-26,Beauty,Perfume,60,0.040506547505067936,3,172.7088214490878
2025-05-27,Electronics,Wireless Headphones,65,0.08514613241709126,5,297.3275069644454
2025-05-27,Electronics,Smart Watch,85,0.03451731212587256,7,574.4621992851058
2025-05-27,Electronics,Bluetooth Speaker,48,0.06379826393102284,5,224.68841665655452
2025-05-27,Home,Air Fryer,110,0.030633608790932233,6,639.7818181979848
2025-05-27,Home,Coffee Maker,75,0.04013148144323744,3,215.9704166752716
2025-05-27,Home,LED Lamp,32,0.0,7,224.0
2025-05-27,Fashion,Hoodie,38,0.0565340941582241,13,466.0721574858373
2025-05-27,Fashion,Sneakers,72,0.05331571219055953,10,681.6126872227971
2025-05-27,Fashion,Backpack,45,0.05254571639005044,12,511.62531314937274
2025-05-27,Beauty,Face Serum,28,0.017078135064647657,8,220.17449774551892
2025-05-27,Beauty,Hair Dryer,55,0.06412135816520804,4,205.89330120365423
2025-05-27,Beauty,Perfume,60,0.035295535064057096,7,405.175875273096
2025-05-28,Electronics,Wireless Headphones,65,0.0245417979678708,8,507.2382650567072
2025-05-28,Electronics,Smart Watch,85,0.055562333711537557,6,481.6632098071159
2025-05-28,Electronics,Bluetooth Speaker,48,0.0356578437951122,6,277.7305409870077
2025-05-28,Home,Air Fryer,110,0.042808802058502585,4,421.16412709425884
2025-05-28,Home,Coffee Maker,75,0.07638315645031993,6,415.62757959735603
2025-05-28,Home,LED Lamp,32,0.07409572661971135,8,237.0314939853539
2025-05-28,Fashion,Hoodie,38,0.014632618649337292,9,336.99564442192667
2025-05-28,Fashion,Sneakers,72,0.03755093609595744,7,485.07432820763745
2025-05-28,Fashion,Backpack,45,0.050686359162396596,7,299.03379686384505
2025-05-28,Beauty,Face Serum,28,0.01974043986406809,8,219.57814147044877
2025-05-28,Beauty,Hair Dryer,55,0.0,6,330.0
2025-05-28,Beauty,Perfume,60,0.036367216815953424,8,462.54373592834236
2025-05-29,Electronics,Wireless Headphones,65,0.03871096306049931,7,437.38651180747286
2025-05-29,Electronics,Smart Watch,85,0.07995807297164133,12,938.4427655689258
2025-05-29,Electronics,Bluetooth Speaker,48,0.05707770996719374,6,271.5616195294482
2025-05-29,Home,Air Fryer,110,0.008078018637697373,2,218.22283589970658
2025-05-29,Home,Coffee Maker,75,0.03900270670894307,3,216.2243909904878
2025-05-29,Home,LED Lamp,32,0.02693151584248022,3,93.4145744791219
2025-05-29,Fashion,Hoodie,38,0.0743633492179702,4,140.69677091886854
2025-05-29,Fashion,Sneakers,72,0.03994532224489091,4,276.4957471934714
2025-05-29,Fashion,Backpack,45,0.053830977463461036,6,255.46563608486554
2025-05-29,Beauty,Face Serum,28,0.015838952356694566,4,110.22603733605021
2025-05-29,Beauty,Hair Dryer,55,0.0,4,220.0
2025-05-29,Beauty,Perfume,60,0.09828090982147566,5,270.5157270535573
2025-05-30,Electronics,Wireless Headphones,65,0.022105366717100103,8,508.505209307108
2025-05-30,Electronics,Smart Watch,85,0.02309070384332156,4,332.1491606932707
2025-05-30,Electronics,Bluetooth Speaker,48,0.055410607875363484,10,453.4029082198255
2025-05-30,Home,Air Fryer,110,0.026206486466944266,7,749.8210054204529
2025-05-30,Home,Coffee Maker,75,0.07853673107518232,7,483.7682161855293
2025-05-30,Home,LED Lamp,32,0.03842037987713287,6,184.62328706359048
2025-05-30,Fashion,Hoodie,38,0.03476130045603062,14,513.5069881573917
2025-05-30,Fashion,Sneakers,72,0.06499673095791529,7,471.2416475972107
2025-05-30,Fashion,Backpack,45,0.07866246550984883,11,456.06207957262484
2025-05-30,Beauty,Face Serum,28,0.05364273797991852,6,158.9880200193737
2025-05-30,Beauty,Hair Dryer,55,0.05489806583698457,8,415.8448510317268
2025-05-30,Beauty,Perfume,60,0.03905378581677829,3,172.9703185529799
2025-05-31,Electronics,Wireless Headphones,65,0.04919653037184079,13,803.4289318357945
2025-05-31,Electronics,Smart Watch,85,0.0,9,765.0
2025-05-31,Electronics,Bluetooth Speaker,48,0.04412810387221935,11,504.7003611554682
2025-05-31,Home,Air Fryer,110,0.04717225004448649,3,314.4331574853195
2025-05-31,Home,Coffee Maker,75,0.04454596004071554,1,71.65905299694633
2025-05-31,Home,LED Lamp,32,0.04936852114765158,7,212.94145126292605
2025-05-31,Fashion,Hoodie,38,0.08770311377481704,13,450.6746617952404
2025-05-31,Fashion,Sneakers,72,0.05230473720322705,3,204.70217676410297
2025-05-31,Fashion,Backpack,45,0.031459454701054435,10,435.84324538452546
2025-05-31,Beauty,Face Serum,28,0.06681982092119015,8,209.03236011365343
2025-05-31,Beauty,Hair Dryer,55,0.09484502000036482,6,298.70114339987964
2025-05-31,Beauty,Perfume,60,0.08444440276418508,6,329.60001500489335
2025-06-01,Electronics,Wireless Headphones,65,0.020422904667023813,10,636.7251119664345
2025-06-01,Electronics,Smart Watch,85,0.07039377407509013,5,395.0826460180867
2025-06-01,Electronics,Bluetooth Speaker,48,0.06537481150141411,12,538.3441085751855
2025-06-01,Home,Air Fryer,110,0.05886043379780637,7,724.6774659756891
2025-06-01,Home,Coffee Maker,75,0.056623083684191756,5,353.7663436184281
2025-06-01,Home,LED Lamp,32,0.06602587943926928,6,179.3230311476603
2025-06-01,Fashion,Hoodie,38,0.031393146075665734,12,441.6847253894964
2025-06-01,Fashion,Sneakers,72,0.038315730767847424,11,761.6539412318648
2025-06-01,Fashion,Backpack,45,0.041867625874303115,14,603.623395699189
2025-06-01,Beauty,Face Serum,28,0.0,8,224.0
2025-06-01,Beauty,Hair Dryer,55,0.04216121162646985,6,316.08680016326497
2025-06-01,Beauty,Perfume,60,0.059694255065366054,6,338.5100681764682
2025-06-02,Electronics,Wireless Headphones,65,0.04887360009576593,8,494.5857279502017
2025-06-02,Electronics,Smart Watch,85,0.06792899721070485,4,316.90414094836035
2025-06-02,Electronics,Bluetooth Speaker,48,0.042928634758463306,5,229.6971276579688
2025-06-02,Home,Air Fryer,110,0.04329196899303301,12,1262.8546009291965
2025-06-02,Home,Coffee Maker,75,0.09737421164077863,5,338.484670634708
2025-06-02,Home,LED Lamp,32,0.06045067366731782,5,150.32789221322915
2025-06-02,Fashion,Hoodie,38,0.06523169762172504,10,355.21195490374447
2025-06-02,Fashion,Sneakers,72,0.05554333518619306,5,340.00439933297054
2025-06-02,Fashion,Backpack,45,0.0528827025096674,8,340.9622270965197
2025-06-02,Beauty,Face Serum,28,0.06463776163117599,8,209.5211413946166
2025-06-02,Beauty,Hair Dryer,55,0.03006365599809776,8,426.771991360837
2025-06-02,Beauty,Perfume,60,0.04321471528327764,10,574.0711708300335
2025-06-03,Electronics,Wireless Headphones,65,0.06982748613657373,5,302.30606700561356
2025-06-03,Electronics,Smart Watch,85,0.031100502329076775,6,494.13874381217084
2025-06-03,Electronics,Bluetooth Speaker,48,0.08587420894707794,8,351.02430376432204
2025-06-03,Home,Air Fryer,110,0.03231065588992778,6,638.6749671126477
2025-06-03,Home,Coffee Maker,75,0.06099589111183152,4,281.70123266645055
2025-06-03,Home,LED Lamp,32,0.045875353924715555,4,122.12795469763641
2025-06-03,Fashion,Hoodie,38,0.08917110661798311,9,311.50348153664976
2025-06-03,Fashion,Sneakers,72,0.07501317866241758,12,799.1886136356712
2025-06-03,Fashion,Backpack,45,0.02057276503400897,6,264.4453534408176
2025-06-03,Beauty,Face Serum,28,0.04056240917862028,7,188.04976780099042
2025-06-03,Beauty,Hair Dryer,55,0.03541709869673325,6,318.312357430078
2025-06-03,Beauty,Perfume,60,0.04725330978419702,3,171.49440423884454
2025-06-04,Electronics,Wireless Headphones,65,0.01025133268437358,12,772.0039605061886
2025-06-04,Electronics,Smart Watch,85,0.01771195779267714,3,250.48345076286734
2025-06-04,Electronics,Bluetooth Speaker,48,0.05323628620785112,4,181.7786330480926
2025-06-04,Home,Air Fryer,110,0.021217621810470707,3,322.99818480254464
2025-06-04,Home,Coffee Maker,75,0.04162900424109796,8,575.0225974553413
2025-06-04,Home,LED Lamp,32,0.0553793139070391,7,211.59503368482325
2025-06-04,Fashion,Hoodie,38,0.08794662723073321,10,346.5802816523214
2025-06-04,Fashion,Sneakers,72,0.05766398536910664,7,474.9373513739702
2025-06-04,Fashion,Backpack,45,0.03379305329013632,12,521.7517512233264
2025-06-04,Beauty,Face Serum,28,0.08477355483491741,4,102.50536185848925
2025-06-04,Beauty,Hair Dryer,55,0.012740635309239433,4,217.19706023196733
2025-06-04,Beauty,Perfume,60,0.05191582424658979,5,284.4252527260231
2025-06-05,Electronics,Wireless Headphones,65,0.03701677539370691,7,438.15736719586334
2025-06-05,Electronics,Smart Watch,85,0.037503375523473256,4,327.2488523220191
2025-06-05,Electronics,Bluetooth Speaker,48,0.07200028933367308,3,133.63195833595108
2025-06-05,Home,Air Fryer,110,0.07958799260119233,6,607.4719248832131
2025-06-05,Home,Coffee Maker,75,0.025993690785972107,5,365.2523659552605
2025-06-05,Home,LED Lamp,32,0.06286346783930452,6,179.93021417485352
2025-06-05,Fashion,Hoodie,38,0.07039300205655499,9,317.9255932966582
2025-06-05,Fashion,Sneakers,72,0.06508899545586545,9,605.8223309445992
2025-06-05,Fashion,Backpack,45,0.030390418347047705,8,349.0594493950628
2025-06-05,Beauty,Face Serum,28,0.07077952197375632,3,78.05452015420447
2025-06-05,Beauty,Hair Dryer,55,0.05170122506572542,4,208.6257304855404
2025-06-05,Beauty,Perfume,60,0.07022842906698032,12,669.4355310717741
2025-06-06,Electronics,Wireless Headphones,65,0.026162896750917295,9,569.6947054007134
2025-06-06,Electronics,Smart Watch,85,0.048276618543572763,7,566.2754119665742
2025-06-06,Electronics,Bluetooth Speaker,48,0.09180134525896692,8,348.74828342055673
2025-06-06,Home,Air Fryer,110,0.05307032113915426,6,624.9735880481583
2025-06-06,Home,Coffee Maker,75,0.06776630881903807,6,419.50516103143286
2025-06-06,Home,LED Lamp,32,0.036951561400536126,5,154.0877501759142
2025-06-06,Fashion,Hoodie,38,0.04914409119989181,10,361.3252453440411
2025-06-06,Fashion,Sneakers,72,0.07958573075464641,9,596.4284464709891
2025-06-06,Fashion,Backpack,45,0.062101480713746146,7,295.43803357517
2025-06-06,Beauty,Face Serum,28,0.07159389432754287,5,129.976854794144
2025-06-06,Beauty,Hair Dryer,55,0.03966042330752858,10,528.1867671808593
2025-06-06,Beauty,Perfume,60,0.07419625984380522,6,333.28934645623013
2025-06-07,Electronics,Wireless Headphones,65,0.06216131028325634,13,792.4736928106483
2025-06-07,Electronics,Smart Watch,85,0.04248649710902373,6,488.3318864743979
2025-06-07,Electronics,Bluetooth Speaker,48,0.056049804997422834,8,362.4768748809896
2025-06-07,Home,Air Fryer,110,0.10177276331646916,6,592.8299762111304
2025-06-07,Home,Coffee Maker,75,0.036139675610592586,12,867.4742919504666
2025-06-07,Home,LED Lamp,32,0.043996803854482944,11,336.51312504322203
2025-06-07,Fashion,Hoodie,38,0.031777115885517404,8,294.33975677080275
2025-06-07,Fashion,Sneakers,72,0.028999931809823964,11,769.0320540066194
2025-06-07,Fashion,Backpack,45,0.020820536056146085,7,308.441531142314
2025-06-07,Beauty,Face Serum,28,0.06253457474827712,6,157.49419144228946
2025-06-07,Beauty,Hair Dryer,55,0.020507337010738414,2,107.74419292881878
2025-06-07,Beauty,Perfume,60,0.03333708876457635,8,463.99819739300335
2025-06-08,Electronics,Wireless Headphones,65,0.056287103420343175,8,490.73070622142154
2025-06-08,Electronics,Smart Watch,85,0.07576794512585426,11,864.1569713073262
2025-06-08,Electronics,Bluetooth Speaker,48,0.0376338449182616,10,461.9357544392344
2025-06-08,Home,Air Fryer,110,0.018531807365107435,8,863.6920095187055
2025-06-08,Home,Coffee Maker,75,0.050181596736501514,6,427.4182814685743
2025-06-08,Home,LED Lamp,32,0.04752584170777875,8,243.83338452280864
2025-06-08,Fashion,Hoodie,38,0.0576341574528543,16,572.9584322686646
2025-06-08,Fashion,Sneakers,72,0.030286834259787957,8,558.5547834663621
2025-06-08,Fashion,Backpack,45,0.08413462909215372,9,370.92547521767773
2025-06-08,Beauty,Face Serum,28,0.0208041405203587,6,164.50490439257973
2025-06-08,Beauty,Hair Dryer,55,0.07021961369129814,9,460.24129122280743
2025-06-08,Beauty,Perfume,60,0.013134423142940707,7,414.4835422799649
2025-06-09,Electronics,Wireless Headphones,65,0.045057693020029384,10,620.7124995369809
2025-06-09,Electronics,Smart Watch,85,0.04451304827528437,5,406.08195448300415
2025-06-09,Electronics,Bluetooth Speaker,48,0.04938107237858927,9,410.66737673244944
2025-06-09,Home,Air Fryer,110,0.03888394065937907,7,740.0593656922781
2025-06-09,Home,Coffee Maker,75,0.018493395725709183,3,220.83898596171542
2025-06-09,Home,LED Lamp,32,0.10471830177251303,8,229.19211474623665
2025-06-09,Fashion,Hoodie,38,0.04654020127509124,11,398.5461958670118
2025-06-09,Fashion,Sneakers,72,0.002754299685343707,7,502.6118329585868
2025-06-09,Fashion,Backpack,45,0.04702758010605621,11,471.72134784750216
2025-06-09,Beauty,Face Serum,28,0.050482295202898105,5,132.93247867159425
2025-06-09,Beauty,Hair Dryer,55,0.01702063414608685,6,324.38319073179133
2025-06-09,Beauty,Perfume,60,0.0,8,480.0
2025-06-10,Electronics,Wireless Headphones,65,0.05834334803593865,5,306.03841188831996
2025-06-10,Electronics,Smart Watch,85,0.07414993194487567,4,314.78902313874227
2025-06-10,Electronics,Bluetooth Speaker,48,0.027914352976525406,5,233.3005552856339
2025-06-10,Home,Air Fryer,110,0.028720341728063006,5,534.2038120495654
2025-06-10,Home,Coffee Maker,75,0.028263182628588714,3,218.64078390856753
2025-06-10,Home,LED Lamp,32,0.029389476669757886,6,186.3572204794065
2025-06-10,Fashion,Hoodie,38,0.018068373763385173,10,373.1340179699136
2025-06-10,Fashion,Sneakers,72,0.050419532905521466,7,478.5885554156172
2025-06-10,Fashion,Backpack,45,0.04840230195678292,7,299.75327488361336
2025-06-10,Beauty,Face Serum,28,0.0847900509376965,9,230.63290716370048
2025-06-10,Beauty,Hair Dryer,55,0.08112955261392517,9,454.84087145610704
2025-06-10,Beauty,Perfume,60,0.04666106650089158,3,171.60100802983953
2025-06-11,Electronics,Wireless Headphones,65,0.056108331838871935,10,613.5295843047332
2025-06-11,Electronics,Smart Watch,85,0.06086606714265287,6,478.95830575724705
2025-06-11,Electronics,Bluetooth Speaker,48,0.041997970791714766,6,275.90458441198615
2025-06-11,Home,Air Fryer,110,0.03168156020845435,4,426.0601135082801
2025-06-11,Home,Coffee Maker,75,0.06113223697952072,7,492.9055755857516
2025-06-11,Home,LED Lamp,32,0.061015346648638634,8,240.38007125794852
2025-06-11,Fashion,Hoodie,38,0.010043025595029252,9,338.5652852465
2025-06-11,Fashion,Sneakers,72,0.0348275461731134,6,416.95450005321504
2025-06-11,Fashion,Backpack,45,0.03040846335729418,4,174.52647659568706
2025-06-11,Beauty,Face Serum,28,0.057497289763215984,6,158.34045531977972
2025-06-11,Beauty,Hair Dryer,55,0.06390540069575444,4,205.94081184693403
2025-06-11,Beauty,Perfume,60,0.025301052968497086,8,467.85549457512144
2025-06-12,Electronics,Wireless Headphones,65,0.044022529884404055,6,372.8312133450824
2025-06-12,Electronics,Smart Watch,85,0.055767986143554486,6,481.55832706678723
2025-06-12,Electronics,Bluetooth Speaker,48,0.03289849178042809,10,464.20872394539447
2025-06-12,Home,Air Fryer,110,0.006809499852656747,6,655.5057300972466
2025-06-12,Home,Coffee Maker,75,0.0536489092968,2,141.95266360548
2025-06-12,Home,LED Lamp,32,0.05569220941278874,9,271.96064368911686
2025-06-12,Fashion,Hoodie,38,0.05888748738402322,9,321.860479314664
2025-06-12,Fashion,Sneakers,72,0.09499162916510603,5,325.8030135005618
2025-06-12,Fashion,Backpack,45,0.05133362207501853,2,85.37997401324833
2025-06-12,Beauty,Face Serum,28,0.05276876362882634,6,159.13484771035718
2025-06-12,Beauty,Hair Dryer,55,0.05018874092457325,6,313.4377154948908
2025-06-12,Beauty,Perfume,60,0.02759059612460878,5,291.7228211626174
2025-06-13,Electronics,Wireless Headphones,65,0.08041563046991677,10,597.7298401945541
2025-06-13,Electronics,Smart Watch,85,0.04244400992616214,4,325.56903662510484
2025-06-13,Electronics,Bluetooth Speaker,48,0.007189592284368447,8,381.23919656280253
2025-06-13,Home,Air Fryer,110,0.04838543886153586,7,732.7432120766174
2025-06-13,Home,Coffee Maker,75,0.07281066990312536,2,139.07839951453118
2025-06-13,Home,LED Lamp,32,0.04953467628386432,7,212.90423251241438
2025-06-13,Fashion,Hoodie,38,0.014386550325505391,8,299.62648870104636
2025-06-13,Fashion,Sneakers,72,0.04620166031031263,8,549.3878436612599
2025-06-13,Fashion,Backpack,45,0.012634922303947575,5,222.1571424816118
2025-06-13,Beauty,Face Serum,28,0.025628817936007416,8,218.25914478233432
2025-06-13,Beauty,Hair Dryer,55,0.07639711142621756,3,152.39447661467412
2025-06-13,Beauty,Perfume,60,0.027061769741242497,6,350.2577628931527
2025-06-14,Electronics,Wireless Headphones,65,0.10553660711158877,13,755.8215669907075
2025-06-14,Electronics,Smart Watch,85,0.04706700088523954,8,647.9944393980371
2025-06-14,Electronics,Bluetooth Speaker,48,0.050253220093791046,5,227.93922717749015
2025-06-14,Home,Air Fryer,110,0.057532083719423394,8,829.3717663269074
2025-06-14,Home,Coffee Maker,75,0.06598184134219941,2,140.1027237986701
2025-06-14,Home,LED Lamp,32,0.07547238897092892,9,266.2639519763725
2025-06-14,Fashion,Hoodie,38,0.03438725887996174,6,220.15970497536873
2025-06-14,Fashion,Sneakers,72,0.03023959235425707,4,279.290997401974
2025-06-14,Fashion,Backpack,45,0.017680417237909328,6,265.2262873457645
2025-06-14,Beauty,Face Serum,28,0.05205137418184921,12,318.51073827489864
2025-06-14,Beauty,Hair Dryer,55,0.030110674998202455,8,426.7513030007909
2025-06-14,Beauty,Perfume,60,0.019226862254734634,7,411.92471785301143
2025-06-15,Electronics,Wireless Headphones,65,0.06294718437785238,11,669.9927631698355
2025-06-15,Electronics,Smart Watch,85,0.06336070798593466,11,875.7577380331511
2025-06-15,Electronics,Bluetooth Speaker,48,0.047941117234828384,4,182.79530549091294
2025-06-15,Home,Air Fryer,110,0.07377407938709202,9,916.9636614067789
2025-06-15,Home,Coffee Maker,75,0.06395427151774635,5,351.01714818084514
2025-06-15,Home,LED Lamp,32,0.07577802255876054,11,325.3261360593163
2025-06-15,Fashion,Hoodie,38,0.05235565842129513,16,576.1677596798526
2025-06-15,Fashion,Sneakers,72,0.039120564350842185,9,622.6498743006542
2025-06-15,Fashion,Backpack,45,0.03082664221111716,13,566.9664143064964
2025-06-15,Beauty,Face Serum,28,0.02468577879778491,11,300.39678013028225
2025-06-15,Beauty,Hair Dryer,55,0.05543279967890351,8,415.60956814128247
2025-06-15,Beauty,Perfume,60,0.010859425847665208,11,652.832778940541
2025-06-16,Electronics,Wireless Headphones,65,0.04856125044811524,4,247.37407488349004
2025-06-16,Electronics,Smart Watch,85,0.03766488421038679,12,981.5818181054054
2025-06-16,Electronics,Bluetooth Speaker,48,0.13771648311069262,11,455.2856969175543
2025-06-16,Home,Air Fryer,110,0.027100950994055843,5,535.0944769532692
2025-06-16,Home,Coffee Maker,75,0.052627581322722494,8,568.4234512063665
2025-06-16,Home,LED Lamp,32,0.04985666506923142,8,243.23669374227677
2025-06-16,Fashion,Hoodie,38,0.06070930324154917,2,71.38609295364226
2025-06-16,Fashion,Sneakers,72,0.07926211916883714,10,662.9312741984372
2025-06-16,Fashion,Backpack,45,0.051933279611660214,7,298.641016922327
2025-06-16,Beauty,Face Serum,28,0.047888013526798806,7,186.61394934874744
2025-06-16,Beauty,Hair Dryer,55,0.016000728349546273,8,432.95967952619964
2025-06-16,Beauty,Perfume,60,0.055921682925485806,4,226.5787960978834
2025-06-17,Electronics,Wireless Headphones,65,0.0002783284267052141,13,844.7648124794341
2025-06-17,Electronics,Smart Watch,85,0.06484975010434818,9,715.3899411701736
2025-06-17,Electronics,Bluetooth Speaker,48,0.11563537371473126,9,382.0455185552361
2025-06-17,Home,Air Fryer,110,0.032110103367348417,3,319.40366588877504
2025-06-17,Home,Coffee Maker,75,0.06761100672335037,5,349.64587247874357
2025-06-17,Home,LED Lamp,32,0.023886954876014145,10,312.3561744396755
2025-06-17,Fashion,Hoodie,38,0.05216481995309927,7,252.12415789247558
2025-06-17,Fashion,Sneakers,72,0.062258328737518,6,405.1044019853922
2025-06-17,Fashion,Backpack,45,0.020404194768943507,10,440.81811235397544
2025-06-17,Beauty,Face Serum,28,0.015084044267698958,11,303.35411436554875
2025-06-17,Beauty,Hair Dryer,55,0.05576676103871428,2,103.86565628574144
2025-06-17,Beauty,Perfume,60,0.07079466586290699,10,557.5232004822558
2025-06-18,Electronics,Wireless Headphones,65,0.0,6,390.0
2025-06-18,Electronics,Smart Watch,85,0.06537854273394911,3,238.328471602843
2025-06-18,Electronics,Bluetooth Speaker,48,0.0882828522315795,10,437.6242309288418
2025-06-18,Home,Air Fryer,110,0.11689510478910797,4,388.56615389279244
2025-06-18,Home,Coffee Maker,75,0.07022116797217326,3,209.20023720626102
2025-06-18,Home,LED Lamp,32,0.08011621978866923,4,117.74512386705034
2025-06-18,Fashion,Hoodie,38,0.08266551780508744,6,209.15226194044007
2025-06-18,Fashion,Sneakers,72,0.05487527694211929,7,476.3428604211719
2025-06-18,Fashion,Backpack,45,0.07044099802654906,8,334.64124071044233
2025-06-18,Beauty,Face Serum,28,0.06933240165651526,12,312.7043130434109
2025-06-18,Beauty,Hair Dryer,55,0.035703704717916784,6,318.21777744308747
2025-06-18,Beauty,Perfume,60,0.0,15,900.0
2025-06-19,Electronics,Wireless Headphones,65,0.1184109902165218,12,687.639427631113
2025-06-19,Electronics,Smart Watch,85,0.06257641997868181,5,398.40502150906025
2025-06-19,Electronics,Bluetooth Speaker,48,0.03822690090743657,8,369.3208700515444
2025-06-19,Home,Air Fryer,110,0.05475400087316138,10,1039.7705990395225
2025-06-19,Home,Coffee Maker,75,0.005048800867771604,4,298.4853597396685
2025-06-19,Home,LED Lamp,32,0.022541060730409842,5,156.39343028313442
2025-06-19,Fashion,Hoodie,38,0.06254497362071768,10,356.2329100241273
2025-06-19,Fashion,Sneakers,72,0.05643089612865374,7,475.5588283511585
2025-06-19,Fashion,Backpack,45,0.023424564994276427,11,483.40484032783314
2025-06-19,Beauty,Face Serum,28,0.0357665188158983,2,53.997074946309695
2025-06-19,Beauty,Hair Dryer,55,0.0475772256812222,3,157.14975776259834
2025-06-19,Beauty,Perfume,60,0.08155531796697152,6,330.6400855318903
2025-06-20,Electronics,Wireless Headphones,65,0.10785975939456957,2,115.97823127870595
2025-06-20,Electronics,Smart Watch,85,0.04681181754915688,10,810.2099550832166
2025-06-20,Electronics,Bluetooth Speaker,48,0.06991991270424866,9,401.7945977117646
2025-06-20,Home,Air Fryer,110,0.07730623916271867,6,608.9778821526057
2025-06-20,Home,Coffee Maker,75,0.0,5,375.0
2025-06-20,Home,LED Lamp,32,0.07229531844664974,8,237.49239847765767
2025-06-20,Fashion,Hoodie,38,0.02192747670500127,12,446.0010706225194
2025-06-20,Fashion,Sneakers,72,0.0331971600859604,8,556.8784357904868
2025-06-20,Fashion,Backpack,45,0.05072258132935414,8,341.7398707214325
2025-06-20,Beauty,Face Serum,28,0.023458592962897148,10,273.4315939703888
2025-06-20,Beauty,Hair Dryer,55,0.04229111160431778,8,421.3919108941002
2025-06-20,Beauty,Perfume,60,0.052172130006135915,5,284.3483609981592
2025-06-21,Electronics,Wireless Headphones,65,0.055148814447325764,15,921.2299059138574
2025-06-21,Electronics,Smart Watch,85,0.04314584826262375,10,813.3260289767697
2025-06-21,Electronics,Bluetooth Speaker,48,0.026332342022990576,9,420.6244282460681
2025-06-21,Home,Air Fryer,110,0.03264107008176453,7,744.8663760370413
2025-06-21,Home,Coffee Maker,75,0.03310983851478205,10,725.1676211139135
2025-06-21,Home,LED Lamp,32,0.016653790442647316,7,220.26955094084698
2025-06-21,Fashion,Hoodie,38,0.03671728415697482,4,146.4189728081398
2025-06-21,Fashion,Sneakers,72,0.08487488958371292,11,724.7790874496993
2025-06-21,Fashion,Backpack,45,0.06358188888183376,11,463.52696500349225
2025-06-21,Beauty,Face Serum,28,0.02854495403019863,9,244.80667158438993
2025-06-21,Beauty,Hair Dryer,55,0.02985168300498868,6,320.14894460835376
2025-06-21,Beauty,Perfume,60,0.05420144313738803,5,283.73956705878356
2025-06-22,Electronics,Wireless Headphones,65,0.03782609881847135,10,625.4130357679936
2025-06-22,Electronics,Smart Watch,85,0.05535041104117182,5,401.476075307502
2025-06-22,Electronics,Bluetooth Speaker,48,0.061449104012553435,9,405.45398706657693
2025-06-22,Home,Air Fryer,110,0.028330683870686352,5,534.4181238711225
2025-06-22,Home,Coffee Maker,75,0.03900752938263177,3,216.22330588890784
2025-06-22,Home,LED Lamp,32,0.029661319392065424,7,217.35586445617736
2025-06-22,Fashion,Hoodie,38,0.08016588349170607,18,629.1665356916731
2025-06-22,Fashion,Sneakers,72,0.019835987531742795,10,705.7180889771452
2025-06-22,Fashion,Backpack,45,0.04823886040443581,13,556.7802666634051
2025-06-22,Beauty,Face Serum,28,0.047663947162502975,9,239.98868531504925
2025-06-22,Beauty,Hair Dryer,55,0.0464756780899838,3,157.3315131151527
2025-06-22,Beauty,Perfume,60,0.06542394028191681,11,616.8201994139349
2025-06-23,Electronics,Wireless Headphones,65,0.03205438714928624,11,692.0811131882604
2025-06-23,Electronics,Smart Watch,85,0.06081295996499618,5,399.15449201487667
2025-06-23,Electronics,Bluetooth Speaker,48,0.028585122638007825,6,279.76748468025374
2025-06-23,Home,Air Fryer,110,0.06081786608916008,7,723.1702431113467
2025-06-23,Home,Coffee Maker,75,0.037274229307944065,4,288.81773120761676
2025-06-23,Home,LED Lamp,32,0.08541244706664203,7,204.8676118570722
2025-06-23,Fashion,Hoodie,38,0.04613347056248241,7,253.72849683037967
2025-06-23,Fashion,Sneakers,72,0.029665752003681982,5,349.3203292786745
2025-06-23,Fashion,Backpack,45,0.07165212570768988,14,584.8591608041554
2025-06-23,Beauty,Face Serum,28,0.06334495834052024,7,183.58438816525805
2025-06-23,Beauty,Hair Dryer,55,0.06155220497515245,2,103.22925745273324
2025-06-23,Beauty,Perfume,60,0.0387328638419553,7,403.73219718637876
2025-06-24,Electronics,Wireless Headphones,65,0.10541886825955511,5,290.7388678156446
2025-06-24,Electronics,Smart Watch,85,0.04782261212798464,1,80.93507796912131
2025-06-24,Electronics,Bluetooth Speaker,48,0.04784240402598683,11,502.739210674279
2025-06-24,Home,Air Fryer,110,0.05547572377245996,8,831.1813630802353
2025-06-24,Home,Coffee Maker,75,0.04268537869051905,9,646.1873693838996
2025-06-24,Home,LED Lamp,32,0.09043423674387796,3,87.31831327258772
2025-06-24,Fashion,Hoodie,38,0.08214031833495106,10,348.7866790327186
2025-06-24,Fashion,Sneakers,72,0.0516204334665757,6,409.6999727424393
2025-06-24,Fashion,Backpack,45,0.056990776279386944,10,424.35415067427584
2025-06-24,Beauty,Face Serum,28,0.06136401310655387,9,236.53626869714844
2025-06-24,Beauty,Hair Dryer,55,0.05230678262707687,4,208.49250782204308
2025-06-24,Beauty,Perfume,60,0.06862896323329096,6,335.2935732360153
2025-06-25,Electronics,Wireless Headphones,65,0.022951358827178765,8,508.065293409867
2025-06-25,Electronics,Smart Watch,85,0.05252616126182004,10,805.3527629274529
2025-06-25,Electronics,Bluetooth Speaker,48,0.05982609619681594,11,496.4118212080812
2025-06-25,Home,Air Fryer,110,0.1162642105300141,8,777.6874947335875
2025-06-25,Home,Coffee Maker,75,0.04438778292226258,3,215.01274884249094
2025-06-25,Home,LED Lamp,32,0.10546024259936487,11,314.87799460502356
2025-06-25,Fashion,Hoodie,38,0.04050992110932311,4,145.84249199138287
2025-06-25,Fashion,Sneakers,72,0.08003751754002077,10,662.3729873711851
2025-06-25,Fashion,Backpack,45,0.041597438762117675,6,258.76869153422825
2025-06-25,Beauty,Face Serum,28,0.05335860168375705,10,265.059591528548
2025-06-25,Beauty,Hair Dryer,55,0.04774810003602002,7,366.61698148613226
2025-06-25,Beauty,Perfume,60,0.026436018829961487,9,525.7245498318208
2025-06-26,Electronics,Wireless Headphones,65,0.013307097742172112,5,320.67519323379406
2025-06-26,Electronics,Smart Watch,85,0.053079282031504166,9,724.3943492458993
2025-06-26,Electronics,Bluetooth Speaker,48,0.03474541985381773,11,509.65441831718425
2025-06-26,Home,Air Fryer,110,0.09559632465996223,10,994.8440428740415
2025-06-26,Home,Coffee Maker,75,0.031367321376195884,6,435.88470538071186
2025-06-26,Home,LED Lamp,32,0.032143236752244404,4,123.88566569571272
2025-06-26,Fashion,Hoodie,38,0.0463163972788025,4,144.95990761362202
2025-06-26,Fashion,Sneakers,72,0.057868435411701044,7,474.83430855250265
2025-06-26,Fashion,Backpack,45,0.02892529811766609,4,174.7934463388201
2025-06-26,Beauty,Face Serum,28,0.016138190378079495,4,110.19252267765509
2025-06-26,Beauty,Hair Dryer,55,0.06551503533610417,4,205.5866922260571
2025-06-26,Beauty,Perfume,60,0.03804471151633237,4,230.86926923608024
2025-06-27,Electronics,Wireless Headphones,65,0.042744152821821535,11,684.4379307323976
2025-06-27,Electronics,Smart Watch,85,0.05882910151229325,5,399.99763185727534
2025-06-27,Electronics,Bluetooth Speaker,48,0.04136027401697062,6,276.08824108311245
2025-06-27,Home,Air Fryer,110,0.0892802652749346,7,701.2541957383004
2025-06-27,Home,Coffee Maker,75,0.04555992025966132,3,214.74901794157623
2025-06-27,Home,LED Lamp,32,0.05678720952023626,6,181.09685577211462
2025-06-27,Fashion,Hoodie,38,0.04877672886815391,4,144.58593721204062
2025-06-27,Fashion,Sneakers,72,0.0899738737942916,5,327.609405434055
2025-06-27,Fashion,Backpack,45,0.06280366685449044,12,506.08601989857516
2025-06-27,Beauty,Face Serum,28,0.03967636236495799,5,134.44530926890587
2025-06-27,Beauty,Hair Dryer,55,0.015025140457525468,4,216.6944690993444
2025-06-27,Beauty,Perfume,60,0.07114068697368536,7,390.1209114710521
2025-06-28,Electronics,Wireless Headphones,65,0.10809480291965144,10,579.7383781022265
2025-06-28,Electronics,Smart Watch,85,0.03993118521600729,9,734.4526433097544
2025-06-28,Electronics,Bluetooth Speaker,48,0.040629718824120795,11,506.5475084608642
2025-06-28,Home,Air Fryer,110,0.039519370319515384,8,845.2229541188265
2025-06-28,Home,Coffee Maker,75,0.0745756567113544,4,277.6273029865937
2025-06-28,Home,LED Lamp,32,0.06799333728073535,11,328.0663452771812
2025-06-28,Fashion,Hoodie,38,0.035796293295337976,15,549.5961128216574
2025-06-28,Fashion,Sneakers,72,0.10033185425256212,8,518.2088519505243
2025-06-28,Fashion,Backpack,45,0.04586706966899312,6,257.61589118937184
2025-06-28,Beauty,Face Serum,28,0.042352787545323775,10,268.14121948730934
2025-06-28,Beauty,Hair Dryer,55,0.0748191203962546,3,152.654845134618
2025-06-28,Beauty,Perfume,60,0.035387043290681056,7,405.13744181791395
2025-06-29,Electronics,Wireless Headphones,65,0.06936797779073428,7,423.43757010521585
2025-06-29,Electronics,Smart Watch,85,0.05743765294637419,6,480.70679699734916
2025-06-29,Electronics,Bluetooth Speaker,48,0.07493786415311349,8,355.2238601652044
2025-06-29,Home,Air Fryer,110,0.0,2,220.0
2025-06-29,Home,Coffee Maker,75,0.04907690504949753,10,713.1923212128768
2025-06-29,Home,LED Lamp,32,0.03671350999452202,7,215.77617376122706
2025-06-29,Fashion,Hoodie,38,0.0,13,494.0
2025-06-29,Fashion,Sneakers,72,0.026894524802867456,6,420.38156528516123
2025-06-29,Fashion,Backpack,45,0.03616619113149631,5,216.86260699541333
2025-06-29,Beauty,Face Serum,28,0.02718713548016427,5,136.193801032777
2025-06-29,Beauty,Hair Dryer,55,0.058363604561265624,2,103.58000349826078
2025-06-29,Beauty,Perfume,60,0.04747035108988201,7,400.06245254224956
2025-06-30,Electronics,Wireless Headphones,65,0.05878726535582322,9,550.6094497668435
2025-06-30,Electronics,Smart Watch,85,0.07434357235504542,9,708.1271671483903
2025-06-30,Electronics,Bluetooth Speaker,48,0.04684824395841313,5,228.75642144998085
2025-06-30,Home,Air Fryer,110,0.10458280181148574,7,689.471242605156
2025-06-30,Home,Coffee Maker,75,0.001296124114334045,5,374.5139534571247
2025-06-30,Home,LED Lamp,32,0.04218882252975893,5,153.24978839523857
2025-06-30,Fashion,Hoodie,38,0.041252814901481104,5,182.16196516871858
2025-06-30,Fashion,Sneakers,72,0.09617999381743753,6,390.450242670867
2025-06-30,Fashion,Backpack,45,0.05780553288213038,11,466.38626122334546
2025-06-30,Beauty,Face Serum,28,0.04370366639324467,9,240.98667606890234
2025-06-30,Beauty,Hair Dryer,55,0.05461841232081875,3,155.9879619670649
2025-06-30,Beauty,Perfume,60,0.0663544402550364,4,224.07493433879125
2025-07-01,Electronics,Wireless Headphones,65,0.04815214735416404,6,371.22066253187603
2025-07-01,Electronics,Smart Watch,85,0.05516811996630999,3,240.93212940859095
2025-07-01,Electronics,Bluetooth Speaker,48,0.06332646489412443,7,314.7223077955742
2025-07-01,Home,Air Fryer,110,0.06266801708173046,4,412.4260724840386
2025-07-01,Home,Coffee Maker,75,0.02828707270473304,3,218.63540864143505
2025-07-01,Home,LED Lamp,32,0.12180670525427119,6,168.61311259117994
2025-07-01,Fashion,Hoodie,38,0.06025574042250035,9,321.3925367755049
2025-07-01,Fashion,Sneakers,72,0.013395424197601785,5,355.17764728886334
2025-07-01,Fashion,Backpack,45,0.0564134864858402,11,467.0753241895091
2025-07-01,Beauty,Face Serum,28,0.07073651206570628,8,208.1550212972818
2025-07-01,Beauty,Hair Dryer,55,0.05415275135791932,3,156.0647960259433
2025-07-01,Beauty,Perfume,60,0.06819901153893977,4,223.63223723065445
2025-07-02,Electronics,Wireless Headphones,65,0.02847737571842042,5,315.74485289151335
2025-07-02,Electronics,Smart Watch,85,0.06764352098502642,5,396.25150358136375
2025-07-02,Electronics,Bluetooth Speaker,48,0.037725447887975876,7,323.32424950964014
2025-07-02,Home,Air Fryer,110,0.04787701904479061,4,418.93411162029213
2025-07-02,Home,Coffee Maker,75,0.05826383786713504,3,211.8906364798946
2025-07-02,Home,LED Lamp,32,0.04781923212811999,5,152.3489228595008
2025-07-02,Fashion,Hoodie,38,0.07954117020254683,4,139.90974212921287
2025-07-02,Fashion,Sneakers,72,0.05144504099997226,4,273.183828192008
2025-07-02,Fashion,Backpack,45,0.03422728890999255,14,608.4368079867047
2025-07-02,Beauty,Face Serum,28,0.029749750835924942,5,135.83503488297052
2025-07-02,Beauty,Hair Dryer,55,0.03397000402966837,4,212.52659911347297
2025-07-02,Beauty,Perfume,60,0.06756422301983343,7,391.62302633166996
2025-07-03,Electronics,Wireless Headphones,65,0.05157198090954348,5,308.23910620439835
2025-07-03,Electronics,Smart Watch,85,0.05658360551725642,10,801.903935310332
2025-07-03,Electronics,Bluetooth Speaker,48,0.014475112161183634,7,331.13636231384226
2025-07-03,Home,Air Fryer,110,0.04007910386754638,6,633.5477914474194
2025-07-03,Home,Coffee Maker,75,0.06677685395225887,6,419.9504157214835
2025-07-03,Home,LED Lamp,32,0.0463134961481129,5,152.58984061630196
2025-07-03,Fashion,Hoodie,38,0.026591262368348842,6,221.93719218001647
2025-07-03,Fashion,Sneakers,72,0.11045965418329955,5,320.2345244940122
2025-07-03,Fashion,Backpack,45,0.08306770311853373,10,412.61953359665983
2025-07-03,Beauty,Face Serum,28,0.030167834784577276,8,217.24240500825468
2025-07-03,Beauty,Hair Dryer,55,0.04911173244287387,3,156.8965641469258
2025-07-03,Beauty,Perfume,60,0.057055492853428015,6,339.4600225727659
2025-07-04,Electronics,Wireless Headphones,65,0.09915609163621826,8,468.4388323491665
2025-07-04,Electronics,Smart Watch,85,0.04270304053895631,3,244.11072466256613
2025-07-04,Electronics,Bluetooth Speaker,48,0.045096313967636345,3,137.50613078866036
2025-07-04,Home,Air Fryer,110,0.051345373540557585,2,208.70401782107734
2025-07-04,Home,Coffee Maker,75,0.0616281628822893,7,492.6452144867981
2025-07-04,Home,LED Lamp,32,0.061856715612726924,4,120.08234040157096
2025-07-04,Fashion,Hoodie,38,0.03745685040317605,8,292.61311747743446
2025-07-04,Fashion,Sneakers,72,0.0782554786514075,8,530.9248442967893
2025-07-04,Fashion,Backpack,45,0.06080569400606211,8,338.10995015781765
2025-07-04,Beauty,Face Serum,28,0.07769623644379227,5,129.12252689786908
2025-07-04,Beauty,Hair Dryer,55,0.02066008386436942,7,377.0458677122178
2025-07-04,Beauty,Perfume,60,0.029103521592189124,4,233.01515481787462
2025-07-05,Electronics,Wireless Headphones,65,0.07736329316540413,10,599.7138594424873
2025-07-05,Electronics,Smart Watch,85,0.07927773207988154,5,391.30696386605035
2025-07-05,Electronics,Bluetooth Speaker,48,0.008345176711274035,5,237.99715758929423
2025-07-05,Home,Air Fryer,110,0.06619441228228806,8,821.7489171915865
2025-07-05,Home,Coffee Maker,75,0.05013065613253405,4,284.9608031602398
2025-07-05,Home,LED Lamp,32,0.07008139340911428,7,208.3017678763584
2025-07-05,Fashion,Hoodie,38,0.11730142407912464,14,469.5956423899057
2025-07-05,Fashion,Sneakers,72,0.11519759591395669,13,828.1750502245364
2025-07-05,Fashion,Backpack,45,0.031528739096324844,7,305.06844718465766
2025-07-05,Beauty,Face Serum,28,0.01895076792061273,2,54.93875699644569
2025-07-05,Beauty,Hair Dryer,55,0.007719334152621646,7,382.0280563512407
2025-07-05,Beauty,Perfume,60,0.08100078796344941,6,330.8397163331582
2025-07-06,Electronics,Wireless Headphones,65,0.06275321650927429,8,487.36832741517736
2025-07-06,Electronics,Smart Watch,85,0.06080749644599318,3,239.49408840627174
2025-07-06,Electronics,Bluetooth Speaker,48,0.04980662576549504,9,410.48353766930614
2025-07-06,Home,Air Fryer,110,0.021418615276087967,8,861.1516185570425
2025-07-06,Home,Coffee Maker,75,0.07056582094408609,6,418.2453805751613
2025-07-06,Home,LED Lamp,32,0.031731666492329426,8,247.87669337796368
2025-07-06,Fashion,Hoodie,38,0.07463070442252577,11,386.80436555138425
2025-07-06,Fashion,Sneakers,72,0.0691417171642388,10,670.217963641748
2025-07-06,Fashion,Backpack,45,0.0815760174211993,5,206.64539608023017
2025-07-06,Beauty,Face Serum,28,0.10203451457005315,12,301.71640310446213
2025-07-06,Beauty,Hair Dryer,55,0.03576862444717803,4,212.13090262162083
2025-07-06,Beauty,Perfume,60,0.10435865025037927,4,214.95392393990898
2025-07-07,Electronics,Wireless Headphones,65,0.042828865922764525,5,311.08061857510154
2025-07-07,Electronics,Smart Watch,85,0.044028642554872516,3,243.77269614850752
2025-07-07,Electronics,Bluetooth Speaker,48,0.03038920358625966,12,558.4958187343144
2025-07-07,Home,Air Fryer,110,0.02776431218846835,4,427.78370263707393
2025-07-07,Home,Coffee Maker,75,0.047304487422585376,8,571.6173075464487
2025-07-07,Home,LED Lamp,32,0.03079394010127724,5,155.07296958379564
2025-07-07,Fashion,Hoodie,38,0.03740164631696919,13,475.5235867194172
2025-07-07,Fashion,Sneakers,72,0.03605768981697816,9,624.6346169985982
2025-07-07,Fashion,Backpack,45,0.0461042905709612,6,257.5518415458405
2025-07-07,Beauty,Face Serum,28,0.024714157521948655,5,136.5400179469272
2025-07-07,Beauty,Hair Dryer,55,0.07602095907991589,3,152.4565417518139
2025-07-07,Beauty,Perfume,60,0.007230660471420708,7,416.9631226020033
2025-07-08,Electronics,Wireless Headphones,65,0.05148969464771825,9,554.8785286310848
2025-07-08,Electronics,Smart Watch,85,0.05514850294797986,4,321.24950899768686
2025-07-08,Electronics,Bluetooth Speaker,48,0.04628462741755495,3,137.3350136518721
2025-07-08,Home,Air Fryer,110,0.06377502177748025,4,411.93899041790866
2025-07-08,Home,Coffee Maker,75,0.025499030897287178,6,438.52543609622074
2025-07-08,Home,LED Lamp,32,0.052942685721607735,3,90.91750217072565
2025-07-08,Fashion,Hoodie,38,0.049964492007516834,12,433.2161916445723
2025-07-08,Fashion,Sneakers,72,0.0585572877710673,10,677.8387528048315
2025-07-08,Fashion,Backpack,45,0.05638385534572795,8,339.70181207553793
2025-07-08,Beauty,Face Serum,28,0.04363681421521272,9,241.0035228177664
2025-07-08,Beauty,Hair Dryer,55,0.02875844749320596,7,373.9279977151157
2025-07-08,Beauty,Perfume,60,0.04107173271630438,7,402.74987225915214
2025-07-09,Electronics,Wireless Headphones,65,0.007127705152297437,7,451.7568941557047
2025-07-09,Electronics,Smart Watch,85,0.06169642641108918,6,478.5348225303445
2025-07-09,Electronics,Bluetooth Speaker,48,0.0,3,144.0
2025-07-09,Home,Air Fryer,110,0.027652449304236906,3,320.8746917296018
2025-07-09,Home,Coffee Maker,75,0.05246979991390027,2,142.12953001291496
2025-07-09,Home,LED Lamp,32,0.047983227722012974,7,213.2517569902691
2025-07-09,Fashion,Hoodie,38,0.06214571879268598,9,320.7461641729014
2025-07-09,Fashion,Sneakers,72,0.060753780884723496,8,541.0058222103993
2025-07-09,Fashion,Backpack,45,0.0883608377238904,4,164.09504920969974
2025-07-09,Beauty,Face Serum,28,0.08038315926944152,7,180.24490078318945
2025-07-09,Beauty,Hair Dryer,55,0.04459894123553787,4,210.18823292818166
2025-07-09,Beauty,Perfume,60,0.05097056736304986,4,227.76706383286805
2025-07-10,Electronics,Wireless Headphones,65,0.09681394822474687,5,293.53546682695725
2025-07-10,Electronics,Smart Watch,85,0.04706962135304345,2,161.99816436998262
2025-07-10,Electronics,Bluetooth Speaker,48,0.06041548821302848,10,451.00056565774634
2025-07-10,Home,Air Fryer,110,0.061456861063227605,3,309.7192358491349
2025-07-10,Home,Coffee Maker,75,0.026895219123021476,6,437.89715139464033
2025-07-10,Home,LED Lamp,32,0.06758891850619575,10,298.37154607801733
2025-07-10,Fashion,Hoodie,38,0.031902509158912434,7,257.51393256372927
2025-07-10,Fashion,Sneakers,72,0.05077097078315959,9,615.1004109325125
2025-07-10,Fashion,Backpack,45,0.02317586732971155,8,351.65668776130383
2025-07-10,Beauty,Face Serum,28,0.04285402991103406,10,268.0008716249105
2025-07-10,Beauty,Hair Dryer,55,0.07543854355120447,3,152.55264031405125
2025-07-10,Beauty,Perfume,60,0.026468281386276618,7,408.88332181776383
2025-07-11,Electronics,Wireless Headphones,65,0.0732116693430518,12,722.8948979124197
2025-07-11,Electronics,Smart Watch,85,0.03294121090043188,5,410.99998536731647
2025-07-11,Electronics,Bluetooth Speaker,48,0.015767863249492635,7,330.70199794817046
2025-07-11,Home,Air Fryer,110,0.04612795127849242,4,419.70370143746334
2025-07-11,Home,Coffee Maker,75,0.06299463716947122,3,210.826206636869
2025-07-11,Home,LED Lamp,32,0.0707246774210533,11,327.10491354778924
2025-07-11,Fashion,Hoodie,38,0.08706077010902094,10,346.9169073585721
2025-07-11,Fashion,Sneakers,72,0.03599426193675494,8,555.2673051244292
2025-07-11,Fashion,Backpack,45,0.02844623366822932,12,524.6390338191562
2025-07-11,Beauty,Face Serum,28,0.03257680458595129,6,162.52709682956018
2025-07-11,Beauty,Hair Dryer,55,0.07272149606147242,4,204.0012708664761
2025-07-11,Beauty,Perfume,60,0.014886264424310118,6,354.6409448072484
2025-07-12,Electronics,Wireless Headphones,65,0.05256605127852903,10,615.8320666689561
2025-07-12,Electronics,Smart Watch,85,0.07405560402740397,2,157.41054731534132
2025-07-12,Electronics,Bluetooth Speaker,48,0.05417154056945589,11,499.3974265793273
2025-07-12,Home,Air Fryer,110,0.08834825650908655,6,601.6901507040029
2025-07-12,Home,Coffee Maker,75,0.03367540690536993,3,217.42303344629175
2025-07-12,Home,LED Lamp,32,0.0,6,192.0
2025-07-12,Fashion,Hoodie,38,0.025876025957225508,9,333.15039912262887
2025-07-12,Fashion,Sneakers,72,0.013134650884155684,9,639.4887462270672
2025-07-12,Fashion,Backpack,45,0.0,8,360.0
2025-07-12,Beauty,Face Serum,28,0.01034092096162574,9,249.3940879176703
2025-07-12,Beauty,Hair Dryer,55,0.03767049852686483,3,158.7843677430673
2025-07-12,Beauty,Perfume,60,0.047288786329244055,4,228.65069128098142
2025-07-13,Electronics,Wireless Headphones,65,0.01620774357176971,9,575.5184700105148
2025-07-13,Electronics,Smart Watch,85,0.010729912142042233,5,420.43978733963206
2025-07-13,Electronics,Bluetooth Speaker,48,0.05701239224518392,5,226.31702586115586
2025-07-13,Home,Air Fryer,110,0.03714429928135144,2,211.82825415810268
2025-07-13,Home,Coffee Maker,75,0.05792095209305131,4,282.62371437208463
2025-07-13,Home,LED Lamp,32,0.025476760357822092,8,249.47794934839754
2025-07-13,Fashion,Hoodie,38,0.09063110131684185,12,414.6722177995201
2025-07-13,Fashion,Sneakers,72,0.04430844668880099,5,344.04895919203165
2025-07-13,Fashion,Backpack,45,0.08136976383466471,23,950.7822944311221
2025-07-13,Beauty,Face Serum,28,0.04475660762929133,1,26.746814986379842
2025-07-13,Beauty,Hair Dryer,55,0.027098695041857083,4,214.03828709079144
2025-07-13,Beauty,Perfume,60,0.023286003420672836,6,351.61703876855773
2025-07-14,Electronics,Wireless Headphones,65,0.050806655542343614,5,308.48783694873833
2025-07-14,Electronics,Smart Watch,85,0.005291235672861078,5,422.7512248390341
2025-07-14,Electronics,Bluetooth Speaker,48,0.0,3,144.0
2025-07-14,Home,Air Fryer,110,0.05400436744687197,4,416.2380783233763
2025-07-14,Home,Coffee Maker,75,0.03147823905751053,8,581.1130565654937
2025-07-14,Home,LED Lamp,32,0.08841646007542701,7,204.19471294310435
2025-07-14,Fashion,Hoodie,38,0.07269833542154933,7,246.66224277786787
2025-07-14,Fashion,Sneakers,72,0.018322102439477177,9,636.1272776192188
2025-07-14,Fashion,Backpack,45,0.0672609049913587,5,209.8662963769443
2025-07-14,Beauty,Face Serum,28,0.06962485571487775,9,234.4545363598508
2025-07-14,Beauty,Hair Dryer,55,0.0060803985173499275,3,163.99673424463728
2025-07-14,Beauty,Perfume,60,0.05685698640680347,11,622.4743889715097
2025-07-15,Electronics,Wireless Headphones,65,0.07724578892716794,7,419.85316603813857
2025-07-15,Electronics,Smart Watch,85,0.10545261324840935,3,228.10958362165562
2025-07-15,Electronics,Bluetooth Speaker,48,0.047546263860286556,6,274.30667600823745
2025-07-15,Home,Air Fryer,110,0.0010304030639136305,7,769.2065896407864
2025-07-15,Home,Coffee Maker,75,0.08478170811942971,2,137.28274378208553
2025-07-15,Home,LED Lamp,32,0.07483421467261364,4,118.42122052190545
2025-07-15,Fashion,Hoodie,38,0.02240584713312216,7,260.04004466258954
2025-07-15,Fashion,Sneakers,72,0.03492732050771974,9,625.3670963109976
2025-07-15,Fashion,Backpack,45,0.041140775394994764,10,431.48665107225236
2025-07-15,Beauty,Face Serum,28,0.002198920914371981,4,111.75372085759034
2025-07-15,Beauty,Hair Dryer,55,0.07347172650765196,7,356.713385294554
2025-07-15,Beauty,Perfume,60,0.007797502976119065,9,535.7893483928957
2025-07-16,Electronics,Wireless Headphones,65,0.045666979981292016,12,744.3797556145922
2025-07-16,Electronics,Smart Watch,85,0.07800661650568197,6,470.2166255821022
2025-07-16,Electronics,Bluetooth Speaker,48,0.03599282115654153,6,277.63406750691604
2025-07-16,Home,Air Fryer,110,0.011273600918727686,7,761.3193272925797
2025-07-16,Home,Coffee Maker,75,0.08278819233342952,7,481.5361990249495
2025-07-16,Home,LED Lamp,32,0.07868329380219453,6,176.89280758997864
2025-07-16,Fashion,Hoodie,38,0.016492817318286758,8,298.9861835352408
2025-07-16,Fashion,Sneakers,72,0.07405410311585557,8,533.3448366052672
2025-07-16,Fashion,Backpack,45,0.10290400245508183,7,282.5852392266492
2025-07-16,Beauty,Face Serum,28,0.013913291607606147,10,276.1042783498703
2025-07-16,Beauty,Hair Dryer,55,0.015441147359474112,5,270.7536844761446
2025-07-16,Beauty,Perfume,60,0.0403949694600254,2,115.15260366479696
2025-07-17,Electronics,Wireless Headphones,65,0.05876809664557524,16,978.8811794886018
2025-07-17,Electronics,Smart Watch,85,0.08401569538148418,10,778.5866589257384
2025-07-17,Electronics,Bluetooth Speaker,48,0.06087933277277087,4,180.311168107628
2025-07-17,Home,Air Fryer,110,0.026839287644238433,6,642.2860701548026
2025-07-17,Home,Coffee Maker,75,0.034277561934226056,6,434.5750971295983
2025-07-17,Home,LED Lamp,32,0.10259131787221532,7,201.01954479662376
2025-07-17,Fashion,Hoodie,38,0.051883681435013686,11,396.31262116016427
2025-07-17,Fashion,Sneakers,72,0.052953190867039125,9,613.6863323181586
2025-07-17,Fashion,Backpack,45,0.06899370368862216,10,418.95283334012004
2025-07-17,Beauty,Face Serum,28,0.02570206843251285,5,136.4017104194482
2025-07-17,Beauty,Hair Dryer,55,0.018871888418631286,5,269.8102306848764
2025-07-17,Beauty,Perfume,60,0.029702802763004996,2,116.4356636684394
2025-07-18,Electronics,Wireless Headphones,65,0.03880811615379855,8,499.8197796000248
2025-07-18,Electronics,Smart Watch,85,0.055506221527963216,3,240.84591351036937
2025-07-18,Electronics,Bluetooth Speaker,48,0.015843197233040646,8,377.91621226251243
2025-07-18,Home,Air Fryer,110,0.026632411418365188,5,535.3521737198992
2025-07-18,Home,Coffee Maker,75,0.0681245900012721,8,559.1252459992368
2025-07-18,Home,LED Lamp,32,0.01579099326660801,4,125.97875286187417
2025-07-18,Fashion,Hoodie,38,0.02224091107761449,8,297.2387630324052
2025-07-18,Fashion,Sneakers,72,0.0631128419306381,3,202.36762614298215
2025-07-18,Fashion,Backpack,45,0.0,12,540.0
2025-07-18,Beauty,Face Serum,28,0.008255163009750356,6,166.61313261436194
2025-07-18,Beauty,Hair Dryer,55,0.023906394656017373,4,214.74059317567617
2025-07-18,Beauty,Perfume,60,0.0365580136953777,6,346.83911506966405
2025-07-19,Electronics,Wireless Headphones,65,0.049395484713832725,5,308.94646746800436
2025-07-19,Electronics,Smart Watch,85,0.046399412036209606,12,972.6725997230662
2025-07-19,Electronics,Bluetooth Speaker,48,0.10779456664290064,2,85.65172160228154
2025-07-19,Home,Air Fryer,110,0.07227987780312424,7,714.3444940915944
2025-07-19,Home,Coffee Maker,75,0.07314528756786622,9,625.6269308916903
2025-07-19,Home,LED Lamp,32,0.05927939564751889,7,210.72141537495577
2025-07-19,Fashion,Hoodie,38,0.02192405418936294,9,334.50197346723786
2025-07-19,Fashion,Sneakers,72,0.022501206760463657,6,422.2794786794797
2025-07-19,Fashion,Backpack,45,0.013204102602318711,12,532.8697845947479
2025-07-19,Beauty,Face Serum,28,0.08276620956915587,6,154.0952767923818
2025-07-19,Beauty,Hair Dryer,55,0.006799483224493072,8,437.00822738122304
2025-07-19,Beauty,Perfume,60,0.055933594290864565,6,339.8639060552888
2025-07-20,Electronics,Wireless Headphones,65,0.0618106213061848,5,304.91154807549
2025-07-20,Electronics,Smart Watch,85,0.039884940124635296,0,0.0
2025-07-20,Electronics,Bluetooth Speaker,48,0.05376919822179883,8,363.35262788282927
2025-07-20,Home,Air Fryer,110,0.03056431852138705,8,853.1033997011793
2025-07-20,Home,Coffee Maker,75,0.041772614361829566,4,287.4682156914511
2025-07-20,Home,LED Lamp,32,0.04018162248848788,3,92.14256424110516
2025-07-20,Fashion,Hoodie,38,0.06852880547343156,8,283.1672431360768
2025-07-20,Fashion,Sneakers,72,0.055149465616987484,14,952.4093386580765
2025-07-20,Fashion,Backpack,45,0.06496809956110283,6,252.45861311850223
2025-07-20,Beauty,Face Serum,28,0.05505819554634597,4,105.83348209880926
2025-07-20,Beauty,Hair Dryer,55,0.016843586451708116,7,378.51521921609236
2025-07-20,Beauty,Perfume,60,0.043652232626095105,12,688.5703925092115
2025-07-21,Electronics,Wireless Headphones,65,0.043874821668986694,5,310.74068295757934
2025-07-21,Electronics,Smart Watch,85,0.07256982052088211,6,472.9893915343501
2025-07-21,Electronics,Bluetooth Speaker,48,0.028171104317694897,9,419.8300829347558
2025-07-21,Home,Air Fryer,110,0.06831422926072692,6,614.9126086879202
2025-07-21,Home,Coffee Maker,75,0.07262775376574884,3,208.6587554027065
2025-07-21,Home,LED Lamp,32,0.07837261808524891,6,176.9524573276322
2025-07-21,Fashion,Hoodie,38,0.03953754375561253,9,328.4781600355805
2025-07-21,Fashion,Sneakers,72,0.04916673152748194,6,410.7599719801278
2025-07-21,Fashion,Backpack,45,0.056851960554383976,6,254.6499706503163
2025-07-21,Beauty,Face Serum,28,0.055053554266585245,8,211.66800384428493
2025-07-21,Beauty,Hair Dryer,55,0.06466231259199968,2,102.88714561488003
2025-07-21,Beauty,Perfume,60,0.044080133303382715,2,114.71038400359407
2025-07-22,Electronics,Wireless Headphones,65,0.03204627769580286,5,314.5849597488641
2025-07-22,Electronics,Smart Watch,85,0.05526851969731773,10,803.0217582572799
2025-07-22,Electronics,Bluetooth Speaker,48,0.043085665812166996,5,229.65944020507993
2025-07-22,Home,Air Fryer,110,0.023560304775738325,8,859.2669317973503
2025-07-22,Home,Coffee Maker,75,0.03353828279748721,3,217.45388637056539
2025-07-22,Home,LED Lamp,32,0.007573907110393255,2,63.51526994493483
2025-07-22,Fashion,Hoodie,38,0.02015484759180703,8,297.8729263320906
2025-07-22,Fashion,Sneakers,72,0.08253979492209787,4,264.2285390624358
2025-07-22,Fashion,Backpack,45,0.08198843785020751,16,660.9683247478506
2025-07-22,Beauty,Face Serum,28,0.04405532166907649,4,107.06580397306344
2025-07-22,Beauty,Hair Dryer,55,0.05667281359328821,1,51.88299525236915
2025-07-22,Beauty,Perfume,60,0.05233527086377886,5,284.2994187408663
2025-07-23,Electronics,Wireless Headphones,65,0.01075683236674442,8,514.406447169293
2025-07-23,Electronics,Smart Watch,85,0.09847642534422647,2,153.2590076914815
2025-07-23,Electronics,Bluetooth Speaker,48,0.03300724185948045,5,232.07826195372468
2025-07-23,Home,Air Fryer,110,0.07706997505716309,1,101.52230274371206
2025-07-23,Home,Coffee Maker,75,0.08774299464662602,5,342.09637700751523
2025-07-23,Home,LED Lamp,32,0.026362267290352376,8,249.25125957366978
2025-07-23,Fashion,Hoodie,38,0.0028151711209357874,9,341.03721147664
2025-07-23,Fashion,Sneakers,72,0.04063699583489341,8,552.5930903991014
2025-07-23,Fashion,Backpack,45,0.0825042070712424,9,371.5857961361468
2025-07-23,Beauty,Face Serum,28,0.032686560795108496,5,135.42388148868483
2025-07-23,Beauty,Hair Dryer,55,0.03267861384499615,2,106.40535247705043
2025-07-23,Beauty,Perfume,60,0.0,7,420.0
2025-07-24,Electronics,Wireless Headphones,65,0.09131019922837466,11,649.7132075517121
2025-07-24,Electronics,Smart Watch,85,0.035664661318246305,8,655.7480303035925
2025-07-24,Electronics,Bluetooth Speaker,48,0.06907251666273015,18,804.3213456034011
2025-07-24,Home,Air Fryer,110,0.0440568802589644,3,315.46122951454174
2025-07-24,Home,Coffee Maker,75,0.0832284209367535,4,275.0314737189739
2025-07-24,Home,LED Lamp,32,0.09246656960975305,11,319.4517674973669
2025-07-24,Fashion,Hoodie,38,0.05993564419746339,6,214.33467312297833
2025-07-24,Fashion,Sneakers,72,0.05048330801285874,8,546.9216145845934
2025-07-24,Fashion,Backpack,45,0.04722693477448277,6,257.24872761088966
2025-07-24,Beauty,Face Serum,28,0.06566059407717165,7,183.13052356087437
2025-07-24,Beauty,Hair Dryer,55,0.026554644974703858,5,267.69747263195643
2025-07-24,Beauty,Perfume,60,0.03232911808347913,5,290.30126457495624
2025-07-25,Electronics,Wireless Headphones,65,0.02843270705826116,7,442.0631182884912
2025-07-25,Electronics,Smart Watch,85,0.06165476932512988,5,398.7967230368198
2025-07-25,Electronics,Bluetooth Speaker,48,0.04690650216692821,9,411.736391063887
2025-07-25,Home,Air Fryer,110,0.014583035723411533,8,867.1669285633978
2025-07-25,Home,Coffee Maker,75,0.04758098570467295,3,214.2942782164486
2025-07-25,Home,LED Lamp,32,0.09389893654756643,5,144.9761701523894
2025-07-25,Fashion,Hoodie,38,0.03854275686551113,12,438.42450286932694
2025-07-25,Fashion,Sneakers,72,0.01317732198215367,3,213.1536984518548
2025-07-25,Fashion,Backpack,45,0.04989467566150916,9,384.7926563570888
2025-07-25,Beauty,Face Serum,28,0.02593849008291349,6,163.64233366607053
2025-07-25,Beauty,Hair Dryer,55,0.05861360451841828,3,155.328755254461
2025-07-25,Beauty,Perfume,60,0.05409325922817834,8,454.0352355704744
2025-07-26,Electronics,Wireless Headphones,65,0.06104833263029051,9,549.28672541128
2025-07-26,Electronics,Smart Watch,85,0.05565540090946311,8,642.154327381565
2025-07-26,Electronics,Bluetooth Speaker,48,0.08460371128381772,7,307.57315300863723
2025-07-26,Home,Air Fryer,110,0.04706622657576479,6,628.9362904599952
2025-07-26,Home,Coffee Maker,75,0.06619421865209338,8,560.2834688087439
2025-07-26,Home,LED Lamp,32,0.09838851294038546,8,230.81254068726133
2025-07-26,Fashion,Hoodie,38,0.06664755040515238,13,461.07611009985476
2025-07-26,Fashion,Sneakers,72,0.049298956083482524,12,821.4057019438711
2025-07-26,Fashion,Backpack,45,0.025403219993922022,7,306.99798570191456
2025-07-26,Beauty,Face Serum,28,0.08873692249304364,12,306.1843940423373
2025-07-26,Beauty,Hair Dryer,55,0.056312513623640786,4,207.61124700279905
2025-07-26,Beauty,Perfume,60,0.047297881522259874,6,342.97276265198644
2025-07-27,Electronics,Wireless Headphones,65,0.055204768691524464,6,368.47014021030543
2025-07-27,Electronics,Smart Watch,85,0.07293201079436713,8,630.4062326598303
2025-07-27,Electronics,Bluetooth Speaker,48,0.03328117163108668,11,510.42754137878626
2025-07-27,Home,Air Fryer,110,0.0920306073319018,8,799.0130655479264
2025-07-27,Home,Coffee Maker,75,0.043589467832063813,7,502.11552938816646
2025-07-27,Home,LED Lamp,32,0.032105293015239844,7,216.80841436458627
2025-07-27,Fashion,Hoodie,38,0.07475854450326894,10,351.5917530887578
2025-07-27,Fashion,Sneakers,72,0.020545576686980267,8,564.1657478282993
2025-07-27,Fashion,Backpack,45,0.025753333294640697,11,482.25210001915286
2025-07-27,Beauty,Face Serum,28,0.047567259841968634,5,133.3405836221244
2025-07-27,Beauty,Hair Dryer,55,0.0625435535896775,2,103.12020910513549
2025-07-27,Beauty,Perfume,60,0.06649930937163159,2,112.0200828754042
2025-07-28,Electronics,Wireless Headphones,65,0.09526080752442295,7,411.6563325763875
2025-07-28,Electronics,Smart Watch,85,0.018038465414210295,6,500.80038263875275
2025-07-28,Electronics,Bluetooth Speaker,48,0.020604344618700032,7,329.07694020811675
2025-07-28,Home,Air Fryer,110,0.010556496729651428,6,653.0327121584301
2025-07-28,Home,Coffee Maker,75,0.02345372520722351,9,659.1687354851241
2025-07-28,Home,LED Lamp,32,0.034879472779371715,3,92.65157061318031
2025-07-28,Fashion,Hoodie,38,0.04655750183348761,9,326.07733437294723
2025-07-28,Fashion,Sneakers,72,0.04887568119022478,12,821.7714114516458
2025-07-28,Fashion,Backpack,45,0.049747090727737205,8,342.0910473380146
2025-07-28,Beauty,Face Serum,28,0.0459953751073233,7,186.98490647896463
2025-07-28,Beauty,Hair Dryer,55,0.06809739429361869,4,205.01857325540388
2025-07-28,Beauty,Perfume,60,0.06994866341987899,8,446.4246415584581
2025-07-29,Electronics,Wireless Headphones,65,0.09129397063874194,9,531.593027176336
2025-07-29,Electronics,Smart Watch,85,0.0701365572279263,6,474.23035581375757
2025-07-29,Electronics,Bluetooth Speaker,48,0.0688825508221141,5,223.4681878026926
2025-07-29,Home,Air Fryer,110,0.02590237769928201,4,428.6029538123159
2025-07-29,Home,Coffee Maker,75,0.031147476024392967,4,290.65575719268213
2025-07-29,Home,LED Lamp,32,0.06211581485693089,7,210.0860574720475
2025-07-29,Fashion,Hoodie,38,0.030530901429254076,7,257.8787802198184
2025-07-29,Fashion,Sneakers,72,0.055269551807047124,8,544.1647381591408
2025-07-29,Fashion,Backpack,45,0.035464869745135144,8,347.23264689175136
2025-07-29,Beauty,Face Serum,28,0.06025727318723218,8,210.50237080606
2025-07-29,Beauty,Hair Dryer,55,0.046691950531796686,5,262.1597136037559
2025-07-29,Beauty,Perfume,60,0.06438077401382049,4,224.54861423668308
2025-07-30,Electronics,Wireless Headphones,65,0.05298166247021215,9,554.0057274549258
2025-07-30,Electronics,Smart Watch,85,0.051576677655783026,8,644.9278591940675
2025-07-30,Electronics,Bluetooth Speaker,48,0.021999932490072323,10,469.44003240476525
2025-07-30,Home,Air Fryer,110,0.02957939347718334,4,426.98506687003936
2025-07-30,Home,Coffee Maker,75,0.07761051861432913,6,415.0752666235519
2025-07-30,Home,LED Lamp,32,0.013265050988118386,7,221.02862857866148
2025-07-30,Fashion,Hoodie,38,0.058541056280759445,10,357.7543986133114
2025-07-30,Fashion,Sneakers,72,0.06364096509308287,8,539.3428041063843
2025-07-30,Fashion,Backpack,45,0.08276765191627018,9,371.47910097391053
2025-07-30,Beauty,Face Serum,28,0.031238721525778907,8,217.00252637822553
2025-07-30,Beauty,Hair Dryer,55,0.056103197373513554,5,259.5716207222838
2025-07-30,Beauty,Perfume,60,0.008481288482207333,3,178.4733680732027
2025-07-31,Electronics,Wireless Headphones,65,0.03436550596716276,8,502.1299368970753
2025-07-31,Electronics,Smart Watch,85,0.03018333190428432,5,412.17208394067916
2025-07-31,Electronics,Bluetooth Speaker,48,0.05012461420383398,6,273.5641111092958
2025-07-31,Home,Air Fryer,110,0.029207165198309654,9,961.0849064536734
2025-07-31,Home,Coffee Maker,75,0.06224710394564349,7,492.3202704285372
2025-07-31,Home,LED Lamp,32,0.015054613655951427,9,283.664271267086
2025-07-31,Fashion,Hoodie,38,0.03766041014742084,19,694.8091838735621
2025-07-31,Fashion,Sneakers,72,0.05561337491696489,6,407.9750220358711
2025-07-31,Fashion,Backpack,45,0.050591157392646066,5,213.61698958665463
2025-07-31,Beauty,Face Serum,28,0.05475692816853413,7,185.2676420789673
2025-07-31,Beauty,Hair Dryer,55,0.04322000874695435,5,263.1144975945876
2025-07-31,Beauty,Perfume,60,0.09582211620121825,7,379.7547111954883
2025-08-01,Electronics,Wireless Headphones,65,0.059383208609199364,6,366.8405486424123
2025-08-01,Electronics,Smart Watch,85,0.03268356474528454,4,328.88758798660325
2025-08-01,Electronics,Bluetooth Speaker,48,0.035231433145959404,6,277.8533472539637
2025-08-01,Home,Air Fryer,110,0.06627468885019662,0,0.0
2025-08-01,Home,Coffee Maker,75,0.015444651915813866,3,221.52495331894187
2025-08-01,Home,LED Lamp,32,0.05452694200406186,4,121.02055142348009
2025-08-01,Fashion,Hoodie,38,0.08007167373566411,7,244.70093478631333
2025-08-01,Fashion,Sneakers,72,0.03945128780745321,3,207.4785218335901
2025-08-01,Fashion,Backpack,45,0.04831412380715856,8,342.6069154294229
2025-08-01,Beauty,Face Serum,28,0.07715918985684264,6,155.03725610405044
2025-08-01,Beauty,Hair Dryer,55,0.06513330522186815,2,102.8353364255945
2025-08-01,Beauty,Perfume,60,0.02094136459740576,8,469.9481449932452
2025-08-02,Electronics,Wireless Headphones,65,0.0476128628644949,9,557.1464752242705
2025-08-02,Electronics,Smart Watch,85,0.07194097192655763,7,552.1951217036982
2025-08-02,Electronics,Bluetooth Speaker,48,0.03507033621572986,7,324.2163670315148
2025-08-02,Home,Air Fryer,110,0.02657271857579501,1,107.07700095666254
2025-08-02,Home,Coffee Maker,75,0.04240694859666303,7,502.7363519867519
2025-08-02,Home,LED Lamp,32,0.039767457109236196,5,153.6372068625222
2025-08-02,Fashion,Hoodie,38,0.017238802159430598,11,410.794180697358
2025-08-02,Fashion,Sneakers,72,0.005909774406921399,5,357.8724812135083
2025-08-02,Fashion,Backpack,45,0.05753098882139358,4,169.64442201214914
2025-08-02,Beauty,Face Serum,28,0.09380981900425206,2,50.74665013576189
2025-08-02,Beauty,Hair Dryer,55,0.006836757717687672,3,163.87193497658154
2025-08-02,Beauty,Perfume,60,0.0015321656022273394,11,658.9887707025299
2025-08-03,Electronics,Wireless Headphones,65,0.0009534804552789877,7,454.56616639284806
2025-08-03,Electronics,Smart Watch,85,0.051797925818998794,6,483.5830578323106
2025-08-03,Electronics,Bluetooth Speaker,48,0.015768881712335002,9,425.18784310027127
2025-08-03,Home,Air Fryer,110,0.07457590074208961,3,305.3899527551104
2025-08-03,Home,Coffee Maker,75,0.046121704587453564,4,286.16348862376395
2025-08-03,Home,LED Lamp,32,0.041050153517477025,8,245.4911606995259
2025-08-03,Fashion,Hoodie,38,0.021447182783033397,9,334.6650634882026
2025-08-03,Fashion,Sneakers,72,0.05309277162393568,6,409.0639226584598
2025-08-03,Fashion,Backpack,45,0.03923165585409828,11,475.5803303522214
2025-08-03,Beauty,Face Serum,28,0.044041496097173005,8,214.13470487423325
2025-08-03,Beauty,Hair Dryer,55,0.051351830873833916,5,260.87824650969566
2025-08-03,Beauty,Perfume,60,0.03207279747904265,8,464.6050572100595
2025-08-04,Electronics,Wireless Headphones,65,0.0,2,130.0
2025-08-04,Electronics,Smart Watch,85,0.030996802689853123,2,164.73054354272497
2025-08-04,Electronics,Bluetooth Speaker,48,0.012780937294956017,2,94.77303001968423
2025-08-04,Home,Air Fryer,110,0.04828433472694061,0,0.0
2025-08-04,Home,Coffee Maker,75,0.059040831924694046,3,211.71581281694384
2025-08-04,Home,LED Lamp,32,0.06892581852390756,8,238.35499045787967
2025-08-04,Fashion,Hoodie,38,0.036329689816897624,9,329.575246082621
2025-08-04,Fashion,Sneakers,72,0.050110830654927656,7,478.7441413499165
2025-08-04,Fashion,Backpack,45,0.021703855032195525,12,528.2799182826144
2025-08-04,Beauty,Face Serum,28,0.0460561379143023,9,240.39385324559584
2025-08-04,Beauty,Hair Dryer,55,0.024260497090503225,4,214.6626906400893
2025-08-04,Beauty,Perfume,60,0.03316473702979147,10,580.1011577821251
2025-08-05,Electronics,Wireless Headphones,65,0.10494681274063426,5,290.8922858592939
2025-08-05,Electronics,Smart Watch,85,0.055917313641967906,5,401.2351417021636
2025-08-05,Electronics,Bluetooth Speaker,48,0.0357626308038727,8,370.2671497713129
2025-08-05,Home,Air Fryer,110,0.07395342883000061,6,611.1907369721996
2025-08-05,Home,Coffee Maker,75,0.01683015232292589,7,516.1641700304639
2025-08-05,Home,LED Lamp,32,0.05759215944282956,5,150.78525448914726
2025-08-05,Fashion,Hoodie,38,0.044465098882620305,14,508.344567394446
2025-08-05,Fashion,Sneakers,72,0.034929328868553,3,208.45526496439254
2025-08-05,Fashion,Backpack,45,0.03773266907618565,6,259.81217934942987
2025-08-05,Beauty,Face Serum,28,0.0642035766882115,6,157.21379911638047
2025-08-05,Beauty,Hair Dryer,55,0.015371096086436685,7,379.08212800672186
2025-08-05,Beauty,Perfume,60,0.02958300197151037,3,174.67505964512813
2025-08-06,Electronics,Wireless Headphones,65,0.050919708334598246,7,431.8315327077578
2025-08-06,Electronics,Smart Watch,85,0.023450019575781512,6,498.04049001635144
2025-08-06,Electronics,Bluetooth Speaker,48,0.07352558042885252,8,355.76617711532066
2025-08-06,Home,Air Fryer,110,0.05415436576572822,7,728.3011383603892
2025-08-06,Home,Coffee Maker,75,0.005214975728323773,4,298.43550728150285
2025-08-06,Home,LED Lamp,32,0.03254544403189432,5,154.79272895489692
2025-08-06,Fashion,Hoodie,38,0.0,6,228.0
2025-08-06,Fashion,Sneakers,72,0.0015577473733283248,3,215.66352656736106
2025-08-06,Fashion,Backpack,45,0.06034826480654944,10,422.84328083705276
2025-08-06,Beauty,Face Serum,28,0.033883676367555515,8,216.41005649366755
2025-08-06,Beauty,Hair Dryer,55,0.089930925860431,9,450.48419169908664
2025-08-06,Beauty,Perfume,60,0.042297663785692746,3,172.3864205185753
2025-08-07,Electronics,Wireless Headphones,65,0.04736890909423849,8,495.36816727099597
2025-08-07,Electronics,Smart Watch,85,0.04347749745642001,11,894.3485398782473
2025-08-07,Electronics,Bluetooth Speaker,48,0.0606039531869064,6,270.54606148217096
2025-08-07,Home,Air Fryer,110,0.06259277963982475,1,103.11479423961927
2025-08-07,Home,Coffee Maker,75,0.06551308858170812,7,490.60562849460325
2025-08-07,Home,LED Lamp,32,0.0339745711825271,3,92.7384411664774
2025-08-07,Fashion,Hoodie,38,0.06891201323744413,7,247.66940447883985
2025-08-07,Fashion,Sneakers,72,0.004140746643243404,4,286.8074649667459
2025-08-07,Fashion,Backpack,45,0.05586665192081552,5,212.4300033178165
2025-08-07,Beauty,Face Serum,28,0.05646109118422119,15,396.2863417026271
2025-08-07,Beauty,Hair Dryer,55,0.07279936422966769,6,305.97620980420965
2025-08-07,Beauty,Perfume,60,0.07811958452566163,9,497.8154243561427
2025-08-08,Electronics,Wireless Headphones,65,0.08258476503614476,4,238.52796109060236
2025-08-08,Electronics,Smart Watch,85,0.008983312012068534,2,168.47283695794835
2025-08-08,Electronics,Bluetooth Speaker,48,0.012994695632636714,7,331.63378226743407
2025-08-08,Home,Air Fryer,110,0.06521431264118902,4,411.30570243787685
2025-08-08,Home,Coffee Maker,75,0.004868954408802105,3,223.90448525801952
2025-08-08,Home,LED Lamp,32,0.04673759851015368,4,122.01758739070033
2025-08-08,Fashion,Hoodie,38,0.06788810902880188,4,141.6810074276221
2025-08-08,Fashion,Sneakers,72,0.04341558792374169,5,344.370388347453
2025-08-08,Fashion,Backpack,45,0.03902491951158406,9,389.1949075978085
2025-08-08,Beauty,Face Serum,28,0.07548525173019861,2,51.77282590310888
2025-08-08,Beauty,Hair Dryer,55,0.05238934797063887,3,156.35575758484458
2025-08-08,Beauty,Perfume,60,0.024812260615641204,7,409.57885054143065
2025-08-09,Electronics,Wireless Headphones,65,0.0869766088658146,6,356.0791225423323
2025-08-09,Electronics,Smart Watch,85,0.06295286847656442,5,398.2450308974601
2025-08-09,Electronics,Bluetooth Speaker,48,0.07850619627415298,5,221.15851289420328
2025-08-09,Home,Air Fryer,110,0.05871538620553395,4,414.16523006956504
2025-08-09,Home,Coffee Maker,75,0.0,7,525.0
2025-08-09,Home,LED Lamp,32,0.03676141646496247,6,184.9418080387272
2025-08-09,Fashion,Hoodie,38,0.04952338836975903,5,180.59055620974578
2025-08-09,Fashion,Sneakers,72,0.048169804902071296,8,548.2541923764069
2025-08-09,Fashion,Backpack,45,0.07495692962608701,13,541.1501961687391
2025-08-09,Beauty,Face Serum,28,0.0881367331832757,12,306.3860576504194
2025-08-09,Beauty,Hair Dryer,55,0.00116074329844678,4,219.74463647434172
2025-08-09,Beauty,Perfume,60,0.07762732631226342,4,221.36944168505678
2025-08-10,Electronics,Wireless Headphones,65,0.0,6,390.0
2025-08-10,Electronics,Smart Watch,85,0.04811538663368049,5,404.55096068068576
2025-08-10,Electronics,Bluetooth Speaker,48,0.0590421826436934,6,270.9958513986163
2025-08-10,Home,Air Fryer,110,0.06171294502954195,5,516.0578802337519
2025-08-10,Home,Coffee Maker,75,0.04710180783298062,2,142.9347288250529
2025-08-10,Home,LED Lamp,32,0.04893161451050616,6,182.6051300139828
2025-08-10,Fashion,Hoodie,38,0.028649444883613664,19,701.315100794031
2025-08-10,Fashion,Sneakers,72,0.017811171265558916,14,990.0463393643166
2025-08-10,Fashion,Backpack,45,0.03397560693458336,13,565.1242699432687
2025-08-10,Beauty,Face Serum,28,0.05345497043761647,6,159.01956496648043
2025-08-10,Beauty,Hair Dryer,55,0.027411642583839275,3,160.47707897366652
2025-08-10,Beauty,Perfume,60,0.0405014520100392,7,402.98939015578355
2025-08-11,Electronics,Wireless Headphones,65,0.08425830449980462,7,416.6624714525889
2025-08-11,Electronics,Smart Watch,85,0.10359669275503208,8,609.5542489265782
2025-08-11,Electronics,Bluetooth Speaker,48,0.084363190146269,5,219.75283436489542
2025-08-11,Home,Air Fryer,110,0.05115631630047798,1,104.37280520694742
2025-08-11,Home,Coffee Maker,75,0.06924714539827742,4,279.22585638051675
2025-08-11,Home,LED Lamp,32,0.0628184186854022,8,239.91848481653705
2025-08-11,Fashion,Hoodie,38,0.03551416753352372,8,293.20369306980876
2025-08-11,Fashion,Sneakers,72,0.00317462275629897,5,358.8571358077324
2025-08-11,Fashion,Backpack,45,0.04056558505797624,6,259.0472920343464
2025-08-11,Beauty,Face Serum,28,0.0014535779626702466,8,223.67439853636188
2025-08-11,Beauty,Hair Dryer,55,0.05020430461599106,3,156.7162897383615
2025-08-11,Beauty,Perfume,60,0.028997803485606294,5,291.3006589543181
2025-08-12,Electronics,Wireless Headphones,65,0.06931029351454532,6,362.9689855293273
2025-08-12,Electronics,Smart Watch,85,0.07373652623253621,1,78.73239527023442
2025-08-12,Electronics,Bluetooth Speaker,48,0.0,5,240.0
2025-08-12,Home,Air Fryer,110,0.0459775473289385,5,524.7123489690838
2025-08-12,Home,Coffee Maker,75,0.04338874368543063,3,215.2375326707781
2025-08-12,Home,LED Lamp,32,0.0730832756120558,4,118.64534072165685
2025-08-12,Fashion,Hoodie,38,0.06884005244362759,7,247.68854604999507
2025-08-12,Fashion,Sneakers,72,0.0,8,576.0
2025-08-12,Fashion,Backpack,45,0.03345153541839112,8,347.9574472493792
2025-08-12,Beauty,Face Serum,28,0.0771855887941464,3,77.5164105412917
2025-08-12,Beauty,Hair Dryer,55,0.029424440117035995,4,213.52662317425208
2025-08-12,Beauty,Perfume,60,0.028704641139531906,5,291.3886076581404
2025-08-13,Electronics,Wireless Headphones,65,0.052102891482864254,8,492.90649642891054
2025-08-13,Electronics,Smart Watch,85,0.014564065426887249,7,586.3343810710021
2025-08-13,Electronics,Bluetooth Speaker,48,0.07682426131627819,4,177.2497418272746
2025-08-13,Home,Air Fryer,110,0.05851619648841995,5,517.816091931369
2025-08-13,Home,Coffee Maker,75,0.05731951171713099,7,494.9072563485062
2025-08-13,Home,LED Lamp,32,0.05205083688474471,9,273.00935897719353
2025-08-13,Fashion,Hoodie,38,0.016397088391691114,6,224.26146384669443
2025-08-13,Fashion,Sneakers,72,0.038600641682867025,4,276.8830151953343
2025-08-13,Fashion,Backpack,45,0.0447943849202823,6,257.9055160715238
2025-08-13,Beauty,Face Serum,28,0.046206216798237616,3,80.11867778894803
2025-08-13,Beauty,Hair Dryer,55,0.02493285744666897,1,53.62869284043321
2025-08-13,Beauty,Perfume,60,0.04616944391949908,5,286.14916682415026
2025-08-14,Electronics,Wireless Headphones,65,0.03480636315042848,6,376.4255183713329
2025-08-14,Electronics,Smart Watch,85,0.06903760177884898,7,553.9226269415849
2025-08-14,Electronics,Bluetooth Speaker,48,0.0,4,192.0
2025-08-14,Home,Air Fryer,110,0.08806429843264746,10,1003.1292717240879
2025-08-14,Home,Coffee Maker,75,0.021093039357953328,6,440.508132288921
2025-08-14,Home,LED Lamp,32,0.04430824931458778,4,122.32854408773277
2025-08-14,Fashion,Hoodie,38,0.055109622702657186,7,251.3408403610932
2025-08-14,Fashion,Sneakers,72,0.041772039382245385,7,482.9468921513483
2025-08-14,Fashion,Backpack,45,0.04485155395272218,8,343.85344057702
2025-08-14,Beauty,Face Serum,28,0.018590383441011715,1,27.479469263651673
2025-08-14,Beauty,Hair Dryer,55,0.00942543781538372,6,326.88960552092334
2025-08-14,Beauty,Perfume,60,0.04614844401086624,8,457.8487468747842
2025-08-15,Electronics,Wireless Headphones,65,0.03526509991853286,4,250.83107402118145
2025-08-15,Electronics,Smart Watch,85,0.08234194278833293,6,468.0056091779502
2025-08-15,Electronics,Bluetooth Speaker,48,0.051990908025171215,9,409.53992773312604
2025-08-15,Home,Air Fryer,110,0.0716907618801881,6,612.6840971590759
2025-08-15,Home,Coffee Maker,75,0.06394954723397016,4,280.8151358298089
2025-08-15,Home,LED Lamp,32,0.0017293530166386517,5,159.7233035173378
2025-08-15,Fashion,Hoodie,38,0.09112914280152687,5,172.6854628677099
2025-08-15,Fashion,Sneakers,72,0.05024546353569891,5,341.9116331271484
2025-08-15,Fashion,Backpack,45,0.06206617085645676,6,253.2421338687567
2025-08-15,Beauty,Face Serum,28,0.05338005020521603,3,79.51607578276185
2025-08-15,Beauty,Hair Dryer,55,0.036611971726950174,5,264.9317077750887
2025-08-15,Beauty,Perfume,60,0.021043801712498967,7,411.16160328075046
2025-08-16,Electronics,Wireless Headphones,65,0.08756094262037001,4,237.23415491870378
2025-08-16,Electronics,Smart Watch,85,0.0066764607291413675,6,506.5950050281379
2025-08-16,Electronics,Bluetooth Speaker,48,0.07327523002896275,4,177.93115583443915
2025-08-16,Home,Air Fryer,110,0.053969695298240916,8,832.506668137548
2025-08-16,Home,Coffee Maker,75,0.08162151405173726,3,206.63515933835913
2025-08-16,Home,LED Lamp,32,0.00693473502366871,9,286.0027963131834
2025-08-16,Fashion,Hoodie,38,0.042282824110550704,11,400.3257795217898
2025-08-16,Fashion,Sneakers,72,0.0458729476567464,10,686.9714776871426
2025-08-16,Fashion,Backpack,45,0.07313353920731723,8,333.6719258853658
2025-08-16,Beauty,Face Serum,28,0.041300503878132416,3,80.53075767423688
2025-08-16,Beauty,Hair Dryer,55,0.04551319868548193,10,524.9677407229849
2025-08-16,Beauty,Perfume,60,0.020397478390670295,7,411.4330590759185
2025-08-17,Electronics,Wireless Headphones,65,0.053532427163095246,4,246.08156893759522
2025-08-17,Electronics,Smart Watch,85,0.02733620696249232,2,165.35284481637632
2025-08-17,Electronics,Bluetooth Speaker,48,0.047307565898158266,7,320.1046578582188
2025-08-17,Home,Air Fryer,110,0.031494532553838966,4,426.1424056763109
2025-08-17,Home,Coffee Maker,75,0.06363494268651398,4,280.9095171940458
2025-08-17,Home,LED Lamp,32,0.05028709017385233,7,212.73569180105707
2025-08-17,Fashion,Hoodie,38,0.024468602729107503,10,370.7019309629392
2025-08-17,Fashion,Sneakers,72,0.04077724055146206,9,621.5763481226526
2025-08-17,Fashion,Backpack,45,0.05078140869702978,12,512.578039303604
2025-08-17,Beauty,Face Serum,28,0.06737237015536074,2,52.2271472712998
2025-08-17,Beauty,Hair Dryer,55,0.04822001764649483,6,314.0873941766567
2025-08-17,Beauty,Perfume,60,0.06580095655884641,7,392.3635982452845
2025-08-18,Electronics,Wireless Headphones,65,0.06063044954814513,9,549.5311870143352
2025-08-18,Electronics,Smart Watch,85,0.10131878752521854,4,305.5516122414257
2025-08-18,Electronics,Bluetooth Speaker,48,0.03815981814779777,10,461.68328728905703
2025-08-18,Home,Air Fryer,110,0.0,6,660.0
2025-08-18,Home,Coffee Maker,75,0.007583261097118717,2,148.8625108354322
2025-08-18,Home,LED Lamp,32,0.02273458095284424,9,281.4524406855809
2025-08-18,Fashion,Hoodie,38,0.03585597770215751,6,219.82483708390808
2025-08-18,Fashion,Sneakers,72,0.07268648252258095,11,734.432305842116
2025-08-18,Fashion,Backpack,45,0.03446957049222118,7,304.14208529495033
2025-08-18,Beauty,Face Serum,28,0.06388690380798229,8,209.68933354701196
2025-08-18,Beauty,Hair Dryer,55,0.08565562005775197,5,251.4447044841182
2025-08-18,Beauty,Perfume,60,0.03196189728048582,2,116.1645723263417
2025-08-19,Electronics,Wireless Headphones,65,0.04050532104130661,7,436.57007892620544
2025-08-19,Electronics,Smart Watch,85,0.08809194935869745,4,310.04873721804285
2025-08-19,Electronics,Bluetooth Speaker,48,0.030724117572209317,10,465.25242356533954
2025-08-19,Home,Air Fryer,110,0.019374897018903894,4,431.47504531168227
2025-08-19,Home,Coffee Maker,75,0.03381567740415605,6,434.7829451681298
2025-08-19,Home,LED Lamp,32,0.0,7,224.0
2025-08-19,Fashion,Hoodie,38,0.06807853788811788,8,283.3041244820122
2025-08-19,Fashion,Sneakers,72,0.040253723909113893,8,552.8138550283504
2025-08-19,Fashion,Backpack,45,0.026632108320392065,13,569.4202166325706
2025-08-19,Beauty,Face Serum,28,0.08418779986048197,5,128.21370801953253
2025-08-19,Beauty,Hair Dryer,55,0.052375552882200194,3,156.35803377443696
2025-08-19,Beauty,Perfume,60,0.04188795711893436,8,459.8937805829115
2025-08-20,Electronics,Wireless Headphones,65,0.02684171459278809,8,506.0423084117502
2025-08-20,Electronics,Smart Watch,85,0.05616318829455057,4,320.9045159798528
2025-08-20,Electronics,Bluetooth Speaker,48,0.07223702272864732,3,133.5978687270748
2025-08-20,Home,Air Fryer,110,0.07808787045330086,2,202.8206685002738
2025-08-20,Home,Coffee Maker,75,0.03579790993518706,5,361.57578377430485
2025-08-20,Home,LED Lamp,32,0.04757803991585312,5,152.3875136134635
2025-08-20,Fashion,Hoodie,38,0.05587353833989107,7,251.137638801589
2025-08-20,Fashion,Sneakers,72,0.030657067691404964,9,628.1342201359696
2025-08-20,Fashion,Backpack,45,0.035629948165915096,2,86.79330466506764
2025-08-20,Beauty,Face Serum,28,0.024569640256049147,5,136.56025036415312
2025-08-20,Beauty,Hair Dryer,55,0.07727218778847136,8,406.0002373730726
2025-08-20,Beauty,Perfume,60,0.09243734769844858,7,381.1763139666516
2025-08-21,Electronics,Wireless Headphones,65,0.049762513350696466,3,185.2963098966142
2025-08-21,Electronics,Smart Watch,85,0.037884146655286194,7,572.4589327401047
2025-08-21,Electronics,Bluetooth Speaker,48,0.05811365927349128,8,361.68435483897935
2025-08-21,Home,Air Fryer,110,0.08130258636740906,4,404.22686199834004
2025-08-21,Home,Coffee Maker,75,0.05350355405673259,1,70.98723344574506
2025-08-21,Home,LED Lamp,32,0.07063472643373275,11,327.13657629532605
2025-08-21,Fashion,Hoodie,38,0.034271937646795966,9,330.2789973247958
2025-08-21,Fashion,Sneakers,72,0.07329431222233919,3,200.16842855997473
2025-08-21,Fashion,Backpack,45,0.0,6,270.0
2025-08-21,Beauty,Face Serum,28,0.08457975704536665,5,128.15883401364866
2025-08-21,Beauty,Hair Dryer,55,0.06537229463303927,2,102.80904759036568
2025-08-21,Beauty,Perfume,60,0.010229380470076488,5,296.9311858589771
2025-08-22,Electronics,Wireless Headphones,65,0.07593636061242601,8,480.5130924815385
2025-08-22,Electronics,Smart Watch,85,0.07098914963921577,7,552.7614559646667
2025-08-22,Electronics,Bluetooth Speaker,48,0.05553366016936063,12,544.0126117424483
2025-08-22,Home,Air Fryer,110,0.043458693213568995,6,631.3172624790444
2025-08-22,Home,Coffee Maker,75,0.0935508825009576,3,203.95105143728455
2025-08-22,Home,LED Lamp,32,0.08181506737685895,6,176.29150706364308
2025-08-22,Fashion,Hoodie,38,0.0852594594830986,9,312.84126485678024
2025-08-22,Fashion,Sneakers,72,0.04288283992086515,3,206.73730657709314
2025-08-22,Fashion,Backpack,45,0.044281501446543914,6,258.0439946094332
2025-08-22,Beauty,Face Serum,28,0.07451723274255038,6,155.48110489925153
2025-08-22,Beauty,Hair Dryer,55,0.0478614564006392,4,209.47047959185937
2025-08-22,Beauty,Perfume,60,0.02243408181455561,4,234.61582036450665
2025-08-23,Electronics,Wireless Headphones,65,0.019433958744740954,12,764.8415121791021
2025-08-23,Electronics,Smart Watch,85,0.06518839844334332,5,397.2949306615791
2025-08-23,Electronics,Bluetooth Speaker,48,0.046719290063365324,8,366.05979261566773
2025-08-23,Home,Air Fryer,110,0.030899335284802928,4,426.4042924746867
2025-08-23,Home,Coffee Maker,75,0.06661290574219571,5,350.0201603466766
2025-08-23,Home,LED Lamp,32,0.04579969430386732,11,335.8785076050387
2025-08-23,Fashion,Hoodie,38,0.0345000373242007,11,403.5789843984841
2025-08-23,Fashion,Sneakers,72,0.05071421189391383,8,546.7886139491056
2025-08-23,Fashion,Backpack,45,0.0903224301020272,6,245.61294387245266
2025-08-23,Beauty,Face Serum,28,0.0412287902763333,9,241.61034485036402
2025-08-23,Beauty,Hair Dryer,55,0.07595366989817595,4,203.2901926224013
2025-08-23,Beauty,Perfume,60,0.0502476390401984,8,455.8811332607048
2025-08-24,Electronics,Wireless Headphones,65,0.05805730572958107,13,795.941576658504
2025-08-24,Electronics,Smart Watch,85,0.031740078535711244,2,164.60418664892907
2025-08-24,Electronics,Bluetooth Speaker,48,0.06927132648741517,6,268.0498579716244
2025-08-24,Home,Air Fryer,110,0.02090747323901772,5,538.5008897185402
2025-08-24,Home,Coffee Maker,75,0.046612353520303164,7,500.5285144018409
2025-08-24,Home,LED Lamp,32,0.02638382918487513,7,218.09002226258798
2025-08-24,Fashion,Hoodie,38,0.04685616734037326,12,434.63358769278983
2025-08-24,Fashion,Sneakers,72,0.09650157244801177,5,325.25943391871573
2025-08-24,Fashion,Backpack,45,0.04098012447962354,4,172.62357759366776
2025-08-24,Beauty,Face Serum,28,0.054929082296159414,4,105.84794278283015
2025-08-24,Beauty,Hair Dryer,55,0.033318190118060656,9,478.5074958915599
2025-08-24,Beauty,Perfume,60,0.055629977262859544,10,566.6220136422843
2025-08-25,Electronics,Wireless Headphones,65,0.052088524351144375,11,677.7567050889318
2025-08-25,Electronics,Smart Watch,85,0.0492786782037323,3,242.43393705804826
2025-08-25,Electronics,Bluetooth Speaker,48,0.06010038709538862,6,270.69108851652805
2025-08-25,Home,Air Fryer,110,0.07771801164184206,4,405.80407487758947
2025-08-25,Home,Coffee Maker,75,0.07878205879617362,4,276.3653823611479
2025-08-25,Home,LED Lamp,32,0.05772062396161991,8,241.2235202658253
2025-08-25,Fashion,Hoodie,38,0.07409466368305777,8,281.47522224035043
2025-08-25,Fashion,Sneakers,72,0.025998411579361443,5,350.6405718314299
2025-08-25,Fashion,Backpack,45,0.06495547507401574,3,126.23101086500787
2025-08-25,Beauty,Face Serum,28,0.05147536055461266,1,26.558689904470846
2025-08-25,Beauty,Hair Dryer,55,0.039291647792778134,3,158.5168781141916
2025-08-25,Beauty,Perfume,60,0.06677273713212482,8,447.94908617658007
2025-08-26,Electronics,Wireless Headphones,65,0.0700507613580535,8,483.57360409381215
2025-08-26,Electronics,Smart Watch,85,0.006041626121569929,6,506.91877067799936
2025-08-26,Electronics,Bluetooth Speaker,48,0.04757159693927,6,274.2993800814902
2025-08-26,Home,Air Fryer,110,0.051690495223255126,6,625.8842731526516
2025-08-26,Home,Coffee Maker,75,0.06803203212594429,7,489.2831831338792
2025-08-26,Home,LED Lamp,32,0.06919624933597196,9,268.0714801912401
2025-08-26,Fashion,Hoodie,38,0.014897130509348482,7,262.0373632845133
2025-08-26,Fashion,Sneakers,72,0.007048762848995291,6,428.95493444923403
2025-08-26,Fashion,Backpack,45,0.031932506384142995,11,479.1934093398492
2025-08-26,Beauty,Face Serum,28,0.054009335083377755,9,238.3896475589888
2025-08-26,Beauty,Hair Dryer,55,0.0,4,220.0
2025-08-26,Beauty,Perfume,60,0.04186176595009024,3,172.46488212898376
2025-08-27,Electronics,Wireless Headphones,65,0.034391897724155455,10,627.645266479299
2025-08-27,Electronics,Smart Watch,85,0.017878130714070788,6,500.88215333582394
2025-08-27,Electronics,Bluetooth Speaker,48,0.08084191521363757,3,132.3587642092362
2025-08-27,Home,Air Fryer,110,0.04401497853927405,2,210.3167047213597
2025-08-27,Home,Coffee Maker,75,0.033771234973660996,5,362.3357868848771
2025-08-27,Home,LED Lamp,32,0.02902904875672733,4,124.2842817591389
2025-08-27,Fashion,Hoodie,38,0.11139390596906186,9,303.90328415858085
2025-08-27,Fashion,Sneakers,72,0.09088479104795708,4,261.82518017818836
2025-08-27,Fashion,Backpack,45,0.041146889076824,4,172.59355996617168
2025-08-27,Beauty,Face Serum,28,0.03398277781442506,6,162.2908933271766
2025-08-27,Beauty,Hair Dryer,55,0.05990211360191864,1,51.70538375189447
2025-08-27,Beauty,Perfume,60,0.11023715326780295,4,213.5430832157273
2025-08-28,Electronics,Wireless Headphones,65,0.04162886895241671,7,436.0588646266504
2025-08-28,Electronics,Smart Watch,85,0.051507673082158784,4,322.48739115206604
2025-08-28,Electronics,Bluetooth Speaker,48,0.04038805094140036,9,414.552361993315
2025-08-28,Home,Air Fryer,110,0.045550107230285804,4,419.95795281867424
2025-08-28,Home,Coffee Maker,75,0.011580936329455019,6,444.78857865174524
2025-08-28,Home,LED Lamp,32,0.03698802553646034,3,92.4491495484998
2025-08-28,Fashion,Hoodie,38,0.08086525813513286,9,314.34408171778455
2025-08-28,Fashion,Sneakers,72,0.007623102369142917,6,428.70681977653027
2025-08-28,Fashion,Backpack,45,0.031912733037762875,5,217.81963506650337
2025-08-28,Beauty,Face Serum,28,0.06966272466314359,6,156.29666225659187
2025-08-28,Beauty,Hair Dryer,55,0.03073531265853055,3,159.92867341134246
2025-08-28,Beauty,Perfume,60,0.04767938905027781,3,171.41770997095
2025-08-29,Electronics,Wireless Headphones,65,0.0725438146256881,10,602.8465204933028
2025-08-29,Electronics,Smart Watch,85,0.04622553049456188,4,324.28331963184894
2025-08-29,Electronics,Bluetooth Speaker,48,0.07303773748820566,6,266.9651316033968
2025-08-29,Home,Air Fryer,110,0.07448313491926639,12,1221.6822619065683
2025-08-29,Home,Coffee Maker,75,0.056411964111094295,4,283.0764107666717
2025-08-29,Home,LED Lamp,32,0.09836257861538536,4,115.40958993723068
2025-08-29,Fashion,Hoodie,38,0.0886145901520127,8,277.06116459378813
2025-08-29,Fashion,Sneakers,72,0.08811224948042357,6,393.935508224457
2025-08-29,Fashion,Backpack,45,0.05796632206335116,7,296.7406085500444
2025-08-29,Beauty,Face Serum,28,0.0,3,84.0
2025-08-29,Beauty,Hair Dryer,55,0.08025607609373508,2,101.17183162968914
2025-08-29,Beauty,Perfume,60,0.031194982997488355,5,290.6415051007535
2025-08-30,Electronics,Wireless Headphones,65,0.021499547267911718,11,699.6278237034431
2025-08-30,Electronics,Smart Watch,85,0.1135188471104332,5,376.7544899780659
2025-08-30,Electronics,Bluetooth Speaker,48,0.04450739068744049,4,183.45458098801143
2025-08-30,Home,Air Fryer,110,0.08382428213555229,8,806.234631720714
2025-08-30,Home,Coffee Maker,75,0.02086591187478612,4,293.74022643756416
2025-08-30,Home,LED Lamp,32,0.019084701627737545,14,439.45005367077357
2025-08-30,Fashion,Hoodie,38,0.08611621566148653,13,451.4585894632257
2025-08-30,Fashion,Sneakers,72,0.00545544675479849,3,214.82162350096354
2025-08-30,Fashion,Backpack,45,0.06566729724930179,7,294.31480136646996
2025-08-30,Beauty,Face Serum,28,0.060496755365797836,12,315.67309019709194
2025-08-30,Beauty,Hair Dryer,55,0.060508549759357336,5,258.3601488161767
2025-08-30,Beauty,Perfume,60,0.05883613326911321,2,112.93966400770641
2025-08-31,Electronics,Wireless Headphones,65,0.03567151166007557,4,250.72540696838036
2025-08-31,Electronics,Smart Watch,85,0.04793666465743436,3,242.77615051235423
2025-08-31,Electronics,Bluetooth Speaker,48,0.05846627702392732,4,180.77447481140595
2025-08-31,Home,Air Fryer,110,0.056531781551404835,8,830.2520322347638
2025-08-31,Home,Coffee Maker,75,0.08186524405592532,6,413.1606401748336
2025-08-31,Home,LED Lamp,32,0.06144100673411369,9,270.3049900605753
2025-08-31,Fashion,Hoodie,38,0.044258531573706926,11,399.49993380219047
2025-08-31,Fashion,Sneakers,72,0.04027923074035733,9,621.8990584802484
2025-08-31,Fashion,Backpack,45,0.07086916109977828,6,250.86532650305986
2025-08-31,Beauty,Face Serum,28,0.025144105538840226,11,300.2556154940372
2025-08-31,Beauty,Hair Dryer,55,0.062399627545066574,6,309.40812291012804
2025-08-31,Beauty,Perfume,60,0.0,8,480.0
2025-09-01,Electronics,Wireless Headphones,65,0.05474432423066454,6,368.6497135500408
2025-09-01,Electronics,Smart Watch,85,0.05199033207912184,5,402.90410886637324
2025-09-01,Electronics,Bluetooth Speaker,48,0.10279510942356664,9,387.59251272901923
2025-09-01,Home,Air Fryer,110,0.08236514269928226,3,302.81950290923686
2025-09-01,Home,Coffee Maker,75,0.016127763695686782,3,221.37125316847047
2025-09-01,Home,LED Lamp,32,0.001956677408752376,5,159.68693161459962
2025-09-01,Fashion,Hoodie,38,0.05645994899318618,4,143.4180877530357
2025-09-01,Fashion,Sneakers,72,0.010526161129141537,3,213.72634919610545
2025-09-01,Fashion,Backpack,45,0.039191626634813556,5,216.18188400716696
2025-09-01,Beauty,Face Serum,28,0.037412806693485665,4,107.80976565032961
2025-09-01,Beauty,Hair Dryer,55,0.00852442760769629,3,163.5934694447301
2025-09-01,Beauty,Perfume,60,0.047041918071305984,3,171.53245474716493
2025-09-02,Electronics,Wireless Headphones,65,0.03869515271965091,4,249.93926029289074
2025-09-02,Electronics,Smart Watch,85,0.08595889512167512,7,543.8544574026033
2025-09-02,Electronics,Bluetooth Speaker,48,0.08709814675083571,6,262.9157337357593
2025-09-02,Home,Air Fryer,110,0.06496749842331055,5,514.2678758671792
2025-09-02,Home,Coffee Maker,75,0.03781193098491816,3,216.49231552839342
2025-09-02,Home,LED Lamp,32,0.0920087485200898,8,232.44576037885702
2025-09-02,Fashion,Hoodie,38,0.044610627759218674,7,254.13357301604785
2025-09-02,Fashion,Sneakers,72,0.017065415311905467,5,353.856450487714
2025-09-02,Fashion,Backpack,45,0.04832595880897619,6,256.95199112157644
2025-09-02,Beauty,Face Serum,28,0.04955617597866215,5,133.0621353629873
2025-09-02,Beauty,Hair Dryer,55,0.031988057463125594,3,159.72197051858427
2025-09-02,Beauty,Perfume,60,0.04089581864637124,5,287.7312544060886
2025-09-03,Electronics,Wireless Headphones,65,0.05887973518860742,5,305.8640860637026
2025-09-03,Electronics,Smart Watch,85,0.02975757238903963,5,412.35303173465815
2025-09-03,Electronics,Bluetooth Speaker,48,0.026842474296916465,1,46.711561233748014
2025-09-03,Home,Air Fryer,110,0.06486804341156278,6,617.1870913483685
2025-09-03,Home,Coffee Maker,75,0.034300411593146285,1,72.42746913051403
2025-09-03,Home,LED Lamp,32,0.07376304323394353,8,237.11666093211045
2025-09-03,Fashion,Hoodie,38,0.0760693933473072,4,140.4374522112093
2025-09-03,Fashion,Sneakers,72,0.04922536983206927,7,479.1904136046371
2025-09-03,Fashion,Backpack,45,0.06837545756004798,10,419.23104409797844
2025-09-03,Beauty,Face Serum,28,0.04871825390465755,6,159.81533334401752
2025-09-03,Beauty,Hair Dryer,55,0.07562753091761559,7,355.883400596718
2025-09-03,Beauty,Perfume,60,0.0,6,360.0
2025-09-04,Electronics,Wireless Headphones,65,0.044712009688787545,9,558.8434743320593
2025-09-04,Electronics,Smart Watch,85,0.05905240958543014,3,239.94163555571532
2025-09-04,Electronics,Bluetooth Speaker,48,0.028430605740695836,2,93.27066184889321
2025-09-04,Home,Air Fryer,110,0.026261569929148673,3,321.33368192338094
2025-09-04,Home,Coffee Maker,75,0.04237598777656428,9,646.3962082508191
2025-09-04,Home,LED Lamp,32,0.008044185977197311,5,158.71293024364843
2025-09-04,Fashion,Hoodie,38,0.047695003009758624,9,325.68830897066255
2025-09-04,Fashion,Sneakers,72,0.08950476191310998,8,524.4452571380486
2025-09-04,Fashion,Backpack,45,0.05483521528348562,9,382.7917378101883
2025-09-04,Beauty,Face Serum,28,0.09850683611833923,3,75.7254257660595
2025-09-04,Beauty,Hair Dryer,55,0.026556448352237815,6,321.23637204376155
2025-09-04,Beauty,Perfume,60,0.10939139601617626,6,320.6190974341765
2025-09-05,Electronics,Wireless Headphones,65,0.031638524379534114,6,377.66097549198173
2025-09-05,Electronics,Smart Watch,85,0.08757317607546478,6,465.33768020151297
2025-09-05,Electronics,Bluetooth Speaker,48,0.017955951592486884,6,282.8286859413638
2025-09-05,Home,Air Fryer,110,0.04888462248546835,3,313.86807457979546
2025-09-05,Home,Coffee Maker,75,0.0028058156905137813,2,149.57912764642293
2025-09-05,Home,LED Lamp,32,0.07242914107912292,7,207.77587239827648
2025-09-05,Fashion,Hoodie,38,0.02576581527535246,3,111.06269705860981
2025-09-05,Fashion,Sneakers,72,0.03657856722172355,7,485.5644021202513
2025-09-05,Fashion,Backpack,45,0.03166346493201122,6,261.450864468357
2025-09-05,Beauty,Face Serum,28,0.06522442767130594,5,130.86858012601715
2025-09-05,Beauty,Hair Dryer,55,0.03787100832763822,3,158.7512836259397
2025-09-05,Beauty,Perfume,60,0.057562958736545725,6,339.27733485484356
2025-09-06,Electronics,Wireless Headphones,65,0.06844573776730269,6,363.30616227075194
2025-09-06,Electronics,Smart Watch,85,0.05358769985500723,8,643.5603640985951
2025-09-06,Electronics,Bluetooth Speaker,48,0.04170688646277583,5,229.9903472489338
2025-09-06,Home,Air Fryer,110,0.01593369562815708,7,757.7310543663191
2025-09-06,Home,Coffee Maker,75,0.04881617058874632,3,214.01636161753208
2025-09-06,Home,LED Lamp,32,0.06239423020813834,8,240.02707706671657
2025-09-06,Fashion,Hoodie,38,0.05057714447722512,10,360.78068509865443
2025-09-06,Fashion,Sneakers,72,0.027504018113703163,5,350.0985534790669
2025-09-06,Fashion,Backpack,45,0.053096759194193745,9,383.49581252635153
2025-09-06,Beauty,Face Serum,28,0.041467925307524287,8,214.71118473111454
2025-09-06,Beauty,Hair Dryer,55,0.03980318841586429,3,158.4324739113824
2025-09-06,Beauty,Perfume,60,0.05111524506662846,8,455.4646823680183
2025-09-07,Electronics,Wireless Headphones,65,0.07369088049936684,7,421.4706493727881
2025-09-07,Electronics,Smart Watch,85,0.08118863661978831,7,546.692761211226
2025-09-07,Electronics,Bluetooth Speaker,48,0.03065171286716943,6,279.1723066942552
2025-09-07,Home,Air Fryer,110,0.08026622133051434,4,404.6828626145737
2025-09-07,Home,Coffee Maker,75,0.044758771812214784,3,214.92927634225168
2025-09-07,Home,LED Lamp,32,0.027649672467757992,8,248.92168384825396
2025-09-07,Fashion,Hoodie,38,0.06432045415358405,6,213.33493645298284
2025-09-07,Fashion,Sneakers,72,0.07084634304289512,7,468.29344310638083
2025-09-07,Fashion,Backpack,45,0.046633286104871864,5,214.50751062640384
2025-09-07,Beauty,Face Serum,28,0.031392274125460674,7,189.8471142714097
2025-09-07,Beauty,Hair Dryer,55,0.021009967414938498,5,269.2222589608919
2025-09-07,Beauty,Perfume,60,0.05176001401875696,2,113.78879831774917
2025-09-08,Electronics,Wireless Headphones,65,0.08184564847047607,6,358.0801970965143
2025-09-08,Electronics,Smart Watch,85,0.039317349125477956,5,408.2901266216719
2025-09-08,Electronics,Bluetooth Speaker,48,0.046876173562411236,5,228.7497183450213
2025-09-08,Home,Air Fryer,110,0.037222942008054115,1,105.90547637911405
2025-09-08,Home,Coffee Maker,75,0.059499622609120464,5,352.68764152157985
2025-09-08,Home,LED Lamp,32,0.016078359509758035,0,0.0
2025-09-08,Fashion,Hoodie,38,0.04823306922173449,7,253.1700035870186
2025-09-08,Fashion,Sneakers,72,0.05762199137368801,3,203.5536498632834
2025-09-08,Fashion,Backpack,45,0.020589149070216407,7,308.51441804288186
2025-09-08,Beauty,Face Serum,28,0.015272528208272393,9,248.15132289151535
2025-09-08,Beauty,Hair Dryer,55,0.0,6,330.0
2025-09-08,Beauty,Perfume,60,0.058739208048435916,5,282.3782375854692
2025-09-09,Electronics,Wireless Headphones,65,0.03595209520573094,8,501.3049104930199
2025-09-09,Electronics,Smart Watch,85,0.03008024876390175,6,494.6590731304101
2025-09-09,Electronics,Bluetooth Speaker,48,0.026581581784782232,3,140.17225222299137
2025-09-09,Home,Air Fryer,110,0.06788386590922021,8,820.2621979998862
2025-09-09,Home,Coffee Maker,75,0.017803913175600025,2,147.32941302365998
2025-09-09,Home,LED Lamp,32,0.04221397526726953,7,214.54406954013163
2025-09-09,Fashion,Hoodie,38,0.0434889064780702,6,218.084529323
2025-09-09,Fashion,Sneakers,72,0.0036126406862729624,7,502.1792290941184
2025-09-09,Fashion,Backpack,45,0.10533425901832365,6,241.55975006505264
2025-09-09,Beauty,Face Serum,28,0.03298906976960897,4,108.30522418580381
2025-09-09,Beauty,Hair Dryer,55,0.0793622154111067,5,253.17539076194566
2025-09-09,Beauty,Perfume,60,0.07656533835451981,4,221.62431879491524
2025-09-10,Electronics,Wireless Headphones,65,0.04728107247864125,8,495.4138423111066
2025-09-10,Electronics,Smart Watch,85,0.08674224579588827,2,155.25381821469898
2025-09-10,Electronics,Bluetooth Speaker,48,0.07709637889407013,10,442.99373813084634
2025-09-10,Home,Air Fryer,110,0.05279172104993125,5,520.9645534225378
2025-09-10,Home,Coffee Maker,75,0.06482718091531456,2,140.2759228627028
2025-09-10,Home,LED Lamp,32,0.05111408781107027,5,151.82174595022875
2025-09-10,Fashion,Hoodie,38,0.04045760793316288,10,364.6261089853981
2025-09-10,Fashion,Sneakers,72,0.045890405586145,6,412.1753447867854
2025-09-10,Fashion,Backpack,45,0.0676749359281032,8,335.63702306588283
2025-09-10,Beauty,Face Serum,28,0.04990202611106681,4,106.41097307556052
2025-09-10,Beauty,Hair Dryer,55,0.04988356674752843,6,313.5384229733156
2025-09-10,Beauty,Perfume,60,0.0686715777291793,4,223.51882134499698
2025-09-11,Electronics,Wireless Headphones,65,0.012775195085961831,6,385.0176739164749
2025-09-11,Electronics,Smart Watch,85,0.024923215123482684,3,248.64458014351192
2025-09-11,Electronics,Bluetooth Speaker,48,0.032748561023654726,3,139.2842072125937
2025-09-11,Home,Air Fryer,110,0.07208789188993873,5,510.3516594605337
2025-09-11,Home,Coffee Maker,75,0.04109065675391384,2,143.8364014869129
2025-09-11,Home,LED Lamp,32,0.04894001085797829,3,91.30175895763409
2025-09-11,Fashion,Hoodie,38,0.06042237776988692,14,499.85529502642015
2025-09-11,Fashion,Sneakers,72,0.05296063778268514,5,340.93417039823333
2025-09-11,Fashion,Backpack,45,0.05965735388152342,4,169.2616763013258
2025-09-11,Beauty,Face Serum,28,0.024179317341185048,13,355.19872848780864
2025-09-11,Beauty,Hair Dryer,55,0.12156713719189925,3,144.9414223633366
2025-09-11,Beauty,Perfume,60,0.05042965566554651,5,284.8711033003361
2025-09-12,Electronics,Wireless Headphones,65,0.050169733273463746,8,493.91173869779885
2025-09-12,Electronics,Smart Watch,85,0.0507993337182496,2,161.36411326789755
2025-09-12,Electronics,Bluetooth Speaker,48,0.07317277777184494,6,266.92624000170866
2025-09-12,Home,Air Fryer,110,0.019702112076864314,1,107.83276767154493
2025-09-12,Home,Coffee Maker,75,0.06046696270006951,4,281.8599111899792
2025-09-12,Home,LED Lamp,32,0.04030407452779406,2,61.42053923022118
2025-09-12,Fashion,Hoodie,38,0.03421624139684694,5,183.49891413459906
2025-09-12,Fashion,Sneakers,72,0.0705463779995639,9,602.2859470562826
2025-09-12,Fashion,Backpack,45,0.004894519090767699,8,358.23797312732364
2025-09-12,Beauty,Face Serum,28,0.04665561049863849,6,160.16185743622873
2025-09-12,Beauty,Hair Dryer,55,0.059843869756396405,7,361.96011014378735
2025-09-12,Beauty,Perfume,60,0.07697657032461963,4,221.52562312209128
2025-09-13,Electronics,Wireless Headphones,65,0.021936399331840734,6,381.4448042605821
2025-09-13,Electronics,Smart Watch,85,0.06834108178777534,6,475.14604828823457
2025-09-13,Electronics,Bluetooth Speaker,48,0.08567435027112581,6,263.32578712191577
2025-09-13,Home,Air Fryer,110,0.04835971749032467,6,628.0825864563857
2025-09-13,Home,Coffee Maker,75,0.04251462596645365,7,502.67982136761185
2025-09-13,Home,LED Lamp,32,0.010880060097592972,1,31.651838076877024
2025-09-13,Fashion,Hoodie,38,0.07088964030706822,15,529.5929050249711
2025-09-13,Fashion,Sneakers,72,0.04388558549332205,3,206.52071353344246
2025-09-13,Fashion,Backpack,45,0.055900776624810786,6,254.9067903113011
2025-09-13,Beauty,Face Serum,28,0.04665521798226293,5,133.46826948248318
2025-09-13,Beauty,Hair Dryer,55,0.055456550820230446,6,311.6993382293239
2025-09-13,Beauty,Perfume,60,0.03329478194734052,7,406.016191582117
2025-09-14,Electronics,Wireless Headphones,65,0.09617211747882282,6,352.4928741832591
2025-09-14,Electronics,Smart Watch,85,0.08418416493451622,7,544.9104218639628
2025-09-14,Electronics,Bluetooth Speaker,48,0.012433179130566852,8,379.22565921386234
2025-09-14,Home,Air Fryer,110,0.03355993323967189,5,531.5420367181805
2025-09-14,Home,Coffee Maker,75,0.05406407407699197,2,141.8903888884512
2025-09-14,Home,LED Lamp,32,0.0784261659993844,5,147.4518134400985
2025-09-14,Fashion,Hoodie,38,0.00968200846948352,6,225.79250206895776
2025-09-14,Fashion,Sneakers,72,0.09017149902086238,9,589.5688686344812
2025-09-14,Fashion,Backpack,45,0.03709716252907585,8,346.6450214895327
2025-09-14,Beauty,Face Serum,28,0.07524383796837956,4,103.5726901475415
2025-09-14,Beauty,Hair Dryer,55,0.010896616728078554,6,326.4041164797341
2025-09-14,Beauty,Perfume,60,0.024167432995893412,5,292.749770101232
2025-09-15,Electronics,Wireless Headphones,65,0.0336776679152585,10,628.109515855082
2025-09-15,Electronics,Smart Watch,85,0.06654239150930734,8,634.751173773671
2025-09-15,Electronics,Bluetooth Speaker,48,0.03206090532826328,7,325.22753580970357
2025-09-15,Home,Air Fryer,110,0.09904978503397267,1,99.104523646263
2025-09-15,Home,Coffee Maker,75,0.019558961845290504,2,147.06615572320644
2025-09-15,Home,LED Lamp,32,0.0269271704945653,6,186.82998326504347
2025-09-15,Fashion,Hoodie,38,0.041704003960328445,7,254.90673494655263
2025-09-15,Fashion,Sneakers,72,0.0729441812329954,9,600.732170561019
2025-09-15,Fashion,Backpack,45,0.052884679695527514,7,298.3413258959088
2025-09-15,Beauty,Face Serum,28,0.04628085465753358,8,213.63308855671247
2025-09-15,Beauty,Hair Dryer,55,0.12518880202808935,0,0.0
2025-09-15,Beauty,Perfume,60,0.050121924691653164,5,284.96342259250406
2025-09-16,Electronics,Wireless Headphones,65,0.0866364141030648,5,296.84316541650395
2025-09-16,Electronics,Smart Watch,85,0.056418983260596356,6,481.22631853709584
2025-09-16,Electronics,Bluetooth Speaker,48,0.008565647918953548,1,47.58884889989023
2025-09-16,Home,Air Fryer,110,0.012393880329623963,6,651.8200389824482
2025-09-16,Home,Coffee Maker,75,0.03469782086382691,2,144.79532687042595
2025-09-16,Home,LED Lamp,32,0.08269889860832103,6,176.12181146720235
2025-09-16,Fashion,Hoodie,38,0.057187303939815484,11,394.0957069531571
2025-09-16,Fashion,Sneakers,72,0.07238583206937826,2,133.57644018200955
2025-09-16,Fashion,Backpack,45,0.04960938003776575,5,213.83788949150272
2025-09-16,Beauty,Face Serum,28,0.06452022042687092,4,104.77373531219047
2025-09-16,Beauty,Hair Dryer,55,0.043524435431221774,4,210.4246242051312
2025-09-16,Beauty,Perfume,60,0.04475218422284212,8,458.5189515730358
2025-09-17,Electronics,Wireless Headphones,65,0.10304417574528953,6,349.81277145933706
2025-09-17,Electronics,Smart Watch,85,0.03215982614582759,5,411.3320738880233
2025-09-17,Electronics,Bluetooth Speaker,48,0.048369857460790366,9,411.1042215769386
2025-09-17,Home,Air Fryer,110,0.007455451432646358,4,436.7196013696356
2025-09-17,Home,Coffee Maker,75,0.0020141842471105217,6,449.0936170888003
2025-09-17,Home,LED Lamp,32,0.08193805200743362,2,58.75596467152425
2025-09-17,Fashion,Hoodie,38,0.05513690904551016,15,538.5719618440592
2025-09-17,Fashion,Sneakers,72,0.08069612523339724,5,330.949394915977
2025-09-17,Fashion,Backpack,45,0.06897678446532463,5,209.48022349530197
2025-09-17,Beauty,Face Serum,28,0.0,10,280.0
2025-09-17,Beauty,Hair Dryer,55,0.04890300872689334,5,261.5516726001043
2025-09-17,Beauty,Perfume,60,0.024146174462654758,7,409.858606725685
2025-09-18,Electronics,Wireless Headphones,65,0.053103545577168045,5,307.7413476874204
2025-09-18,Electronics,Smart Watch,85,0.03365144982187279,9,739.2566408862674
2025-09-18,Electronics,Bluetooth Speaker,48,0.050122865339662995,0,0.0
2025-09-18,Home,Air Fryer,110,0.07476748933688362,6,610.6534570376568
2025-09-18,Home,Coffee Maker,75,0.04626561095340278,2,143.06015835698958
2025-09-18,Home,LED Lamp,32,0.0,2,64.0
2025-09-18,Fashion,Hoodie,38,0.07842542853775072,7,245.13883600895832
2025-09-18,Fashion,Sneakers,72,0.01706233385832799,10,707.7151196220038
2025-09-18,Fashion,Backpack,45,0.05837123072983217,5,211.86647308578776
2025-09-18,Beauty,Face Serum,28,0.04714724979455114,7,186.759139040268
2025-09-18,Beauty,Hair Dryer,55,0.08740024931132459,6,301.1579177272629
2025-09-18,Beauty,Perfume,60,0.037097982814669535,5,288.87060515559915
2025-09-19,Electronics,Wireless Headphones,65,0.03272041630000724,9,565.8585564644958
2025-09-19,Electronics,Smart Watch,85,0.0,5,425.0
2025-09-19,Electronics,Bluetooth Speaker,48,0.06340270034192896,7,314.6966926851119
2025-09-19,Home,Air Fryer,110,0.021963929186460725,2,215.16793557897864
2025-09-19,Home,Coffee Maker,75,0.06807408629835704,0,0.0
2025-09-19,Home,LED Lamp,32,0.02323369287535337,7,218.79565279592083
2025-09-19,Fashion,Hoodie,38,0.0426885595778839,7,254.6448431522829
2025-09-19,Fashion,Sneakers,72,0.09401668805037176,4,260.92319384149295
2025-09-19,Fashion,Backpack,45,0.06771060530279048,5,209.76511380687214
2025-09-19,Beauty,Face Serum,28,0.09361469561159716,8,203.03030818300223
2025-09-19,Beauty,Hair Dryer,55,0.051880949220423994,5,260.73273896438343
2025-09-19,Beauty,Perfume,60,0.004719433246412566,4,238.867336020861
2025-09-20,Electronics,Wireless Headphones,65,0.05267547257458719,5,307.88047141325916
2025-09-20,Electronics,Smart Watch,85,0.04061618166574106,8,652.3809964672961
2025-09-20,Electronics,Bluetooth Speaker,48,0.08073384496934013,5,220.62387720735836
2025-09-20,Home,Air Fryer,110,0.08445271534759102,5,503.55100655882495
2025-09-20,Home,Coffee Maker,75,0.04501179512291834,7,501.36880756046787
2025-09-20,Home,LED Lamp,32,0.03962673070356901,7,215.12361232240053
2025-09-20,Fashion,Hoodie,38,0.04446891579635805,10,363.10181199738395
2025-09-20,Fashion,Sneakers,72,0.03238986875017924,9,627.0113650498838
2025-09-20,Fashion,Backpack,45,0.058135843702790124,7,296.6872092336211
2025-09-20,Beauty,Face Serum,28,0.0583313308859875,8,210.9337818815388
2025-09-20,Beauty,Hair Dryer,55,0.077158783936703,3,152.268800650444
2025-09-20,Beauty,Perfume,60,0.05332136598984149,9,511.2064623654856
2025-09-21,Electronics,Wireless Headphones,65,0.020632026395834904,3,190.97675485281218
2025-09-21,Electronics,Smart Watch,85,0.0895457034873414,1,77.38861520357598
2025-09-21,Electronics,Bluetooth Speaker,48,0.017461255362766354,10,471.61859742587217
2025-09-21,Home,Air Fryer,110,0.06478824238306116,4,411.4931733514531
2025-09-21,Home,Coffee Maker,75,0.04560973826834613,4,286.31707851949614
2025-09-21,Home,LED Lamp,32,0.05203630133890668,5,151.67419178577492
2025-09-21,Fashion,Hoodie,38,0.06861512344534297,7,247.74837716353878
2025-09-21,Fashion,Sneakers,72,0.0759620720747869,9,598.7765772955381
2025-09-21,Fashion,Backpack,45,0.11736193970840074,6,238.31227627873182
2025-09-21,Beauty,Face Serum,28,0.031413876479377656,9,244.08370312719683
2025-09-21,Beauty,Hair Dryer,55,0.09727556406747852,6,297.8990638577321
2025-09-21,Beauty,Perfume,60,0.040765608656423674,3,172.66219044184373
2025-09-22,Electronics,Wireless Headphones,65,0.02568146854504884,4,253.3228181782873
2025-09-22,Electronics,Smart Watch,85,0.037064905062243525,4,327.3979322788372
2025-09-22,Electronics,Bluetooth Speaker,48,0.11262885209146149,3,127.78144529882955
2025-09-22,Home,Air Fryer,110,0.023299574792537126,7,752.0593274097464
2025-09-22,Home,Coffee Maker,75,0.06345236386750744,5,351.2053635496847
2025-09-22,Home,LED Lamp,32,0.042131685730358366,4,122.60714422651412
2025-09-22,Fashion,Hoodie,38,0.05235716962567091,8,288.08342043379605
2025-09-22,Fashion,Sneakers,72,0.03600156908279345,2,138.81577405207773
2025-09-22,Fashion,Backpack,45,0.005043454907720665,3,134.3191335874577
2025-09-22,Beauty,Face Serum,28,0.02971103078318764,5,135.84045569035374
2025-09-22,Beauty,Hair Dryer,55,0.00512953030281426,3,164.15362750003564
2025-09-22,Beauty,Perfume,60,0.06298192324071267,7,393.5475922389007
2025-09-23,Electronics,Wireless Headphones,65,0.10296636147958659,7,408.1503055267881
2025-09-23,Electronics,Smart Watch,85,0.11225288827986257,5,377.2925224810584
2025-09-23,Electronics,Bluetooth Speaker,48,0.052246850720392916,3,136.47645349626342
2025-09-23,Home,Air Fryer,110,0.07201049192537493,2,204.15769177641752
2025-09-23,Home,Coffee Maker,75,0.05425268668722944,2,141.86209699691557
2025-09-23,Home,LED Lamp,32,0.035931001107444155,3,92.55062389368535
2025-09-23,Fashion,Hoodie,38,0.035627629945251156,7,256.5230504345632
2025-09-23,Fashion,Sneakers,72,0.04988803778853985,7,478.8564289545759
2025-09-23,Fashion,Backpack,45,0.03971469840518334,5,216.06419285883374
2025-09-23,Beauty,Face Serum,28,0.05536987053516461,7,185.14750537510773
2025-09-23,Beauty,Hair Dryer,55,0.04974444611926122,6,313.5843327806438
2025-09-23,Beauty,Perfume,60,0.032412247818116594,8,464.44212104730406
2025-09-24,Electronics,Wireless Headphones,65,0.09638048170589332,8,469.8821495129355
2025-09-24,Electronics,Smart Watch,85,0.07000570591284935,5,395.247574987039
2025-09-24,Electronics,Bluetooth Speaker,48,0.03573362126615034,8,370.27828943379825
2025-09-24,Home,Air Fryer,110,0.08098814081285712,5,505.4565225529286
2025-09-24,Home,Coffee Maker,75,0.017648673345334022,4,294.70539799639977
2025-09-24,Home,LED Lamp,32,0.06250179210597112,5,149.9997132630446
2025-09-24,Fashion,Hoodie,38,0.07685959069308554,5,175.39667776831374
2025-09-24,Fashion,Sneakers,72,0.11295610291411758,6,383.2029635411012
2025-09-24,Fashion,Backpack,45,0.046158038993088187,8,343.38310596248823
2025-09-24,Beauty,Face Serum,28,0.03309237882773971,8,216.5873071425863
2025-09-24,Beauty,Hair Dryer,55,0.06382774038106107,2,102.97894855808327
2025-09-24,Beauty,Perfume,60,0.042395943073847156,4,229.82497366227668
2025-09-25,Electronics,Wireless Headphones,65,0.027878643932771483,9,568.6909932993286
2025-09-25,Electronics,Smart Watch,85,0.05819088938743186,5,400.26887201034145
2025-09-25,Electronics,Bluetooth Speaker,48,0.10827101661294888,5,214.01495601289227
2025-09-25,Home,Air Fryer,110,0.040544832138606976,2,211.08013692950647
2025-09-25,Home,Coffee Maker,75,0.042469005392061374,3,215.4444737867862
2025-09-25,Home,LED Lamp,32,0.09205535320321276,5,145.27114348748594
2025-09-25,Fashion,Hoodie,38,0.041803127250997614,12,436.93777397354506
2025-09-25,Fashion,Sneakers,72,0.05798489772551068,9,610.4257862738691
2025-09-25,Fashion,Backpack,45,0.018543764742505166,2,88.33106117317453
2025-09-25,Beauty,Face Serum,28,0.0627954587454074,4,104.96690862051437
2025-09-25,Beauty,Hair Dryer,55,0.07459467865715752,4,203.58917069542534
2025-09-25,Beauty,Perfume,60,0.0716166039615003,8,445.62403009847986
2025-09-26,Electronics,Wireless Headphones,65,0.01170340519143094,8,513.9142293004559
2025-09-26,Electronics,Smart Watch,85,0.08417365523541562,7,544.9166751349277
2025-09-26,Electronics,Bluetooth Speaker,48,0.04407484669216073,4,183.53762943510515
2025-09-26,Home,Air Fryer,110,0.07374565182188723,8,815.1038263967392
2025-09-26,Home,Coffee Maker,75,0.03692653340351413,1,72.23050999473644
2025-09-26,Home,LED Lamp,32,0.034735485931974244,5,154.4423222508841
2025-09-26,Fashion,Hoodie,38,0.052701504627761686,5,179.98671412072528
2025-09-26,Fashion,Sneakers,72,0.01589009328085192,3,212.567739851336
2025-09-26,Fashion,Backpack,45,0.06974122040189643,10,418.6164508191466
2025-09-26,Beauty,Face Serum,28,0.08769966953166686,11,280.9885017842466
2025-09-26,Beauty,Hair Dryer,55,0.031090463890392647,4,213.16009794411363
2025-09-26,Beauty,Perfume,60,0.02657411543272923,5,292.0277653701812
2025-09-27,Electronics,Wireless Headphones,65,0.05261468647281796,3,184.7401361378005
2025-09-27,Electronics,Smart Watch,85,0.04907666910942141,7,565.7993818798942
2025-09-27,Electronics,Bluetooth Speaker,48,0.0,7,336.0
2025-09-27,Home,Air Fryer,110,0.05018179023713507,5,522.4000153695757
2025-09-27,Home,Coffee Maker,75,0.03890769946286385,1,72.0819225402852
2025-09-27,Home,LED Lamp,32,0.02014871641192348,4,125.42096429927379
2025-09-27,Fashion,Hoodie,38,0.04223625835339346,11,400.3452440082815
2025-09-27,Fashion,Sneakers,72,0.0716897420841194,12,802.0600628393208
2025-09-27,Fashion,Backpack,45,0.045570284060795024,10,429.49337217264224
2025-09-27,Beauty,Face Serum,28,0.05396170163464584,8,211.91257883383932
2025-09-27,Beauty,Hair Dryer,55,0.06701169825145385,4,205.25742638468017
2025-09-27,Beauty,Perfume,60,0.09690557546626671,6,325.113992832144
2025-09-28,Electronics,Wireless Headphones,65,0.013103413351790438,6,384.88966879280173
2025-09-28,Electronics,Smart Watch,85,0.08789055009280757,6,465.1758194526681
2025-09-28,Electronics,Bluetooth Speaker,48,0.03277983866980741,8,371.412541950794
2025-09-28,Home,Air Fryer,110,0.02670621856510488,3,321.1869478735154
2025-09-28,Home,Coffee Maker,75,0.045975597026260195,1,71.55183022303048
2025-09-28,Home,LED Lamp,32,0.08861167139918505,5,145.8221325761304
2025-09-28,Fashion,Hoodie,38,0.024324164528755132,4,148.30272699162924
2025-09-28,Fashion,Sneakers,72,0.028090143615799708,9,629.7975869369618
2025-09-28,Fashion,Backpack,45,0.06017068576567787,7,296.0462339838115
2025-09-28,Beauty,Face Serum,28,0.033826562134947606,8,216.42285008177174
2025-09-28,Beauty,Hair Dryer,55,0.027774876381928524,3,160.4171453969818
2025-09-28,Beauty,Perfume,60,0.010986764823120866,2,118.6815882212255
2025-09-29,Electronics,Wireless Headphones,65,0.11876006066586785,3,171.84178817015578
2025-09-29,Electronics,Smart Watch,85,0.024219720485162657,4,331.7652950350447
2025-09-29,Electronics,Bluetooth Speaker,48,0.0,7,336.0
2025-09-29,Home,Air Fryer,110,0.040120887744802214,7,739.1069164365023
2025-09-29,Home,Coffee Maker,75,0.038504543691060975,4,288.44863689268175
2025-09-29,Home,LED Lamp,32,0.0888114131520922,5,145.79017389566525
2025-09-29,Fashion,Hoodie,38,0.007229769048630742,7,264.0768814330642
2025-09-29,Fashion,Sneakers,72,0.06008657807633217,2,135.34753275700817
2025-09-29,Fashion,Backpack,45,0.037868722267261866,6,259.7754449878393
2025-09-29,Beauty,Face Serum,28,0.04837523840672202,10,266.45493324611783
2025-09-29,Beauty,Hair Dryer,55,0.05447845251387387,2,104.00737022347387
2025-09-29,Beauty,Perfume,60,0.034626360825192166,5,289.6120917524423
2025-09-30,Electronics,Wireless Headphones,65,0.012654124141207757,9,577.5973373773935
2025-09-30,Electronics,Smart Watch,85,0.07119945985920977,4,315.7921836478687
2025-09-30,Electronics,Bluetooth Speaker,48,0.07950722286238608,6,265.1019198156328
2025-09-30,Home,Air Fryer,110,0.05173833708873694,4,417.2351316809557
2025-09-30,Home,Coffee Maker,75,0.06460777566866867,3,210.46325047454954
2025-09-30,Home,LED Lamp,32,0.03231104153577035,5,154.83023335427674
2025-09-30,Fashion,Hoodie,38,0.05071078748834021,4,144.2919603017723
2025-09-30,Fashion,Sneakers,72,0.01684342992180738,4,283.14909218251944
2025-09-30,Fashion,Backpack,45,0.09094342697800875,9,368.16791207390645
2025-09-30,Beauty,Face Serum,28,0.03184908539215728,9,243.97403048117638
2025-09-30,Beauty,Hair Dryer,55,0.08252002233552595,2,100.92279754309214
2025-09-30,Beauty,Perfume,60,0.03133129624130965,2,116.24024445104284
2025-10-01,Electronics,Wireless Headphones,65,0.06939124570717484,6,362.9374141742018
2025-10-01,Electronics,Smart Watch,85,0.05267554808739554,8,644.180627300571
2025-10-01,Electronics,Bluetooth Speaker,48,0.07958045231736767,3,132.54041486629905
2025-10-01,Home,Air Fryer,110,0.053543031985693934,5,520.5513324078684
2025-10-01,Home,Coffee Maker,75,0.04465230778966543,3,214.95323074732528
2025-10-01,Home,LED Lamp,32,0.0708355187250693,6,178.3995804047867
2025-10-01,Fashion,Hoodie,38,0.01982403613158983,7,260.7268063889971
2025-10-01,Fashion,Sneakers,72,0.049002511068582916,6,410.8309152183722
2025-10-01,Fashion,Backpack,45,0.08580606976175081,3,123.41618058216363
2025-10-01,Beauty,Face Serum,28,0.03843697548259575,6,161.54258811892393
2025-10-01,Beauty,Hair Dryer,55,0.05312251656077554,3,156.23478476747204
2025-10-01,Beauty,Perfume,60,0.051926222926919216,5,284.4221331219243
2025-10-02,Electronics,Wireless Headphones,65,0.006441868620819274,3,193.74383561894024
2025-10-02,Electronics,Smart Watch,85,0.04295103048751391,6,488.0949744513679
2025-10-02,Electronics,Bluetooth Speaker,48,0.032217071842367176,6,278.72148330939825
2025-10-02,Home,Air Fryer,110,0.06676175626099042,4,410.6248272451642
2025-10-02,Home,Coffee Maker,75,0.06979657824524754,4,279.06102652642574
2025-10-02,Home,LED Lamp,32,0.03804398400094317,5,153.9129625598491
2025-10-02,Fashion,Hoodie,38,0.03664766787102339,5,183.03694310450555
2025-10-02,Fashion,Sneakers,72,0.051721722298879426,4,273.1041439779227
2025-10-02,Fashion,Backpack,45,0.03728122483492924,4,173.28937952971273
2025-10-02,Beauty,Face Serum,28,0.06288261712314774,7,183.67500704386302
2025-10-02,Beauty,Hair Dryer,55,0.022572911362270322,4,215.0339595003005
2025-10-02,Beauty,Perfume,60,0.04459650846491164,6,343.94525695263184
2025-10-03,Electronics,Wireless Headphones,65,0.0379659905184242,12,750.3865273956292
2025-10-03,Electronics,Smart Watch,85,0.0317802841239411,7,576.090730946255
2025-10-03,Electronics,Bluetooth Speaker,48,0.08476191081926085,2,87.86285656135095
2025-10-03,Home,Air Fryer,110,0.01136759356414948,4,434.9982588317742
2025-10-03,Home,Coffee Maker,75,0.11338875565709146,6,398.97505995430885
2025-10-03,Home,LED Lamp,32,0.06799517605318282,7,208.76908056408703
2025-10-03,Fashion,Hoodie,38,0.07465099709832393,9,316.4693589923732
2025-10-03,Fashion,Sneakers,72,0.028462586586974932,3,209.8520812972134
2025-10-03,Fashion,Backpack,45,0.041397449720757824,7,301.95980333796126
2025-10-03,Beauty,Face Serum,28,0.038814700945260204,7,188.392318614729
2025-10-03,Beauty,Hair Dryer,55,0.0580233972911396,3,155.42613944696197
2025-10-03,Beauty,Perfume,60,0.02492927843797478,5,292.5212164686076
2025-10-04,Electronics,Wireless Headphones,65,0.0804164830649981,13,777.0480718100766
2025-10-04,Electronics,Smart Watch,85,0.019847832567301545,5,416.5646711588969
2025-10-04,Electronics,Bluetooth Speaker,48,0.05570183723077751,5,226.6315590646134
2025-10-04,Home,Air Fryer,110,0.03939492863466662,3,316.99967355056003
2025-10-04,Home,Coffee Maker,75,0.06762787304322596,4,279.7116380870322
2025-10-04,Home,LED Lamp,32,0.037898639889055556,5,153.9362176177511
2025-10-04,Fashion,Hoodie,38,0.030148674442179307,6,221.1261022271831
2025-10-04,Fashion,Sneakers,72,0.06001405949033714,7,473.7529140168701
2025-10-04,Fashion,Backpack,45,0.05215066725924786,11,469.1854197066723
2025-10-04,Beauty,Face Serum,28,0.030427813817042928,3,81.4440636393684
2025-10-04,Beauty,Hair Dryer,55,0.03221007812235355,5,266.14222851635276
2025-10-04,Beauty,Perfume,60,0.002797817096366284,5,299.1606548710901
2025-10-05,Electronics,Wireless Headphones,65,0.058958585406691966,6,367.00615169139013
2025-10-05,Electronics,Smart Watch,85,0.04497212979099712,4,324.709475871061
2025-10-05,Electronics,Bluetooth Speaker,48,0.06704040421943894,6,268.69236358480157
2025-10-05,Home,Air Fryer,110,0.07371120900213168,9,917.0259030878897
2025-10-05,Home,Coffee Maker,75,0.03796417686340412,1,72.15268673524469
2025-10-05,Home,LED Lamp,32,0.06874605280465665,5,149.00063155125494
2025-10-05,Fashion,Hoodie,38,0.06762634355494195,3,106.29059683473662
2025-10-05,Fashion,Sneakers,72,0.059731388207469926,3,203.0980201471865
2025-10-05,Fashion,Backpack,45,0.03191037763120719,1,43.56403300659568
2025-10-05,Beauty,Face Serum,28,0.04535554497236941,7,187.1103131854156
2025-10-05,Beauty,Hair Dryer,55,0.03949474037290747,4,211.31115711796036
2025-10-05,Beauty,Perfume,60,0.01373449072025442,6,355.0555833407084
2025-10-06,Electronics,Wireless Headphones,65,0.09407374315868314,9,529.9668602521704
2025-10-06,Electronics,Smart Watch,85,0.08042603432024052,7,547.1465095794568
2025-10-06,Electronics,Bluetooth Speaker,48,0.015229552706077468,9,425.4208332309745
2025-10-06,Home,Air Fryer,110,0.010580007869411871,5,544.1809956718236
2025-10-06,Home,Coffee Maker,75,0.04220433300271743,1,71.8346750247962
2025-10-06,Home,LED Lamp,32,0.04371124481492326,7,214.20868116145718
2025-10-06,Fashion,Hoodie,38,0.10296533342534354,8,272.6985386386956
2025-10-06,Fashion,Sneakers,72,0.042312772419544425,4,275.8139215431712
2025-10-06,Fashion,Backpack,45,0.07210769985090833,11,459.30668857380033
2025-10-06,Beauty,Face Serum,28,0.10683568776558688,11,275.0946081681992
2025-10-06,Beauty,Hair Dryer,55,0.034059560123294724,3,159.38017257965637
2025-10-06,Beauty,Perfume,60,0.051244525188958535,3,170.77598546598747
2025-10-07,Electronics,Wireless Headphones,65,0.030509436925526757,9,567.1519793985668
2025-10-07,Electronics,Smart Watch,85,0.033552343454229874,8,657.1844064511237
2025-10-07,Electronics,Bluetooth Speaker,48,0.06547568857799901,5,224.28583474128024
2025-10-07,Home,Air Fryer,110,0.09998934246466001,5,495.00586164443695
2025-10-07,Home,Coffee Maker,75,0.037310886837399304,4,288.8067339487802
2025-10-07,Home,LED Lamp,32,0.006000801086595217,4,127.23189746091582
2025-10-07,Fashion,Hoodie,38,0.062228140563477766,5,178.17665329293922
2025-10-07,Fashion,Sneakers,72,0.06825272721122605,5,335.4290182039586
2025-10-07,Fashion,Backpack,45,0.006635940276718766,9,402.3124441879289
2025-10-07,Beauty,Face Serum,28,0.019052600600964753,11,302.13179901490287
2025-10-07,Beauty,Hair Dryer,55,0.0862591901367866,6,301.53446725486043
2025-10-07,Beauty,Perfume,60,0.0,8,480.0
2025-10-08,Electronics,Wireless Headphones,65,0.028282263327686116,7,442.13157018590283
2025-10-08,Electronics,Smart Watch,85,0.07734914511663518,7,548.9772586556021
2025-10-08,Electronics,Bluetooth Speaker,48,0.07678944863110411,8,354.512851725656
2025-10-08,Home,Air Fryer,110,0.033701976200804895,6,637.7566957074688
2025-10-08,Home,Coffee Maker,75,0.09685231867588094,10,677.3607609930892
2025-10-08,Home,LED Lamp,32,0.03919766948859535,6,184.4740474581897
2025-10-08,Fashion,Hoodie,38,0.03378390414209496,8,293.72969314080314
2025-10-08,Fashion,Sneakers,72,0.061433194963452786,2,135.1536199252628
2025-10-08,Fashion,Backpack,45,0.05768787768826837,6,254.42427302416755
2025-10-08,Beauty,Face Serum,28,0.08276079614470327,3,77.04809312384494
2025-10-08,Beauty,Hair Dryer,55,0.050057349855309845,4,208.98738303183183
2025-10-08,Beauty,Perfume,60,0.08575592475074842,4,219.41857805982036
2025-10-09,Electronics,Wireless Headphones,65,0.05053591325149197,9,555.4364907478772
2025-10-09,Electronics,Smart Watch,85,0.027606444598989973,5,413.2672610454293
2025-10-09,Electronics,Bluetooth Speaker,48,0.0462859201572959,7,320.4479308271486
2025-10-09,Home,Air Fryer,110,0.04936273480748245,3,313.7102975135308
2025-10-09,Home,Coffee Maker,75,0.0488412387033774,5,356.6845354862335
2025-10-09,Home,LED Lamp,32,0.06624621302556119,3,89.64036354954612
2025-10-09,Fashion,Hoodie,38,0.06517929535408198,5,177.61593388272442
2025-10-09,Fashion,Sneakers,72,0.017290292926365976,6,424.5305934558099
2025-10-09,Fashion,Backpack,45,0.058313361559379134,3,127.12769618948381
2025-10-09,Beauty,Face Serum,28,0.07719275900903906,4,103.35441099098762
2025-10-09,Beauty,Hair Dryer,55,0.05911392640304581,4,206.9949361913299
2025-10-09,Beauty,Perfume,60,0.05809026491781509,5,282.57292052465544
2025-10-10,Electronics,Wireless Headphones,65,0.046365740832940594,6,371.91736107515317
2025-10-10,Electronics,Smart Watch,85,0.061165861525967105,5,399.004508851464
2025-10-10,Electronics,Bluetooth Speaker,48,0.05387414136863971,2,90.8280824286106
2025-10-10,Home,Air Fryer,110,0.04226814691970963,5,526.7525191941597
2025-10-10,Home,Coffee Maker,75,0.07103568800312808,4,278.68929359906156
2025-10-10,Home,LED Lamp,32,0.06220279051555371,8,240.07608562801826
2025-10-10,Fashion,Hoodie,38,0.010815920674670368,4,150.3559800574501
2025-10-10,Fashion,Sneakers,72,0.07248784473128436,3,200.3426255380426
2025-10-10,Fashion,Backpack,45,0.0621560107015951,5,211.01489759214112
2025-10-10,Beauty,Face Serum,28,0.0674797269634761,5,130.55283822511333
2025-10-10,Beauty,Hair Dryer,55,0.05624248968689287,2,103.8133261344418
2025-10-10,Beauty,Perfume,60,0.025390006768916104,4,233.90639837546013
2025-10-11,Electronics,Wireless Headphones,65,0.03070641736663697,10,630.040828711686
2025-10-11,Electronics,Smart Watch,85,0.06172822752310986,6,478.51860396321393
2025-10-11,Electronics,Bluetooth Speaker,48,0.013949367905156586,6,283.9825820433149
2025-10-11,Home,Air Fryer,110,0.07387834796986159,9,916.860435509837
2025-10-11,Home,Coffee Maker,75,0.07787828781394941,5,345.795642069769
2025-10-11,Home,LED Lamp,32,0.07007832853086264,6,178.54496092207438
2025-10-11,Fashion,Hoodie,38,0.0406823878466589,7,255.17848483278874
2025-10-11,Fashion,Sneakers,72,0.043313094693022046,9,619.9331146389218
2025-10-11,Fashion,Backpack,45,0.05395712088490765,13,553.4350842823291
2025-10-11,Beauty,Face Serum,28,0.06873804535916318,8,208.60267783954745
2025-10-11,Beauty,Hair Dryer,55,0.029483687845484063,3,160.13519150549513
2025-10-11,Beauty,Perfume,60,0.06498336439496939,5,280.5049906815092
2025-10-12,Electronics,Wireless Headphones,65,0.07132702639311392,11,664.0011761289235
2025-10-12,Electronics,Smart Watch,85,0.06623061600129802,4,317.4815905595587
2025-10-12,Electronics,Bluetooth Speaker,48,0.04732584308866861,5,228.64179765871953
2025-10-12,Home,Air Fryer,110,0.0,3,330.0
2025-10-12,Home,Coffee Maker,75,0.07365854745917813,3,208.42682682168493
2025-10-12,Home,LED Lamp,32,0.07533690506958207,4,118.3568761510935
2025-10-12,Fashion,Hoodie,38,0.09397083433347311,6,206.57464977196813
2025-10-12,Fashion,Sneakers,72,0.04147847555464888,1,69.01354976006527
2025-10-12,Fashion,Backpack,45,0.11847175916466374,10,396.6877083759013
2025-10-12,Beauty,Face Serum,28,0.0,13,364.0
2025-10-12,Beauty,Hair Dryer,55,0.06008830983780045,4,206.7805718356839
2025-10-12,Beauty,Perfume,60,0.10986050545545745,4,213.63347869069023
2025-10-13,Electronics,Wireless Headphones,65,0.03605265219375669,8,501.2526208592465
2025-10-13,Electronics,Smart Watch,85,0.045064803697730485,8,649.3559334855432
2025-10-13,Electronics,Bluetooth Speaker,48,0.031367788596466134,7,325.46042303158737
2025-10-13,Home,Air Fryer,110,0.021176861723219094,2,215.3410904208918
2025-10-13,Home,Coffee Maker,75,0.04743254274385809,7,500.0979150594745
2025-10-13,Home,LED Lamp,32,0.06779345008966169,6,178.98365758278496
2025-10-13,Fashion,Hoodie,38,0.041565002035715407,10,364.2052992264281
2025-10-13,Fashion,Sneakers,72,0.03975530537883623,6,414.8257080763428
2025-10-13,Fashion,Backpack,45,0.03703565508423218,3,130.00018656362866
2025-10-13,Beauty,Face Serum,28,0.05667820554557769,8,211.3040819577906
2025-10-13,Beauty,Hair Dryer,55,0.04088078783340939,2,105.50311333832497
2025-10-13,Beauty,Perfume,60,0.08525130216973519,8,439.0793749585271
2025-10-14,Electronics,Wireless Headphones,65,0.08420738359967175,4,238.10608026408536
2025-10-14,Electronics,Smart Watch,85,0.028640890599050367,3,247.69657289724216
2025-10-14,Electronics,Bluetooth Speaker,48,0.04547777003016745,7,320.71946926986374
2025-10-14,Home,Air Fryer,110,0.004733801519730074,5,547.3964091641485
2025-10-14,Home,Coffee Maker,75,0.027535572079307187,4,291.7393283762078
2025-10-14,Home,LED Lamp,32,0.075130063738826,10,295.9583796035757
2025-10-14,Fashion,Hoodie,38,0.07550027100365538,8,281.0479176148888
2025-10-14,Fashion,Sneakers,72,0.045068935383725556,12,825.0604398284611
2025-10-14,Fashion,Backpack,45,0.03642810016409871,6,260.16441295569336
2025-10-14,Beauty,Face Serum,28,0.055642510984079435,7,185.0940678471204
2025-10-14,Beauty,Hair Dryer,55,0.05141108094892204,4,208.68956219123717
2025-10-14,Beauty,Perfume,60,0.0396957410792517,4,230.4730221409796
2025-10-15,Electronics,Wireless Headphones,65,0.021366789270631226,8,508.8892695792718
2025-10-15,Electronics,Smart Watch,85,0.06933185719813335,2,158.21358427631733
2025-10-15,Electronics,Bluetooth Speaker,48,0.03901159414474885,1,46.127443481052055
2025-10-15,Home,Air Fryer,110,0.06161371130365139,5,516.1124587829918
2025-10-15,Home,Coffee Maker,75,0.0604031939582862,3,211.4092813593856
2025-10-15,Home,LED Lamp,32,0.052330258373785216,6,181.95259039223322
2025-10-15,Fashion,Hoodie,38,0.06094067358591829,9,321.15828963361594
2025-10-15,Fashion,Sneakers,72,0.043056148324081424,5,344.4997866033307
2025-10-15,Fashion,Backpack,45,0.03250891655274312,7,304.75969128588594
2025-10-15,Beauty,Face Serum,28,0.06142863958640435,3,78.83999427474204
2025-10-15,Beauty,Hair Dryer,55,0.06376523091501154,7,360.4503860977206
2025-10-15,Beauty,Perfume,60,0.06389960369678449,4,224.66409511277172
2025-10-16,Electronics,Wireless Headphones,65,0.08687904000513336,5,296.76431199833166
2025-10-16,Electronics,Smart Watch,85,0.0004453096651568303,8,679.6971894276933
2025-10-16,Electronics,Bluetooth Speaker,48,0.08911733662104085,2,87.44473568438008
2025-10-16,Home,Air Fryer,110,0.025867446252712867,5,535.772904561008
2025-10-16,Home,Coffee Maker,75,0.07701084219621493,7,484.56930784698716
2025-10-16,Home,LED Lamp,32,0.0353328767470936,5,154.34673972046502
2025-10-16,Fashion,Hoodie,38,0.06791367818596981,7,247.934961602532
2025-10-16,Fashion,Sneakers,72,0.0813161492188813,6,396.87142353744326
2025-10-16,Fashion,Backpack,45,0.041816815020883004,7,301.8277032684219
2025-10-16,Beauty,Face Serum,28,0.06395173163847254,7,183.46546059885938
2025-10-16,Beauty,Hair Dryer,55,0.07293292427838445,4,203.9547566587554
2025-10-16,Beauty,Perfume,60,0.06305457906856426,1,56.216725255886146
2025-10-17,Electronics,Wireless Headphones,65,0.06263940618051209,7,426.499070187867
2025-10-17,Electronics,Smart Watch,85,0.07050050139337682,8,632.0596590525038
2025-10-17,Electronics,Bluetooth Speaker,48,0.07248117910722124,8,356.167227222827
2025-10-17,Home,Air Fryer,110,0.056745886181348834,6,622.5477151203098
2025-10-17,Home,Coffee Maker,75,0.08968479741686941,4,273.09456077493917
2025-10-17,Home,LED Lamp,32,0.059038358935510744,3,90.33231754219096
2025-10-17,Fashion,Hoodie,38,0.06676881299151385,5,177.31392553161237
2025-10-17,Fashion,Sneakers,72,0.03680485111540079,7,485.450355037838
2025-10-17,Fashion,Backpack,45,0.007160563475600928,5,223.3888732179898
2025-10-17,Beauty,Face Serum,28,0.04438790683462771,8,214.0571088690434
2025-10-17,Beauty,Hair Dryer,55,0.07081210357719545,9,459.94800872928823
2025-10-17,Beauty,Perfume,60,0.017811387046817465,3,176.79395033157286
2025-10-18,Electronics,Wireless Headphones,65,0.03113361740068331,9,566.7868338206002
2025-10-18,Electronics,Smart Watch,85,0.04978577872369674,5,403.8410440424289
2025-10-18,Electronics,Bluetooth Speaker,48,0.06048720945056053,6,270.57968367823855
2025-10-18,Home,Air Fryer,110,0.0,1,110.0
2025-10-18,Home,Coffee Maker,75,0.031234115173461335,6,435.9446481719424
2025-10-18,Home,LED Lamp,32,0.09667498486903145,4,115.62560193676397
2025-10-18,Fashion,Hoodie,38,0.04667465407872627,8,289.8109051600672
2025-10-18,Fashion,Sneakers,72,0.04057792455067795,3,207.23516829705355
2025-10-18,Fashion,Backpack,45,0.07466123101620156,9,374.76220143843835
2025-10-18,Beauty,Face Serum,28,0.006632001250559114,9,250.3287356848591
2025-10-18,Beauty,Hair Dryer,55,0.08076623701995084,5,252.7892848195135
2025-10-18,Beauty,Perfume,60,0.04640271828313394,6,343.29502141807177
2025-10-19,Electronics,Wireless Headphones,65,0.00728052935921749,12,774.3211870998103
2025-10-19,Electronics,Smart Watch,85,0.04222014632976761,5,407.0564378098488
2025-10-19,Electronics,Bluetooth Speaker,48,0.021785237796021758,4,187.81723434316382
2025-10-19,Home,Air Fryer,110,0.02064115609526811,2,215.45894565904104
2025-10-19,Home,Coffee Maker,75,0.04856079092667555,7,499.50558476349534
2025-10-19,Home,LED Lamp,32,0.10173929043467289,4,114.97737082436187
2025-10-19,Fashion,Hoodie,38,0.004462357186354918,7,264.8130129884296
2025-10-19,Fashion,Sneakers,72,0.06990365750475991,9,602.7024299369156
2025-10-19,Fashion,Backpack,45,0.045405713389453754,4,171.82697158989833
2025-10-19,Beauty,Face Serum,28,0.028564335627623113,3,81.60059580727966
2025-10-19,Beauty,Hair Dryer,55,0.01801573454037113,7,378.0639422019571
2025-10-19,Beauty,Perfume,60,0.052524849963608955,7,397.93956301528425
2025-10-20,Electronics,Wireless Headphones,65,0.025766639900381808,6,379.9510104388511
2025-10-20,Electronics,Smart Watch,85,0.05921792336151908,4,319.8659060570835
2025-10-20,Electronics,Bluetooth Speaker,48,0.020430265098416445,5,235.09673637638005
2025-10-20,Home,Air Fryer,110,0.07707726927265662,5,507.6075019000388
2025-10-20,Home,Coffee Maker,75,0.0444297153393167,1,71.66777134955124
2025-10-20,Home,LED Lamp,32,0.09491910147935664,8,231.7007100212847
2025-10-20,Fashion,Hoodie,38,0.08131785452838892,7,244.36945069544856
2025-10-20,Fashion,Sneakers,72,0.062449224036727445,8,540.029246954845
2025-10-20,Fashion,Backpack,45,0.05698885688803873,5,212.1775072001913
2025-10-20,Beauty,Face Serum,28,0.034194884926724525,5,135.21271611025855
2025-10-20,Beauty,Hair Dryer,55,0.0231461063112206,3,161.1808924586486
2025-10-20,Beauty,Perfume,60,0.008203685900433362,8,476.06223076779196
2025-10-21,Electronics,Wireless Headphones,65,0.03761248764790494,3,187.66556490865855
2025-10-21,Electronics,Smart Watch,85,0.07602512671663648,1,78.5378642290859
2025-10-21,Electronics,Bluetooth Speaker,48,0.08895155151525201,12,524.7639063272148
2025-10-21,Home,Air Fryer,110,0.02421009172140607,9,966.032009195808
2025-10-21,Home,Coffee Maker,75,0.03951732146313844,6,432.2172053415877
2025-10-21,Home,LED Lamp,32,0.06981879566796609,2,59.53159707725017
2025-10-21,Fashion,Hoodie,38,0.043191145261488796,8,290.8698918405074
2025-10-21,Fashion,Sneakers,72,0.03937952049380963,5,345.82337262222853
2025-10-21,Fashion,Backpack,45,0.06836065380914311,6,251.54262347153136
2025-10-21,Beauty,Face Serum,28,0.07563860559540997,6,155.29271425997115
2025-10-21,Beauty,Hair Dryer,55,0.03207381418861117,3,159.70782065887914
2025-10-21,Beauty,Perfume,60,0.07486833839074335,6,333.0473981793324
2025-10-22,Electronics,Wireless Headphones,65,0.037944664516395936,5,312.6679840321713
2025-10-22,Electronics,Smart Watch,85,0.024345475631424973,4,331.7225382853155
2025-10-22,Electronics,Bluetooth Speaker,48,0.08353198084122865,6,263.9427895177261
2025-10-22,Home,Air Fryer,110,0.0702393349103047,2,204.54734631973298
2025-10-22,Home,Coffee Maker,75,0.07212752616540279,2,139.1808710751896
2025-10-22,Home,LED Lamp,32,0.06454817687548971,5,149.67229169992163
2025-10-22,Fashion,Hoodie,38,0.058957869947939126,5,178.79800470989156
2025-10-22,Fashion,Sneakers,72,0.03444464210371308,4,278.0799430741306
2025-10-22,Fashion,Backpack,45,0.09186338234450195,10,408.66147794497414
2025-10-22,Beauty,Face Serum,28,0.026397031030127558,7,190.826181918095
2025-10-22,Beauty,Hair Dryer,55,0.05774713250259596,3,155.47172313707165
2025-10-22,Beauty,Perfume,60,0.03679937378242221,8,462.33630058443737
2025-10-23,Electronics,Wireless Headphones,65,0.0620749667289822,7,426.75589013831313
2025-10-23,Electronics,Smart Watch,85,0.012014652897973863,2,167.95750900734444
2025-10-23,Electronics,Bluetooth Speaker,48,0.10029245594620226,5,215.92981057291146
2025-10-23,Home,Air Fryer,110,0.09129026636679574,2,199.91614139930493
2025-10-23,Home,Coffee Maker,75,0.08729486802534109,3,205.35865469429825
2025-10-23,Home,LED Lamp,32,0.09026008016846646,5,145.55838717304536
2025-10-23,Fashion,Hoodie,38,0.06041400078926655,7,249.92987579005512
2025-10-23,Fashion,Sneakers,72,0.05525610851408945,7,476.1509213088989
2025-10-23,Fashion,Backpack,45,0.04899656014162825,8,342.36123834901383
2025-10-23,Beauty,Face Serum,28,0.05766664759658996,4,105.54133546918193
2025-10-23,Beauty,Hair Dryer,55,0.036511644686348876,2,105.98371908450162
2025-10-23,Beauty,Perfume,60,0.09736180721264535,4,216.6331662689651
2025-10-24,Electronics,Wireless Headphones,65,0.0,11,715.0
2025-10-24,Electronics,Smart Watch,85,0.08821983470045047,5,387.50657025230856
2025-10-24,Electronics,Bluetooth Speaker,48,0.008886758766588551,8,380.58748463363
2025-10-24,Home,Air Fryer,110,0.03898441119712067,6,634.2702886099004
2025-10-24,Home,Coffee Maker,75,0.02893341681364454,4,291.3199749559066
2025-10-24,Home,LED Lamp,32,0.02748874309082924,7,217.84252154765426
2025-10-24,Fashion,Hoodie,38,0.08922000373140901,8,276.87711886565165
2025-10-24,Fashion,Sneakers,72,0.04565151735832849,3,206.13927225060104
2025-10-24,Fashion,Backpack,45,0.033626626724924905,7,304.40761258164866
2025-10-24,Beauty,Face Serum,28,0.0814707244069873,7,180.0317380162305
2025-10-24,Beauty,Hair Dryer,55,0.034346686057867504,3,159.33279680045186
2025-10-24,Beauty,Perfume,60,0.03712373247754221,8,462.18060841077977
2025-10-25,Electronics,Wireless Headphones,65,0.0009613997154048967,7,454.5625631294908
2025-10-25,Electronics,Smart Watch,85,0.033115758145313715,6,493.11096334588996
2025-10-25,Electronics,Bluetooth Speaker,48,0.0522978684938791,4,181.9588092491752
2025-10-25,Home,Air Fryer,110,0.07359197864268519,6,611.4292940958278
2025-10-25,Home,Coffee Maker,75,0.01867831519347337,8,588.7930108839159
2025-10-25,Home,LED Lamp,32,0.026010536220724176,8,249.34130272749462
2025-10-25,Fashion,Hoodie,38,0.08816845621489391,9,311.8463879745063
2025-10-25,Fashion,Sneakers,72,0.08116322271235712,8,529.2499837176823
2025-10-25,Fashion,Backpack,45,0.04186411972687422,8,344.92891689832527
2025-10-25,Beauty,Face Serum,28,0.0197574211083046,10,274.46792208967474
2025-10-25,Beauty,Hair Dryer,55,0.048562979847904926,3,156.98710832509568
2025-10-25,Beauty,Perfume,60,0.028834098729075993,5,291.3497703812772
2025-10-26,Electronics,Wireless Headphones,65,0.06151164208660353,8,488.0139461149662
2025-10-26,Electronics,Smart Watch,85,0.0,10,850.0
2025-10-26,Electronics,Bluetooth Speaker,48,0.09630066361806257,10,433.77568146333
2025-10-26,Home,Air Fryer,110,0.06355916999063731,9,927.0764217092691
2025-10-26,Home,Coffee Maker,75,0.001582448007713469,4,299.525265597686
2025-10-26,Home,LED Lamp,32,0.01002606444256271,5,158.39582968918995
2025-10-26,Fashion,Hoodie,38,0.022421978052024085,6,222.8877890041385
2025-10-26,Fashion,Sneakers,72,0.057237335420093974,5,339.39455924876614
2025-10-26,Fashion,Backpack,45,0.08255561018713276,6,247.70998524947416
2025-10-26,Beauty,Face Serum,28,0.02821953635410293,6,163.25911789251072
2025-10-26,Beauty,Hair Dryer,55,0.05020665584950441,5,261.19316964138625
2025-10-26,Beauty,Perfume,60,0.04278686850391701,8,459.46230311811985
2025-10-27,Electronics,Wireless Headphones,65,0.07257815777264412,7,421.97693821344694
2025-10-27,Electronics,Smart Watch,85,0.03902294931173493,6,490.0982958510152
2025-10-27,Electronics,Bluetooth Speaker,48,0.04710933758553543,4,182.9550071835772
2025-10-27,Home,Air Fryer,110,0.052440527279337484,3,312.69462599781866
2025-10-27,Home,Coffee Maker,75,0.017253877599362963,3,221.11787754014335
2025-10-27,Home,LED Lamp,32,0.02947924713917406,3,93.1699922746393
2025-10-27,Fashion,Hoodie,38,0.03683643766176801,6,219.6012922131169
2025-10-27,Fashion,Sneakers,72,0.0755438541684281,4,266.2433699994927
2025-10-27,Fashion,Backpack,45,0.04058751421273724,4,172.6942474417073
2025-10-27,Beauty,Face Serum,28,0.04988842563465504,3,79.80937224668898
2025-10-27,Beauty,Hair Dryer,55,0.03863539016870308,3,158.62516062216397
2025-10-27,Beauty,Perfume,60,0.09886045819253832,3,162.2051175253431
2025-10-28,Electronics,Wireless Headphones,65,0.06855647754305041,13,787.0697764761225
2025-10-28,Electronics,Smart Watch,85,0.04287885087005597,6,488.1317860562715
2025-10-28,Electronics,Bluetooth Speaker,48,0.03754668268722389,5,230.98879615506627
2025-10-28,Home,Air Fryer,110,0.08533773596981443,1,100.61284904332041
2025-10-28,Home,Coffee Maker,75,0.052872194814411674,4,284.1383415556765
2025-10-28,Home,LED Lamp,32,0.0814092921236004,3,88.18470795613436
2025-10-28,Fashion,Hoodie,38,0.07171757742013052,12,423.2967846964205
2025-10-28,Fashion,Sneakers,72,0.0849927055510559,3,197.64157560097192
2025-10-28,Fashion,Backpack,45,0.08618177138667846,12,493.4618434511936
2025-10-28,Beauty,Face Serum,28,0.03944504436774048,2,53.791077515406535
2025-10-28,Beauty,Hair Dryer,55,0.07276745802767556,6,305.986738850867
2025-10-28,Beauty,Perfume,60,0.04830770566247259,6,342.6092259615099
2025-10-29,Electronics,Wireless Headphones,65,0.022259841294326774,2,127.10622063173751
2025-10-29,Electronics,Smart Watch,85,0.03341512553040755,3,246.47914298974607
2025-10-29,Electronics,Bluetooth Speaker,48,0.01823978811186453,3,141.3734705118915
2025-10-29,Home,Air Fryer,110,0.05995181532189077,5,517.0265015729601
2025-10-29,Home,Coffee Maker,75,0.041518077303325115,3,215.65843260675186
2025-10-29,Home,LED Lamp,32,0.009603655177735232,7,221.84878124018732
2025-10-29,Fashion,Hoodie,38,0.028930346929852923,5,184.50323408332792
2025-10-29,Fashion,Sneakers,72,0.04190281868261337,7,482.8809793839629
2025-10-29,Fashion,Backpack,45,0.02310468028167019,5,219.8014469366242
2025-10-29,Beauty,Face Serum,28,0.057760010117390126,6,158.29631830027847
2025-10-29,Beauty,Hair Dryer,55,0.016240505689657923,5,270.5338609353441
2025-10-29,Beauty,Perfume,60,0.05409391695254175,7,397.2805548799325
2025-10-30,Electronics,Wireless Headphones,65,0.06358838097428268,7,426.0672866567014
2025-10-30,Electronics,Smart Watch,85,0.044934957160961006,5,405.90264320659156
2025-10-30,Electronics,Bluetooth Speaker,48,0.06570616530862142,5,224.23052032593085
2025-10-30,Home,Air Fryer,110,0.0270258255294846,7,749.1901143422969
2025-10-30,Home,Coffee Maker,75,0.022219090926562893,6,440.00140908304667
2025-10-30,Home,LED Lamp,32,0.02696954490190691,3,93.41092368941693
2025-10-30,Fashion,Hoodie,38,0.06435750235639709,11,391.098564015026
2025-10-30,Fashion,Sneakers,72,0.03876875343515678,8,553.6691980213498
2025-10-30,Fashion,Backpack,45,0.044334943648030145,6,258.0295652150319
2025-10-30,Beauty,Face Serum,28,0.055434680547163044,4,105.79131577871775
2025-10-30,Beauty,Hair Dryer,55,0.05166183564160719,7,365.11019327798124
2025-10-30,Beauty,Perfume,60,0.08550976182256076,2,109.73882858129271
2025-10-31,Electronics,Wireless Headphones,65,0.04858899907399489,1,61.84171506019033
2025-10-31,Electronics,Smart Watch,85,0.040648999676593675,5,407.72417513744773
2025-10-31,Electronics,Bluetooth Speaker,48,0.06304350900799047,6,269.8434694056987
2025-10-31,Home,Air Fryer,110,0.027380199384542506,3,320.964534203101
2025-10-31,Home,Coffee Maker,75,0.09175411332809166,8,544.9475320031449
2025-10-31,Home,LED Lamp,32,0.02316439628601104,7,218.81117523193353
2025-10-31,Fashion,Hoodie,38,0.0860388720872005,5,173.6526143034319
2025-10-31,Fashion,Sneakers,72,0.021271018372449782,3,211.40546003155083
2025-10-31,Fashion,Backpack,45,0.022060973085533894,8,352.0580496892078
2025-10-31,Beauty,Face Serum,28,0.042486809918474755,4,107.24147728913083
2025-10-31,Beauty,Hair Dryer,55,0.003811288812921594,4,219.16151646115725
2025-10-31,Beauty,Perfume,60,0.059331027163911795,8,451.52110696132235
2025-11-01,Electronics,Wireless Headphones,65,0.02569235333044222,6,379.97998220112754
2025-11-01,Electronics,Smart Watch,85,0.02714982228012649,1,82.69226510618924
2025-11-01,Electronics,Bluetooth Speaker,48,0.015561008880232576,8,378.02457258999067
2025-11-01,Home,Air Fryer,110,0.034999154779560615,6,636.90055784549
2025-11-01,Home,Coffee Maker,75,0.06540132079941684,3,210.2847028201312
2025-11-01,Home,LED Lamp,32,0.03741699841746914,13,400.43452865833285
2025-11-01,Fashion,Hoodie,38,0.02217699720258656,6,222.94364463781025
2025-11-01,Fashion,Sneakers,72,0.04627427367058454,14,961.3555321400507
2025-11-01,Fashion,Backpack,45,0.06132818938126745,8,337.9218518227437
2025-11-01,Beauty,Face Serum,28,0.061844986568537645,5,131.34170188040474
2025-11-01,Beauty,Hair Dryer,55,0.035679616610077035,3,159.1128632593373
2025-11-01,Beauty,Perfume,60,0.04304027181083356,9,516.7582532221498
2025-11-02,Electronics,Wireless Headphones,65,0.04967989087081736,7,432.3956496537781
2025-11-02,Electronics,Smart Watch,85,0.0417239648781484,3,244.36038895607214
2025-11-02,Electronics,Bluetooth Speaker,48,0.01143619742674086,8,379.60850018813153
2025-11-02,Home,Air Fryer,110,0.024430042840831664,6,643.8761717250511
2025-11-02,Home,Coffee Maker,75,0.06273860050445823,4,281.17841984866254
2025-11-02,Home,LED Lamp,32,0.07539861905286929,6,177.5234651418491
2025-11-02,Fashion,Hoodie,38,0.06756352379920977,10,354.3258609563003
2025-11-02,Fashion,Sneakers,72,0.07055090411988736,6,401.52200942020863
2025-11-02,Fashion,Backpack,45,0.05033496870500717,12,512.8191168992961
2025-11-02,Beauty,Face Serum,28,0.05402849831769849,6,158.92321228262665
2025-11-02,Beauty,Hair Dryer,55,0.09468719975054196,10,497.9220401372019
2025-11-02,Beauty,Perfume,60,0.039464673010366644,14,806.8496746712921
2025-11-03,Electronics,Wireless Headphones,65,0.05773287230244073,7,428.7315431023895
2025-11-03,Electronics,Smart Watch,85,0.06903277473348851,3,237.39664244296046
2025-11-03,Electronics,Bluetooth Speaker,48,0.090990920501542,11,479.9567939751858
2025-11-03,Home,Air Fryer,110,0.010730264531127777,4,435.2786836063038
2025-11-03,Home,Coffee Maker,75,0.030346439186410164,3,218.17205118305773
2025-11-03,Home,LED Lamp,32,0.05722522180718256,5,150.84396451085078
2025-11-03,Fashion,Hoodie,38,0.05317500887870917,8,287.8347973008724
2025-11-03,Fashion,Sneakers,72,0.08375314994799143,7,461.7884124262123
2025-11-03,Fashion,Backpack,45,0.05462343869962637,9,382.8775073266513
2025-11-03,Beauty,Face Serum,28,0.028646665844069566,5,135.98946678183026
2025-11-03,Beauty,Hair Dryer,55,0.051503507118669,5,260.836535542366
2025-11-03,Beauty,Perfume,60,0.03854257454604452,4,230.74978210894932
2025-11-04,Electronics,Wireless Headphones,65,0.05846526522576707,8,489.5980620826011
2025-11-04,Electronics,Smart Watch,85,0.06059536711355043,3,239.54818138604466
2025-11-04,Electronics,Bluetooth Speaker,48,0.08121705685360234,8,352.8126501682167
2025-11-04,Home,Air Fryer,110,0.042619259641047944,7,737.183170076393
2025-11-04,Home,Coffee Maker,75,0.07817582344406258,3,207.41043972508592
2025-11-04,Home,LED Lamp,32,0.06749978959643851,5,149.20003366456984
2025-11-04,Fashion,Hoodie,38,0.0,13,494.0
2025-11-04,Fashion,Sneakers,72,0.018965048063461977,7,494.44161577601517
2025-11-04,Fashion,Backpack,45,0.055187980197541356,6,255.09924534666385
2025-11-04,Beauty,Face Serum,28,0.056864563013884796,0,0.0
2025-11-04,Beauty,Hair Dryer,55,0.05565523056638651,7,363.5727362319412
2025-11-04,Beauty,Perfume,60,0.009757655609557853,4,237.6581626537061
2025-11-05,Electronics,Wireless Headphones,65,0.05027844564836153,5,308.6595051642825
2025-11-05,Electronics,Smart Watch,85,0.03803363352729264,3,245.3014234505404
2025-11-05,Electronics,Bluetooth Speaker,48,0.07243173945016591,8,356.1862120511363
2025-11-05,Home,Air Fryer,110,0.015864567499548003,7,757.784283025348
2025-11-05,Home,Coffee Maker,75,0.09128296987114855,2,136.3075545193277
2025-11-05,Home,LED Lamp,32,0.0684854957699037,6,178.8507848121785
2025-11-05,Fashion,Hoodie,38,0.05400794709878648,11,395.4246781127073
2025-11-05,Fashion,Sneakers,72,0.07167535741202799,5,334.1968713316699
2025-11-05,Fashion,Backpack,45,0.06466247511431805,9,378.81169757870117
2025-11-05,Beauty,Face Serum,28,0.02974711023447152,10,271.67080913434796
2025-11-05,Beauty,Hair Dryer,55,0.019616653748424435,1,53.92108404383666
2025-11-05,Beauty,Perfume,60,0.06409760594982553,3,168.4624309290314
2025-11-06,Electronics,Wireless Headphones,65,0.037372011863703605,5,312.8540961442963
2025-11-06,Electronics,Smart Watch,85,0.016928063352240494,11,919.1722607656551
2025-11-06,Electronics,Bluetooth Speaker,48,0.0017717368348942886,6,287.48973979155045
2025-11-06,Home,Air Fryer,110,0.035591689410953524,3,318.25474249438537
2025-11-06,Home,Coffee Maker,75,0.05247192303565605,4,284.25842308930316
2025-11-06,Home,LED Lamp,32,0.01820578903703885,7,219.92190325570328
2025-11-06,Fashion,Hoodie,38,0.07108143111143367,13,458.8857730309518
2025-11-06,Fashion,Sneakers,72,0.061472914282763094,6,405.44370102984635
2025-11-06,Fashion,Backpack,45,0.05095946358879006,6,256.2409448310267
2025-11-06,Beauty,Face Serum,28,0.029878130274672857,6,162.98047411385494
2025-11-06,Beauty,Hair Dryer,55,0.03389533170692215,3,159.40727026835785
2025-11-06,Beauty,Perfume,60,0.030216334778248834,6,349.1221194798304
2025-11-07,Electronics,Wireless Headphones,65,0.0012662622820261565,7,454.4238506616781
2025-11-07,Electronics,Smart Watch,85,0.07216527873537343,7,552.0616591524528
2025-11-07,Electronics,Bluetooth Speaker,48,0.03740472242272998,9,415.84115991338064
2025-11-07,Home,Air Fryer,110,0.03971823246723107,5,528.154972143023
2025-11-07,Home,Coffee Maker,75,0.07200602120640055,6,417.59729045711975
2025-11-07,Home,LED Lamp,32,0.06185117916195567,2,60.041524533634835
2025-11-07,Fashion,Hoodie,38,0.03955405792526833,5,182.484728994199
2025-11-07,Fashion,Sneakers,72,0.06374861071221365,6,404.4606001723237
2025-11-07,Fashion,Backpack,45,0.04126178415110839,10,431.43219713200125
2025-11-07,Beauty,Face Serum,28,0.05200554291498933,8,212.3507583870424
2025-11-07,Beauty,Hair Dryer,55,0.003859688534794438,8,438.3017370446904
2025-11-07,Beauty,Perfume,60,0.06907569814647999,5,279.277290556056
2025-11-08,Electronics,Wireless Headphones,65,0.07099886806774637,6,362.3104414535789
2025-11-08,Electronics,Smart Watch,85,0.011798354753432556,4,335.9885593838329
2025-11-08,Electronics,Bluetooth Speaker,48,0.04435572945556316,7,321.09647490293077
2025-11-08,Home,Air Fryer,110,0.07039956981381863,8,818.0483785638396
2025-11-08,Home,Coffee Maker,75,0.034214580605099326,2,144.8678129092351
2025-11-08,Home,LED Lamp,32,0.07019220761029021,5,148.76924678235358
2025-11-08,Fashion,Hoodie,38,0.023561861095948763,13,482.36044061860133
2025-11-08,Fashion,Sneakers,72,0.07994103823421762,6,397.465471482818
2025-11-08,Fashion,Backpack,45,0.013369119053716884,11,488.38228606841017
2025-11-08,Beauty,Face Serum,28,0.032793635324175514,11,297.8995603201539
2025-11-08,Beauty,Hair Dryer,55,0.07042816521819849,6,306.7587054779945
2025-11-08,Beauty,Perfume,60,0.05249179732610341,4,227.40196864173518
2025-11-09,Electronics,Wireless Headphones,65,0.030161935379730193,8,504.3157936025403
2025-11-09,Electronics,Smart Watch,85,0.04293467652597212,4,325.40220998116945
2025-11-09,Electronics,Bluetooth Speaker,48,0.03288774694370623,12,557.0566577604252
2025-11-09,Home,Air Fryer,110,0.0685697898256819,5,512.286615595875
2025-11-09,Home,Coffee Maker,75,0.025922026908024337,4,292.2233919275927
2025-11-09,Home,LED Lamp,32,0.035338937751452006,8,246.95323193562828
2025-11-09,Fashion,Hoodie,38,0.03560126621876514,8,293.1772150694954
2025-11-09,Fashion,Sneakers,72,0.041570978733316256,3,207.0206685936037
2025-11-09,Fashion,Backpack,45,0.036762589317077245,8,346.7654678458522
2025-11-09,Beauty,Face Serum,28,0.06233369606793552,3,78.76396953029342
2025-11-09,Beauty,Hair Dryer,55,0.08010224917681785,7,354.1606340669251
2025-11-09,Beauty,Perfume,60,0.05167589347725691,8,455.1955711309167
2025-11-10,Electronics,Wireless Headphones,65,0.07377502001241304,8,481.63698959354525
2025-11-10,Electronics,Smart Watch,85,0.022059096062990877,6,498.7498610078747
2025-11-10,Electronics,Bluetooth Speaker,48,0.05482884619475484,6,272.2092922959106
2025-11-10,Home,Air Fryer,110,0.07521235599931758,5,508.6332042003753
2025-11-10,Home,Coffee Maker,75,0.059893309990545145,5,352.5400087535456
2025-11-10,Home,LED Lamp,32,0.028672676263376384,6,186.4948461574317
2025-11-10,Fashion,Hoodie,38,0.013830413670462435,9,337.26999852470186
2025-11-10,Fashion,Sneakers,72,0.09416410282393409,4,260.880738386707
2025-11-10,Fashion,Backpack,45,0.02410977313747374,9,395.23554187932314
2025-11-10,Beauty,Face Serum,28,0.05560533395334777,7,185.10135454514383
2025-11-10,Beauty,Hair Dryer,55,0.027590203879727774,4,213.9301551464599
2025-11-10,Beauty,Perfume,60,0.04456746868434758,7,401.281663152574
2025-11-11,Electronics,Wireless Headphones,65,0.08920672351574482,9,532.8140667432893
2025-11-11,Electronics,Smart Watch,85,0.07976516927239535,1,78.2199606118464
2025-11-11,Electronics,Bluetooth Speaker,48,0.055767446403171606,3,135.96948771794328
2025-11-11,Home,Air Fryer,110,0.06515521849089766,7,719.8304817620088
2025-11-11,Home,Coffee Maker,75,0.028417725141451147,4,291.47468245756465
2025-11-11,Home,LED Lamp,32,0.0636228893595244,7,209.74847278346653
2025-11-11,Fashion,Hoodie,38,0.04458422795236226,6,217.8347960268614
2025-11-11,Fashion,Sneakers,72,0.035453085132256056,4,277.78951148191027
2025-11-11,Fashion,Backpack,45,0.04213911661157634,5,215.51869876239533
2025-11-11,Beauty,Face Serum,28,0.0366498898718287,10,269.73803083588797
2025-11-11,Beauty,Hair Dryer,55,0.03796427315595676,6,317.4717898585343
2025-11-11,Beauty,Perfume,60,0.05079791690418905,6,341.71274991449195
2025-11-12,Electronics,Wireless Headphones,65,0.03676660405921189,6,375.66102441690737
2025-11-12,Electronics,Smart Watch,85,0.07664127678011229,10,784.8549147369046
2025-11-12,Electronics,Bluetooth Speaker,48,0.037157482321790086,4,184.86576339421632
2025-11-12,Home,Air Fryer,110,0.04716110526002305,7,733.6859489497823
2025-11-12,Home,Coffee Maker,75,0.08199618211741458,4,275.40114536477563
2025-11-12,Home,LED Lamp,32,0.02849607969638332,4,124.35250179886293
2025-11-12,Fashion,Hoodie,38,0.017477646658206322,7,261.35094598891715
2025-11-12,Fashion,Sneakers,72,0.041507493195856206,4,276.0458419595934
2025-11-12,Fashion,Backpack,45,0.028516469819047152,5,218.58379429071437
2025-11-12,Beauty,Face Serum,28,0.05683382257820219,3,79.22595890343102
2025-11-12,Beauty,Hair Dryer,55,0.04762228355387802,2,104.76154880907342
2025-11-12,Beauty,Perfume,60,0.09506291876559457,2,108.59244974812864
2025-11-13,Electronics,Wireless Headphones,65,0.07335227547463719,5,301.1605104707429
2025-11-13,Electronics,Smart Watch,85,0.04067745975366449,2,163.08483184187702
2025-11-13,Electronics,Bluetooth Speaker,48,0.08210475474015004,8,352.4717741797824
2025-11-13,Home,Air Fryer,110,0.08063919980240514,4,404.51875208694173
2025-11-13,Home,Coffee Maker,75,0.025492634851555975,10,730.880523861333
2025-11-13,Home,LED Lamp,32,0.04522463337107328,5,152.76405866062828
2025-11-13,Fashion,Hoodie,38,0.032764662082692686,4,147.01977136343072
2025-11-13,Fashion,Sneakers,72,0.0,4,288.0
2025-11-13,Fashion,Backpack,45,0.024709448968977307,4,175.55229918558408
2025-11-13,Beauty,Face Serum,28,0.01293741181559336,11,304.0152771607972
2025-11-13,Beauty,Hair Dryer,55,0.029785373420028433,4,213.44721784759375
2025-11-13,Beauty,Perfume,60,0.02983078729570042,7,407.4710693358058
2025-11-14,Electronics,Wireless Headphones,65,0.03949317746469154,7,437.03060425356534
2025-11-14,Electronics,Smart Watch,85,0.04447560966523295,5,406.097865892276
2025-11-14,Electronics,Bluetooth Speaker,48,0.09567360317180831,8,347.2613363820256
2025-11-14,Home,Air Fryer,110,0.03836458668286891,2,211.55979092976884
2025-11-14,Home,Coffee Maker,75,0.04265166617897019,5,359.00562518288615
2025-11-14,Home,LED Lamp,32,0.09111692193925391,3,87.25277549383162
2025-11-14,Fashion,Hoodie,38,0.03892745249175261,4,146.0830272212536
2025-11-14,Fashion,Sneakers,72,0.0422112158555104,2,137.92158491680652
2025-11-14,Fashion,Backpack,45,0.04409505285281149,4,172.06289048649393
2025-11-14,Beauty,Face Serum,28,0.011026265949513857,5,138.45632276706806
2025-11-14,Beauty,Hair Dryer,55,0.06148462095420196,7,361.32842093263224
2025-11-14,Beauty,Perfume,60,0.04664725837221968,4,228.80465799066727
2025-11-15,Electronics,Wireless Headphones,65,0.008225045422037176,6,386.7922322854055
2025-11-15,Electronics,Smart Watch,85,0.035374550488465065,4,327.97265283392187
2025-11-15,Electronics,Bluetooth Speaker,48,0.04442891207320055,3,137.60223666145913
2025-11-15,Home,Air Fryer,110,0.04231535051742333,4,421.3812457723337
2025-11-15,Home,Coffee Maker,75,0.046961306230631696,4,285.9116081308105
2025-11-15,Home,LED Lamp,32,0.046557543670716746,6,183.0609516152224
2025-11-15,Fashion,Hoodie,38,0.07484656081729837,8,281.2466455115413
2025-11-15,Fashion,Sneakers,72,0.02366877743912102,10,702.9584802438329
2025-11-15,Fashion,Backpack,45,0.08916957210521137,11,450.86106180792035
2025-11-15,Beauty,Face Serum,28,0.04660288197291897,8,213.56095443806615
2025-11-15,Beauty,Hair Dryer,55,0.06622045378306779,7,359.5051252935189
2025-11-15,Beauty,Perfume,60,0.03976374197456939,9,518.5275793337325
2025-11-16,Electronics,Wireless Headphones,65,0.003990320439948555,11,712.1469208854368
2025-11-16,Electronics,Smart Watch,85,0.07166163751268557,4,315.6350432456869
2025-11-16,Electronics,Bluetooth Speaker,48,0.040116499270860105,4,184.29763213999485
2025-11-16,Home,Air Fryer,110,0.025346795958494525,7,750.4829671119592
2025-11-16,Home,Coffee Maker,75,0.05888568286614236,5,352.9178689251966
2025-11-16,Home,LED Lamp,32,0.04237146005198841,8,245.15290622669096
2025-11-16,Fashion,Hoodie,38,0.07443533341259373,6,211.0287439819286
2025-11-16,Fashion,Sneakers,72,0.02871291757540403,4,279.73067973828364
2025-11-16,Fashion,Backpack,45,0.013693867062675412,14,621.3728637505145
2025-11-16,Beauty,Face Serum,28,0.04609802361229406,6,160.25553203313459
2025-11-16,Beauty,Hair Dryer,55,0.0669602207319576,3,153.95156357922698
2025-11-16,Beauty,Perfume,60,0.06688804362649178,9,503.88045644169443
2025-11-17,Electronics,Wireless Headphones,65,0.10354952255422127,6,349.6156862038537
2025-11-17,Electronics,Smart Watch,85,0.04661337198934374,7,567.2650436663405
2025-11-17,Electronics,Bluetooth Speaker,48,0.01592444694453616,8,377.8850123732981
2025-11-17,Home,Air Fryer,110,0.05595559647865836,11,1142.2937282608234
2025-11-17,Home,Coffee Maker,75,0.08461761807347393,3,205.96103593346837
2025-11-17,Home,LED Lamp,32,0.06288583900990813,7,209.9135720617806
2025-11-17,Fashion,Hoodie,38,0.07136022054090156,7,247.0181813361202
2025-11-17,Fashion,Sneakers,72,0.027084382912663765,6,420.29954658172926
2025-11-17,Fashion,Backpack,45,0.07032715173276753,6,251.01166903215278
2025-11-17,Beauty,Face Serum,28,0.060012497631867175,7,184.23755046415403
2025-11-17,Beauty,Hair Dryer,55,0.03160752623852997,3,159.78475817064253
2025-11-17,Beauty,Perfume,60,0.04553421308273721,8,458.14357772028615
2025-11-18,Electronics,Wireless Headphones,65,0.009966105382886073,7,450.4654220507868
2025-11-18,Electronics,Smart Watch,85,0.0663649366510616,6,476.1538823079586
2025-11-18,Electronics,Bluetooth Speaker,48,0.055654619971574094,6,271.97146944818667
2025-11-18,Home,Air Fryer,110,0.028932666541003575,2,213.63481336097922
2025-11-18,Home,Coffee Maker,75,0.10137235827061902,1,67.39707312970357
2025-11-18,Home,LED Lamp,32,0.03588461043299208,5,154.25846233072127
2025-11-18,Fashion,Hoodie,38,0.04301050851607857,9,327.29040608750114
2025-11-18,Fashion,Sneakers,72,0.066980713465803,5,335.8869431523109
2025-11-18,Fashion,Backpack,45,0.04585939448635615,6,257.61796348868387
2025-11-18,Beauty,Face Serum,28,0.0849606462804536,4,102.4844076165892
2025-11-18,Beauty,Hair Dryer,55,0.0378321929216413,5,264.59614694654863
2025-11-18,Beauty,Perfume,60,0.034394754117054574,5,289.68157376488364
2025-11-19,Electronics,Wireless Headphones,65,0.04820176167707127,8,494.93508392792296
2025-11-19,Electronics,Smart Watch,85,0.018935334097499847,1,83.39049660171251
2025-11-19,Electronics,Bluetooth Speaker,48,0.07414928856657324,4,177.76333659521794
2025-11-19,Home,Air Fryer,110,0.04459080248784325,5,525.4750586316862
2025-11-19,Home,Coffee Maker,75,0.039055241237598334,8,576.566855257441
2025-11-19,Home,LED Lamp,32,0.0926930379912498,6,174.20293670568003
2025-11-19,Fashion,Hoodie,38,0.0999080387921295,7,239.42446168129356
2025-11-19,Fashion,Sneakers,72,0.07504506734012681,12,799.1610618181304
2025-11-19,Fashion,Backpack,45,0.01911874141481472,9,397.25690972700005
2025-11-19,Beauty,Face Serum,28,0.03190956215690169,6,162.6391935576405
2025-11-19,Beauty,Hair Dryer,55,0.01700048045179251,3,162.19492072545424
2025-11-19,Beauty,Perfume,60,0.045345031767521,6,343.67578856369244
2025-11-20,Electronics,Wireless Headphones,65,0.0594299335833958,8,489.0964345366342
2025-11-20,Electronics,Smart Watch,85,0.05467905641818954,8,642.8182416356311
2025-11-20,Electronics,Bluetooth Speaker,48,0.1364926921233552,4,165.7934031123158
2025-11-20,Home,Air Fryer,110,0.11955451923775957,7,677.9430201869251
2025-11-20,Home,Coffee Maker,75,0.04715258664827894,5,357.3177800068954
2025-11-20,Home,LED Lamp,32,0.0869869900665372,8,233.73133054296648
2025-11-20,Fashion,Hoodie,38,0.07881090153009673,16,560.0829718697012
2025-11-20,Fashion,Sneakers,72,0.0830471281277711,4,264.08242709920194
2025-11-20,Fashion,Backpack,45,0.02843700182408572,9,393.4830142612453
2025-11-20,Beauty,Face Serum,28,0.08503914792289097,5,128.09451929079526
2025-11-20,Beauty,Hair Dryer,55,0.0805633174691709,4,202.2760701567824
2025-11-20,Beauty,Perfume,60,0.13019902368243985,8,417.5044686324289
2025-11-21,Electronics,Wireless Headphones,65,0.07480869968525464,5,300.68717260229226
2025-11-21,Electronics,Smart Watch,85,0.06878257424444367,7,554.074368324556
2025-11-21,Electronics,Bluetooth Speaker,48,0.05805164982819257,5,226.06760404123378
2025-11-21,Home,Air Fryer,110,0.0751638457273731,8,813.8558157599117
2025-11-21,Home,Coffee Maker,75,0.08607911146670964,6,411.2643998399806
2025-11-21,Home,LED Lamp,32,0.09021585498794091,8,232.90474112308712
2025-11-21,Fashion,Hoodie,38,0.0563556208860819,9,322.72637765696
2025-11-21,Fashion,Sneakers,72,0.04939705115422645,10,684.434123168957
2025-11-21,Fashion,Backpack,45,0.03787506861116777,15,649.4343286874617
2025-11-21,Beauty,Face Serum,28,0.10107450511923424,4,100.67965542664577
2025-11-21,Beauty,Hair Dryer,55,0.09585278538850107,12,596.7371616435893
2025-11-21,Beauty,Perfume,60,0.07510608770802678,6,332.96180842511035
2025-11-22,Electronics,Wireless Headphones,65,0.0843037724213183,11,654.7228027187574
2025-11-22,Electronics,Smart Watch,85,0.06505534444851924,10,794.7029572187587
2025-11-22,Electronics,Bluetooth Speaker,48,0.036065907985557755,4,185.0753456667729
2025-11-22,Home,Air Fryer,110,0.12330726379049957,8,771.4896078643603
2025-11-22,Home,Coffee Maker,75,0.043149635379035656,11,789.4015508122956
2025-11-22,Home,LED Lamp,32,0.07480263126301336,9,266.4568421962522
2025-11-22,Fashion,Hoodie,38,0.0910791235418116,10,345.3899330541116
2025-11-22,Fashion,Sneakers,72,0.07261088854194277,8,534.176128199841
2025-11-22,Fashion,Backpack,45,0.07157587650748277,14,584.9071978002859
2025-11-22,Beauty,Face Serum,28,0.06015402376219138,10,263.1568733465864
2025-11-22,Beauty,Hair Dryer,55,0.0846932673205219,5,251.7093514868565
2025-11-22,Beauty,Perfume,60,0.06959718075590271,10,558.2416915464584
2025-11-23,Electronics,Wireless Headphones,65,0.0865818455659691,7,415.6052602674841
2025-11-23,Electronics,Smart Watch,85,0.06405513697890475,11,875.108446924724
2025-11-23,Electronics,Bluetooth Speaker,48,0.05480462366501536,8,362.9550245126341
2025-11-23,Home,Air Fryer,110,0.10275069412768661,7,690.8819655216813
2025-11-23,Home,Coffee Maker,75,0.059972570600211536,4,282.00822881993656
2025-11-23,Home,LED Lamp,32,0.04819456177129193,7,213.20441816323063
2025-11-23,Fashion,Hoodie,38,0.09438695665440594,10,344.1329564713257
2025-11-23,Fashion,Sneakers,72,0.12875141924757788,8,501.83918251339514
2025-11-23,Fashion,Backpack,45,0.11060900202798576,2,80.04518981748129
2025-11-23,Beauty,Face Serum,28,0.1005485543817087,7,176.2924833411851
2025-11-23,Beauty,Hair Dryer,55,0.08827520100872985,5,250.7243197225993
2025-11-23,Beauty,Perfume,60,0.064639688684761,3,168.36485603674302
2025-11-24,Electronics,Wireless Headphones,65,0.05518391918691616,9,552.7174072756541
2025-11-24,Electronics,Smart Watch,85,0.06847107097791882,7,554.2597127681383
2025-11-24,Electronics,Bluetooth Speaker,48,0.09367141633030836,9,391.5339481453068
2025-11-24,Home,Air Fryer,110,0.06438096438420239,7,720.4266574241642
2025-11-24,Home,Coffee Maker,75,0.05728891921638163,9,636.3299795289423
2025-11-24,Home,LED Lamp,32,0.09633547649306592,12,347.0071770266627
2025-11-24,Fashion,Hoodie,38,0.03688045863751125,11,402.5839682895203
2025-11-24,Fashion,Sneakers,72,0.04000386473121946,8,552.9577739148176
2025-11-24,Fashion,Backpack,45,0.0703137034100659,9,376.5229501189233
2025-11-24,Beauty,Face Serum,28,0.06364384999259076,11,288.397694202282
2025-11-24,Beauty,Hair Dryer,55,0.06895308889187447,8,409.66064088757525
2025-11-24,Beauty,Perfume,60,0.08597927336474442,3,164.523730794346
2025-11-25,Electronics,Wireless Headphones,65,0.04509289411266556,10,620.6896188267674
2025-11-25,Electronics,Smart Watch,85,0.11099093488113822,6,453.3946232106195
2025-11-25,Electronics,Bluetooth Speaker,48,0.09460320765953587,10,434.59046032342275
2025-11-25,Home,Air Fryer,110,0.1210224656054392,4,386.75011513360676
2025-11-25,Home,Coffee Maker,75,0.10409591242296193,10,671.9280656827785
2025-11-25,Home,LED Lamp,32,0.05268451982547322,7,212.19866755909402
2025-11-25,Fashion,Hoodie,38,0.12811398722813566,6,198.7900109119851
2025-11-25,Fashion,Sneakers,72,0.06892013417125284,9,603.3397530570281
2025-11-25,Fashion,Backpack,45,0.05265174280798608,9,383.6760441627656
2025-11-25,Beauty,Face Serum,28,0.06936622180707555,5,130.28872894700942
2025-11-25,Beauty,Hair Dryer,55,0.02233019266590011,6,322.631036420253
2025-11-25,Beauty,Perfume,60,0.06474880127101595,7,392.80550346617326
2025-11-26,Electronics,Wireless Headphones,65,0.05864575438200438,10,611.8802596516972
2025-11-26,Electronics,Smart Watch,85,0.07870077610272329,4,313.24173612507406
2025-11-26,Electronics,Bluetooth Speaker,48,0.10710461337896883,6,257.153871346857
2025-11-26,Home,Air Fryer,110,0.09388662760515099,7,697.7072967440338
2025-11-26,Home,Coffee Maker,75,0.07388281541166544,11,764.0466772853761
2025-11-26,Home,LED Lamp,32,0.06173900624986567,3,90.07305540001289
2025-11-26,Fashion,Hoodie,38,0.03469126257865836,7,256.7721241540769
2025-11-26,Fashion,Sneakers,72,0.07906262372573396,4,265.2299643669886
2025-11-26,Fashion,Backpack,45,0.05957463606519779,12,507.82969652479323
2025-11-26,Beauty,Face Serum,28,0.11886809095878405,6,148.0301607189243
2025-11-26,Beauty,Hair Dryer,55,0.10946168239458931,2,97.95921493659517
2025-11-26,Beauty,Perfume,60,0.08207789813796615,4,220.3013044468881
2025-11-27,Electronics,Wireless Headphones,65,0.1218012745554675,12,684.9950058467354
2025-11-27,Electronics,Smart Watch,85,0.07679759572687658,9,706.2498392689394
2025-11-27,Electronics,Bluetooth Speaker,48,0.10148461989833307,4,172.51495297952005
2025-11-27,Home,Air Fryer,110,0.04768062760193974,8,838.041047710293
2025-11-27,Home,Coffee Maker,75,0.1233144489198978,6,394.508497986046
2025-11-27,Home,LED Lamp,32,0.10460061774962089,8,229.22224185609704
2025-11-27,Fashion,Hoodie,38,0.05325144342403411,11,395.74089664875373
2025-11-27,Fashion,Sneakers,72,0.08027299868453847,9,595.9830968524191
2025-11-27,Fashion,Backpack,45,0.0396989040603513,8,345.7083945382735
2025-11-27,Beauty,Face Serum,28,0.06727018965554243,3,78.34930406893443
2025-11-27,Beauty,Hair Dryer,55,0.0420526005592913,6,316.1226418154339
2025-11-27,Beauty,Perfume,60,0.03717432393550491,13,751.0040273303061
2025-11-28,Electronics,Wireless Headphones,65,0.14304530408252755,9,501.31849711172134
2025-11-28,Electronics,Smart Watch,85,0.055837553186785835,9,722.2842718121088
2025-11-28,Electronics,Bluetooth Speaker,48,0.089923535114636,5,218.41835157248735
2025-11-28,Home,Air Fryer,110,0.08662373007684021,7,703.299727840833
2025-11-28,Home,Coffee Maker,75,0.11907308132735592,8,528.5561512035864
2025-11-28,Home,LED Lamp,32,0.04475723265547606,9,275.1099169952229
2025-11-28,Fashion,Hoodie,38,0.06980476797280454,14,494.863863438468
2025-11-28,Fashion,Sneakers,72,0.09134613356311981,9,588.8077054510984
2025-11-28,Fashion,Backpack,45,0.04740246364902651,13,557.2695587653195
2025-11-28,Beauty,Face Serum,28,0.07495459042780522,11,284.91398614823595
2025-11-28,Beauty,Hair Dryer,55,0.12841783952168428,4,191.74807530522946
2025-11-28,Beauty,Perfume,60,0.08432592208075029,5,274.7022233757749
2025-11-29,Electronics,Wireless Headphones,65,0.06762989133502724,14,848.4567988851252
2025-11-29,Electronics,Smart Watch,85,0.04613315790668038,5,405.39340788966086
2025-11-29,Electronics,Bluetooth Speaker,48,0.06278660427851286,7,314.9037009624197
2025-11-29,Home,Air Fryer,110,0.08904414624207063,6,601.2308634802334
2025-11-29,Home,Coffee Maker,75,0.06854420248779791,8,558.8734785073212
2025-11-29,Home,LED Lamp,32,0.1023167661010359,6,172.3551809086011
2025-11-29,Fashion,Hoodie,38,0.08238191566306702,19,662.5202568912656
2025-11-29,Fashion,Sneakers,72,0.08460486683993201,10,659.084495875249
2025-11-29,Fashion,Backpack,45,0.13788234839658758,8,310.3623545772285
2025-11-29,Beauty,Face Serum,28,0.07842941265063559,5,129.019882228911
2025-11-29,Beauty,Hair Dryer,55,0.10030125302493388,4,197.93372433451455
2025-11-29,Beauty,Perfume,60,0.06590379299486716,6,336.2746345218478
2025-11-30,Electronics,Wireless Headphones,65,0.10582810179768988,8,464.96938706520126
2025-11-30,Electronics,Smart Watch,85,0.0911673656546223,5,386.2538695967855
2025-11-30,Electronics,Bluetooth Speaker,48,0.09624530069232412,6,260.28135340061067
2025-11-30,Home,Air Fryer,110,0.06550946432629975,7,719.5577124687492
2025-11-30,Home,Coffee Maker,75,0.10708212809240938,7,468.7818827514851
2025-11-30,Home,LED Lamp,32,0.06557744391345827,11,328.9167397424627
2025-11-30,Fashion,Hoodie,38,0.1150039443946031,10,336.2985011300508
2025-11-30,Fashion,Sneakers,72,0.040921604369429584,9,621.4828003686097
2025-11-30,Fashion,Backpack,45,0.1277100771951253,12,471.0365583146324
2025-11-30,Beauty,Face Serum,28,0.0862206933074822,13,332.61566763607647
2025-11-30,Beauty,Hair Dryer,55,0.015078383872413142,9,487.5361999831555
2025-11-30,Beauty,Perfume,60,0.12545434141923142,6,314.8364370890767
2025-12-01,Electronics,Wireless Headphones,65,0.09824174541466525,10,586.1428654804675
2025-12-01,Electronics,Smart Watch,85,0.06720475895689884,5,396.437977443318
2025-12-01,Electronics,Bluetooth Speaker,48,0.08813660470819785,12,525.233315688078
2025-12-01,Home,Air Fryer,110,0.04436080131385621,8,840.9624948438066
2025-12-01,Home,Coffee Maker,75,0.07184957714386107,7,487.2789719994729
2025-12-01,Home,LED Lamp,32,0.07021507762488507,0,0.0
2025-12-01,Fashion,Hoodie,38,0.09047344733205326,12,414.74410801658377
2025-12-01,Fashion,Sneakers,72,0.12295268166846293,6,378.884441519224
2025-12-01,Fashion,Backpack,45,0.07467217666689799,8,333.1180163999167
2025-12-01,Beauty,Face Serum,28,0.12479975105882356,5,122.5280348517647
2025-12-01,Beauty,Hair Dryer,55,0.10538303909907709,6,295.22359709730455
2025-12-01,Beauty,Perfume,60,0.05420869910452249,8,453.9798244298292
2025-12-02,Electronics,Wireless Headphones,65,0.060340550969368696,14,855.0900986178744
2025-12-02,Electronics,Smart Watch,85,0.05405909811497218,9,723.6447899420463
2025-12-02,Electronics,Bluetooth Speaker,48,0.09100925733048754,8,349.0524451850928
2025-12-02,Home,Air Fryer,110,0.10367301113524205,8,788.7677502009869
2025-12-02,Home,Coffee Maker,75,0.062224550993810426,5,351.6657933773211
2025-12-02,Home,LED Lamp,32,0.09872011592179333,6,173.04573774301568
2025-12-02,Fashion,Hoodie,38,0.0587411649592822,11,393.4461930470201
2025-12-02,Fashion,Sneakers,72,0.04108945826843891,4,276.1662360186896
2025-12-02,Fashion,Backpack,45,0.11172774899340654,13,519.6392668388572
2025-12-02,Beauty,Face Serum,28,0.01116606916121414,7,193.81145044440203
2025-12-02,Beauty,Hair Dryer,55,0.12989886394608383,2,95.71112496593078
2025-12-02,Beauty,Perfume,60,0.0940400313378216,8,434.8607849578456
2025-12-03,Electronics,Wireless Headphones,65,0.08308394842487375,11,655.5949768762152
2025-12-03,Electronics,Smart Watch,85,0.0771821313285572,7,549.0766318595084
2025-12-03,Electronics,Bluetooth Speaker,48,0.04492469130245415,12,550.1233778097865
2025-12-03,Home,Air Fryer,110,0.08454194999765419,5,503.5019275012902
2025-12-03,Home,Coffee Maker,75,0.111871997587348,2,133.2192003618978
2025-12-03,Home,LED Lamp,32,0.06967987413276096,6,178.6214641665099
2025-12-03,Fashion,Hoodie,38,0.10124927982139759,19,648.898019968951
2025-12-03,Fashion,Sneakers,72,0.09769737516194842,7,454.760522918378
2025-12-03,Fashion,Backpack,45,0.10384515536695785,10,403.269680084869
2025-12-03,Beauty,Face Serum,28,0.1267242437952787,12,293.42065408478635
2025-12-03,Beauty,Hair Dryer,55,0.06589180084960593,8,411.0076076261734
2025-12-03,Beauty,Perfume,60,0.12726861882861212,3,157.09164861084983
2025-12-04,Electronics,Wireless Headphones,65,0.07543784156862679,8,480.77232238431407
2025-12-04,Electronics,Smart Watch,85,0.09330256234715895,6,462.41569320294894
2025-12-04,Electronics,Bluetooth Speaker,48,0.058339969114547724,7,316.39777037751196
2025-12-04,Home,Air Fryer,110,0.07817607076361927,10,1014.0063221600188
2025-12-04,Home,Coffee Maker,75,0.05368311090897861,7,496.81636677278624
2025-12-04,Home,LED Lamp,32,0.08688081055862244,4,116.87925624849633
2025-12-04,Fashion,Hoodie,38,0.08370310974394023,15,522.2892274459541
2025-12-04,Fashion,Sneakers,72,0.06395137009867584,6,404.3730081173721
2025-12-04,Fashion,Backpack,45,0.04928722896071639,8,342.2565975741421
2025-12-04,Beauty,Face Serum,28,0.07018890991832023,3,78.1041315668611
2025-12-04,Beauty,Hair Dryer,55,0.06691704997834794,4,205.27824900476347
2025-12-04,Beauty,Perfume,60,0.11390110714265961,4,212.66373428576168
2025-12-05,Electronics,Wireless Headphones,65,0.06840669582051499,15,908.303471574998
2025-12-05,Electronics,Smart Watch,85,0.10177492570610257,8,610.7930505198502
2025-12-05,Electronics,Bluetooth Speaker,48,0.09098267904282645,8,349.06265124755464
2025-12-05,Home,Air Fryer,110,0.08280232651036575,4,403.56697633543905
2025-12-05,Home,Coffee Maker,75,0.014623863866197795,13,960.7417327304572
2025-12-05,Home,LED Lamp,32,0.08047224652119725,4,117.69955244528676
2025-12-05,Fashion,Hoodie,38,0.07491124888832625,13,456.99384304916686
2025-12-05,Fashion,Sneakers,72,0.1275636530562053,4,251.26166791981288
2025-12-05,Fashion,Backpack,45,0.07408921344460152,10,416.6598539499293
2025-12-05,Beauty,Face Serum,28,0.04993508831591426,11,292.6199927986984
2025-12-05,Beauty,Hair Dryer,55,0.014894849449786418,4,216.72313312104697
2025-12-05,Beauty,Perfume,60,0.09195002150957049,11,599.3129858036834
2025-12-06,Electronics,Wireless Headphones,65,0.09265675549225552,12,707.7277307160407
2025-12-06,Electronics,Smart Watch,85,0.06504853784880733,6,476.82524569710824
2025-12-06,Electronics,Bluetooth Speaker,48,0.07011651273920193,6,267.80644433110984
2025-12-06,Home,Air Fryer,110,0.10241782685119406,7,691.1382733245806
2025-12-06,Home,Coffee Maker,75,0.0787488616498665,2,138.18767075252003
2025-12-06,Home,LED Lamp,32,0.07552834445948135,10,295.830929772966
2025-12-06,Fashion,Hoodie,38,0.09987180276620686,7,239.43410046418896
2025-12-06,Fashion,Sneakers,72,0.09685410912046777,8,520.2120331466106
2025-12-06,Fashion,Backpack,45,0.0893992833536987,9,368.793290241752
2025-12-06,Beauty,Face Serum,28,0.05634601289578517,4,105.68924655567207
2025-12-06,Beauty,Hair Dryer,55,0.11646837179844677,7,340.159676857598
2025-12-06,Beauty,Perfume,60,0.07168177304231217,9,501.2918425571514
2025-12-07,Electronics,Wireless Headphones,65,0.10471659542242151,14,814.7078981655965
2025-12-07,Electronics,Smart Watch,85,0.08463287005047393,11,855.8682665028069
2025-12-07,Electronics,Bluetooth Speaker,48,0.09632605244290977,8,347.01079586192265
2025-12-07,Home,Air Fryer,110,0.11715267652228692,4,388.4528223301938
2025-12-07,Home,Coffee Maker,75,0.07343632926283118,10,694.9227530528766
2025-12-07,Home,LED Lamp,32,0.04377961204668356,10,305.9905241450613
2025-12-07,Fashion,Hoodie,38,0.12547318600276453,12,398.7842271827394
2025-12-07,Fashion,Sneakers,72,0.06116161554272184,9,608.3672731283162
2025-12-07,Fashion,Backpack,45,0.08259890436889532,10,412.83049303399713
2025-12-07,Beauty,Face Serum,28,0.07356370915675295,6,155.64129686166552
2025-12-07,Beauty,Hair Dryer,55,0.07561585713346411,5,254.2056392882974
2025-12-07,Beauty,Perfume,60,0.10147051345131261,12,646.9412303150549
2025-12-08,Electronics,Wireless Headphones,65,0.05125356888480262,9,555.0166622023905
2025-12-08,Electronics,Smart Watch,85,0.07361529709653797,7,551.1988982275599
2025-12-08,Electronics,Bluetooth Speaker,48,0.0872336520209996,6,262.8767082179521
2025-12-08,Home,Air Fryer,110,0.07281651587936834,8,815.9214660261558
2025-12-08,Home,Coffee Maker,75,0.10379002569320274,3,201.64724421902937
2025-12-08,Home,LED Lamp,32,0.06361793401973202,8,239.7138088909486
2025-12-08,Fashion,Hoodie,38,0.10857486314295002,13,440.36401760738266
2025-12-08,Fashion,Sneakers,72,0.07088153875835627,6,401.3791752563901
2025-12-08,Fashion,Backpack,45,0.05966459681941286,9,380.8358382881378
2025-12-08,Beauty,Face Serum,28,0.04908956158830434,5,133.1274613776374
2025-12-08,Beauty,Hair Dryer,55,0.08004206536990219,3,151.79305921396613
2025-12-08,Beauty,Perfume,60,0.08914865874269316,6,327.90648285263046
2025-12-09,Electronics,Wireless Headphones,65,0.09307359313645787,11,648.4523809074326
2025-12-09,Electronics,Smart Watch,85,0.057718772741896004,6,480.5634259016331
2025-12-09,Electronics,Bluetooth Speaker,48,0.08207833495369686,10,440.6023992222255
2025-12-09,Home,Air Fryer,110,0.10659274261538215,5,491.37399156153987
2025-12-09,Home,Coffee Maker,75,0.04522295335357534,6,429.64967099089114
2025-12-09,Home,LED Lamp,32,0.11427363707675606,8,226.74594890835044
2025-12-09,Fashion,Hoodie,38,0.05790469361655446,14,501.194702995993
2025-12-09,Fashion,Sneakers,72,0.0861358990344741,9,592.1839374256608
2025-12-09,Fashion,Backpack,45,0.11460921541311286,12,478.11102367691905
2025-12-09,Beauty,Face Serum,28,0.09696517952518816,4,101.13989989317894
2025-12-09,Beauty,Hair Dryer,55,0.09337851005520136,6,299.18509168178355
2025-12-09,Beauty,Perfume,60,0.07241963190057055,8,445.23857668772615
2025-12-10,Electronics,Wireless Headphones,65,0.06978733581496918,7,423.246762204189
2025-12-10,Electronics,Smart Watch,85,0.0784235701121869,3,235.00198962139234
2025-12-10,Electronics,Bluetooth Speaker,48,0.04170496519105009,9,413.9834550374664
2025-12-10,Home,Air Fryer,110,0.08086123529097354,9,909.9473770619362
2025-12-10,Home,Coffee Maker,75,0.10008531795389516,7,472.455208074205
2025-12-10,Home,LED Lamp,32,0.06575988305092054,9,269.0611536813349
2025-12-10,Fashion,Hoodie,38,0.07220655190460513,8,282.0492082210001
2025-12-10,Fashion,Sneakers,72,0.10179766815312051,8,517.3645431438026
2025-12-10,Fashion,Backpack,45,0.06782882528559045,8,335.58162289718746
2025-12-10,Beauty,Face Serum,28,0.09584057462756895,8,202.53171128342456
2025-12-10,Beauty,Hair Dryer,55,0.08442551143605254,12,604.2791624522052
2025-12-10,Beauty,Perfume,60,0.09115796122300823,9,490.77470093957555
2025-12-11,Electronics,Wireless Headphones,65,0.10378225752501255,14,815.5581456522385
2025-12-11,Electronics,Smart Watch,85,0.10594161507460675,6,455.96977631195057
2025-12-11,Electronics,Bluetooth Speaker,48,0.04314541311123315,5,229.64510085330406
2025-12-11,Home,Air Fryer,110,0.03991195276170144,11,1161.7065371583412
2025-12-11,Home,Coffee Maker,75,0.1278569087816297,7,457.8751228896444
2025-12-11,Home,LED Lamp,32,0.11262733869724872,6,170.37555097012824
2025-12-11,Fashion,Hoodie,38,0.12442557352349007,9,299.4464538549664
2025-12-11,Fashion,Sneakers,72,0.1453379830725891,2,123.07133043754716
2025-12-11,Fashion,Backpack,45,0.08610052147616268,5,205.6273826678634
2025-12-11,Beauty,Face Serum,28,0.04183811959957891,11,295.11385916332966
2025-12-11,Beauty,Hair Dryer,55,0.05736659517966559,8,414.75869812094714
2025-12-11,Beauty,Perfume,60,0.11687841371555516,2,105.97459035413338
2025-12-12,Electronics,Wireless Headphones,65,0.09000730686869134,11,650.6447755888858
2025-12-12,Electronics,Smart Watch,85,0.05390513913607076,4,321.67225269373597
2025-12-12,Electronics,Bluetooth Speaker,48,0.1251620297098427,9,377.93000316534796
2025-12-12,Home,Air Fryer,110,0.08089888651944797,6,606.6067348971643
2025-12-12,Home,Coffee Maker,75,0.08314473593154552,4,275.0565792205364
2025-12-12,Home,LED Lamp,32,0.10481709091808682,4,114.58341236248489
2025-12-12,Fashion,Hoodie,38,0.07732981962384461,9,315.5532016886452
2025-12-12,Fashion,Sneakers,72,0.07855149705508889,6,398.0657532722016
2025-12-12,Fashion,Backpack,45,0.03826308389643225,13,562.6160959205871
2025-12-12,Beauty,Face Serum,28,0.09233822146872495,12,304.9743575865084
2025-12-12,Beauty,Hair Dryer,55,0.06293198310214745,4,206.15496371752758
2025-12-12,Beauty,Perfume,60,0.10170354538895249,15,808.4668091499427
2025-12-13,Electronics,Wireless Headphones,65,0.08840405806543548,13,770.298570934707
2025-12-13,Electronics,Smart Watch,85,0.06948010346855106,5,395.4709560258658
2025-12-13,Electronics,Bluetooth Speaker,48,0.05787417452469,9,406.9983566053339
2025-12-13,Home,Air Fryer,110,0.07107651062508429,11,1123.997422143648
2025-12-13,Home,Coffee Maker,75,0.07522246413698577,10,693.5831518972607
2025-12-13,Home,LED Lamp,32,0.08245557930671703,11,322.9756360840356
2025-12-13,Fashion,Hoodie,38,0.1214035093253027,21,701.1199995584084
2025-12-13,Fashion,Sneakers,72,0.10419135418290812,8,515.9857799906449
2025-12-13,Fashion,Backpack,45,0.1140998334355367,13,518.251597440211
2025-12-13,Beauty,Face Serum,28,0.07506618942446112,8,207.18517356892073
2025-12-13,Beauty,Hair Dryer,55,0.11182399962521329,6,293.0980801236796
2025-12-13,Beauty,Perfume,60,0.05977328969576449,9,507.72242356428717
2025-12-14,Electronics,Wireless Headphones,65,0.07958362309243047,10,598.2706449899201
2025-12-14,Electronics,Smart Watch,85,0.054677115236153595,7,562.4671164344886
2025-12-14,Electronics,Bluetooth Speaker,48,0.08407272936386925,10,439.6450899053428
2025-12-14,Home,Air Fryer,110,0.033845106684964786,6,637.6622295879232
2025-12-14,Home,Coffee Maker,75,0.10443925299777308,7,470.1693921761691
2025-12-14,Home,LED Lamp,32,0.061550643896686436,10,300.30379395306034
2025-12-14,Fashion,Hoodie,38,0.06632210762179859,11,390.2773590140882
2025-12-14,Fashion,Sneakers,72,0.0258015017302134,13,911.8497943805202
2025-12-14,Fashion,Backpack,45,0.1127379519488497,16,638.8286745968283
2025-12-14,Beauty,Face Serum,28,0.06604020450286599,10,261.50874273919754
2025-12-14,Beauty,Hair Dryer,55,0.034983267601003884,8,424.60736225555826
2025-12-14,Beauty,Perfume,60,0.12879157002151104,11,574.9975637858028
2025-12-15,Electronics,Wireless Headphones,65,0.06748141992892698,8,484.909661636958
2025-12-15,Electronics,Smart Watch,85,0.04672475687813191,6,486.1703739921527
2025-12-15,Electronics,Bluetooth Speaker,48,0.03631244770098344,9,416.31302259317516
2025-12-15,Home,Air Fryer,110,0.060657643989285775,5,516.6382958058929
2025-12-15,Home,Coffee Maker,75,0.08568158731418227,6,411.44328570861796
2025-12-15,Home,LED Lamp,32,0.10241865959224086,11,315.94863182353123
2025-12-15,Fashion,Hoodie,38,0.03409005571233031,8,293.6366230634516
2025-12-15,Fashion,Sneakers,72,0.06075816600552819,6,405.7524722856118
2025-12-15,Fashion,Backpack,45,0.08008530309721866,10,413.9616136062516
2025-12-15,Beauty,Face Serum,28,0.06812588803911981,6,156.55485080942788
2025-12-15,Beauty,Hair Dryer,55,0.11263905050064418,5,244.02426111232285
2025-12-15,Beauty,Perfume,60,0.06099403137016958,11,619.743939295688
2025-12-16,Electronics,Wireless Headphones,65,0.07767810212428067,4,239.803693447687
2025-12-16,Electronics,Smart Watch,85,0.08071605565795598,10,781.3913526907373
2025-12-16,Electronics,Bluetooth Speaker,48,0.0503107592126322,7,319.0955849045556
2025-12-16,Home,Air Fryer,110,0.07878865653835154,3,303.999743342344
2025-12-16,Home,Coffee Maker,75,0.13213680594239974,11,715.9871350975202
2025-12-16,Home,LED Lamp,32,0.06598863929409443,6,179.33018125553386
2025-12-16,Fashion,Hoodie,38,0.11942681034543189,7,234.23246844811513
2025-12-16,Fashion,Sneakers,72,0.08409048504970436,2,131.89097015284256
2025-12-16,Fashion,Backpack,45,0.0966438991410622,12,487.8122944638264
2025-12-16,Beauty,Face Serum,28,0.07425357295486362,6,155.5253997435829
2025-12-16,Beauty,Hair Dryer,55,0.061251179698740166,7,361.41829581598506
2025-12-16,Beauty,Perfume,60,0.10715076307852675,4,214.28381686115358
2025-12-17,Electronics,Wireless Headphones,65,0.10693694216832411,11,638.5400863496483
2025-12-17,Electronics,Smart Watch,85,0.07175050598637918,12,946.8144838938932
2025-12-17,Electronics,Bluetooth Speaker,48,0.0866299535858927,9,394.57586005089433
2025-12-17,Home,Air Fryer,110,0.10157754069111094,7,691.7852936678446
2025-12-17,Home,Coffee Maker,75,0.052727302354550976,6,426.2727139404521
2025-12-17,Home,LED Lamp,32,0.1592472980953695,7,188.32860522663722
2025-12-17,Fashion,Hoodie,38,0.028943167058571057,7,258.30111756242013
2025-12-17,Fashion,Sneakers,72,0.08095582717488732,6,397.0270826604487
2025-12-17,Fashion,Backpack,45,0.072530564803,8,333.88899667092
2025-12-17,Beauty,Face Serum,28,0.018880226396891978,6,164.82812196532214
2025-12-17,Beauty,Hair Dryer,55,0.050497365285849485,6,313.3358694556697
2025-12-17,Beauty,Perfume,60,0.06491958747051965,6,336.62894851061293
2025-12-18,Electronics,Wireless Headphones,65,0.09835104058388419,12,703.2861883445703
2025-12-18,Electronics,Smart Watch,85,0.08440801741593258,4,311.30127407858294
2025-12-18,Electronics,Bluetooth Speaker,48,0.06450406375907602,12,538.8456592747722
2025-12-18,Home,Air Fryer,110,0.06322474204661176,11,1133.4980621235998
2025-12-18,Home,Coffee Maker,75,0.09284661039067048,6,408.2190253241983
2025-12-18,Home,LED Lamp,32,0.08668762473877605,2,58.451992016718336
2025-12-18,Fashion,Hoodie,38,0.05537078486382382,8,287.16728140139753
2025-12-18,Fashion,Sneakers,72,0.09710122556873389,4,260.0348470362046
2025-12-18,Fashion,Backpack,45,0.10434391094954376,8,322.43619205816424
2025-12-18,Beauty,Face Serum,28,0.08622734198879518,9,230.2707098188236
2025-12-18,Beauty,Hair Dryer,55,0.03918561625316096,9,475.6031199546853
2025-12-18,Beauty,Perfume,60,0.06297098700653969,7,393.5521854572533
2025-12-19,Electronics,Wireless Headphones,65,0.06401737718252669,8,486.71096386508617
2025-12-19,Electronics,Smart Watch,85,0.11158032327637211,10,755.1567252150837
2025-12-19,Electronics,Bluetooth Speaker,48,0.10767288316022902,9,385.48531447478103
2025-12-19,Home,Air Fryer,110,0.09173322607121237,4,399.63738052866654
2025-12-19,Home,Coffee Maker,75,0.0801683844957558,8,551.8989693025466
2025-12-19,Home,LED Lamp,32,0.09195968804464158,11,319.63018980828616
2025-12-19,Fashion,Hoodie,38,0.017594530548563463,11,410.6454862307005
2025-12-19,Fashion,Sneakers,72,0.11187877696694978,11,703.3920086421757
2025-12-19,Fashion,Backpack,45,0.11084206288460041,5,200.0605358509649
2025-12-19,Beauty,Face Serum,28,0.056240322353173416,10,264.25270974111146
2025-12-19,Beauty,Hair Dryer,55,0.1018410831264265,3,148.19622128413963
2025-12-19,Beauty,Perfume,60,0.07822542255592903,6,331.83884787986557
2025-12-20,Electronics,Wireless Headphones,65,0.051666082464911035,9,554.775341758027
2025-12-20,Electronics,Smart Watch,85,0.025368901899781235,7,579.9055033696302
2025-12-20,Electronics,Bluetooth Speaker,48,0.08131674499415241,8,352.77436992224546
2025-12-20,Home,Air Fryer,110,0.07741881888647721,11,1116.3232291473626
2025-12-20,Home,Coffee Maker,75,0.12059168790390329,9,593.6006106648653
2025-12-20,Home,LED Lamp,32,0.06595059532998815,9,269.0062285449634
2025-12-20,Fashion,Hoodie,38,0.12477751110419383,10,332.58454578040636
2025-12-20,Fashion,Sneakers,72,0.10629283872867865,10,643.4691561153513
2025-12-20,Fashion,Backpack,45,0.1061634568558254,12,482.6717332978543
2025-12-20,Beauty,Face Serum,28,0.03865266361212619,10,269.17725418860465
2025-12-20,Beauty,Hair Dryer,55,0.09385706378765726,12,598.0543379001463
2025-12-20,Beauty,Perfume,60,0.07031032125873131,8,446.251045795809
2025-12-21,Electronics,Wireless Headphones,65,0.03746476422550949,8,500.51832260273505
2025-12-21,Electronics,Smart Watch,85,0.10306521822123535,9,686.155108060755
2025-12-21,Electronics,Bluetooth Speaker,48,0.07279819128040231,12,534.0682418224883
2025-12-21,Home,Air Fryer,110,0.13081029264838906,6,573.6652068520632
2025-12-21,Home,Coffee Maker,75,0.04872238982901933,8,570.7665661025884
2025-12-21,Home,LED Lamp,32,0.07494371072925131,10,296.0180125666396
2025-12-21,Fashion,Hoodie,38,0.07146996644343918,15,529.2621191272397
2025-12-21,Fashion,Sneakers,72,0.09262240369564852,9,587.9806824052197
2025-12-21,Fashion,Backpack,45,0.07954686249690027,8,331.3631295011159
2025-12-21,Beauty,Face Serum,28,0.07004060451551004,8,208.31090458852574
2025-12-21,Beauty,Hair Dryer,55,0.12014121013610121,7,338.745634097601
2025-12-21,Beauty,Perfume,60,0.050446014796589056,7,398.8126737854326
2025-12-22,Electronics,Wireless Headphones,65,0.08102079369223435,9,537.6028356900429
2025-12-22,Electronics,Smart Watch,85,0.08176933059244755,5,390.2480344982098
2025-12-22,Electronics,Bluetooth Speaker,48,0.08558307662883334,12,526.704147861792
2025-12-22,Home,Air Fryer,110,0.09931695159045824,4,396.30054130019835
2025-12-22,Home,Coffee Maker,75,0.1342187241659743,5,324.66797843775964
2025-12-22,Home,LED Lamp,32,0.128663519056583,12,334.5932086822721
2025-12-22,Fashion,Hoodie,38,0.04368115652905238,19,690.4622049860242
2025-12-22,Fashion,Sneakers,72,0.057579306325702226,12,814.2514793345933
2025-12-22,Fashion,Backpack,45,0.04684447048192344,6,257.35199296988065
2025-12-22,Beauty,Face Serum,28,0.09401266361042161,13,329.77939044580654
2025-12-22,Beauty,Hair Dryer,55,0.09472469566036594,5,248.95070869339938
2025-12-22,Beauty,Perfume,60,0.10744387712555549,6,321.32020423480003
2025-12-23,Electronics,Wireless Headphones,65,0.08374261332011364,7,416.8971109393483
2025-12-23,Electronics,Smart Watch,85,0.0858540679618837,2,155.4048084464798
2025-12-23,Electronics,Bluetooth Speaker,48,0.0844975232264176,6,263.66471331079174
2025-12-23,Home,Air Fryer,110,0.15092618488944914,6,560.3887179729635
2025-12-23,Home,Coffee Maker,75,0.059347910608556084,4,282.1956268174332
2025-12-23,Home,LED Lamp,32,0.09535175342823268,7,202.64120723207589
2025-12-23,Fashion,Hoodie,38,0.07927209597704123,11,384.8642638815968
2025-12-23,Fashion,Sneakers,72,0.08621087892789915,11,723.7209838891039
2025-12-23,Fashion,Backpack,45,0.13434767048428617,8,311.634838625657
2025-12-23,Beauty,Face Serum,28,0.1264841309592527,7,171.20911033198647
2025-12-23,Beauty,Hair Dryer,55,0.04952079540003247,8,418.2108500239857
2025-12-23,Beauty,Perfume,60,0.0901684103974291,6,327.53937225692556
2025-12-24,Electronics,Wireless Headphones,65,0.06123612945592144,5,305.09825792682557
2025-12-24,Electronics,Smart Watch,85,0.0371999408401931,2,163.6760100571672
2025-12-24,Electronics,Bluetooth Speaker,48,0.09149766736097203,7,305.2567837667134
2025-12-24,Home,Air Fryer,110,0.043129879502341255,9,947.3014192926821
2025-12-24,Home,Coffee Maker,75,0.10048602580323626,12,809.5625767770873
2025-12-24,Home,LED Lamp,32,0.07675465721452186,7,206.8069567839471
2025-12-24,Fashion,Hoodie,38,0.11874267231612205,10,334.8777845198736
2025-12-24,Fashion,Sneakers,72,0.09446139241340255,11,717.1865772085852
2025-12-24,Fashion,Backpack,45,0.08002819515596682,5,206.99365608990746
2025-12-24,Beauty,Face Serum,28,0.10281648031756936,6,150.72683130664834
2025-12-24,Beauty,Hair Dryer,55,0.08798021320290891,3,150.48326482152004
2025-12-24,Beauty,Perfume,60,0.08669536500822969,8,438.38622479604976
2025-12-25,Electronics,Wireless Headphones,65,0.0701540341459474,11,664.8398655856475
2025-12-25,Electronics,Smart Watch,85,0.06128539245621402,6,478.7444498473309
2025-12-25,Electronics,Bluetooth Speaker,48,0.11108028385383037,6,256.00887825009687
2025-12-25,Home,Air Fryer,110,0.06184875314042297,7,722.3764600818744
2025-12-25,Home,Coffee Maker,75,0.09695025976525844,7,474.1011136232393
2025-12-25,Home,LED Lamp,32,0.10818122856380492,10,285.3820068595824
2025-12-25,Fashion,Hoodie,38,0.06383298179938533,9,320.1691202246102
2025-12-25,Fashion,Sneakers,72,0.0749533750085344,10,666.0335699938553
2025-12-25,Fashion,Backpack,45,0.11242541699481234,8,319.5268498818676
2025-12-25,Beauty,Face Serum,28,0.089695101482382,7,178.41976010945314
2025-12-25,Beauty,Hair Dryer,55,0.0745057332514711,7,356.3152926981836
2025-12-25,Beauty,Perfume,60,0.08938423337764419,3,163.91083799202403
2025-12-26,Electronics,Wireless Headphones,65,0.09166558787819153,11,649.459104667093
2025-12-26,Electronics,Smart Watch,85,0.028543165010815302,2,165.14766194816139
2025-12-26,Electronics,Bluetooth Speaker,48,0.026337484889126614,8,373.8864058025754
2025-12-26,Home,Air Fryer,110,0.08339647918415866,8,806.6110983179404
2025-12-26,Home,Coffee Maker,75,0.09411410564315087,4,271.7657683070547
2025-12-26,Home,LED Lamp,32,0.06282567959421831,9,269.9062042768651
2025-12-26,Fashion,Hoodie,38,0.034626291905452224,8,293.47360726074254
2025-12-26,Fashion,Sneakers,72,0.1147089220658217,8,509.9276608900867
2025-12-26,Fashion,Backpack,45,0.06159930380408646,2,84.45606265763222
2025-12-26,Beauty,Face Serum,28,0.06435920118146149,8,209.5835389353526
2025-12-26,Beauty,Hair Dryer,55,0.07371919268520821,8,407.5635552185084
2025-12-26,Beauty,Perfume,60,0.100849228173688,7,377.64332416705105
2025-12-27,Electronics,Wireless Headphones,65,0.042355482017638016,11,684.7158303573888
2025-12-27,Electronics,Smart Watch,85,0.0966918031089234,6,460.687180414449
2025-12-27,Electronics,Bluetooth Speaker,48,0.09424419377047807,8,347.8102295921364
2025-12-27,Home,Air Fryer,110,0.03726514121878487,7,741.3058412615356
2025-12-27,Home,Coffee Maker,75,0.0478110564588063,1,71.41417076558952
2025-12-27,Home,LED Lamp,32,0.08293111033675006,8,234.769635753792
2025-12-27,Fashion,Hoodie,38,0.12371096072105675,15,499.48475238899766
2025-12-27,Fashion,Sneakers,72,0.10234851269420457,6,387.78544251610367
2025-12-27,Fashion,Backpack,45,0.061931358183033955,13,548.7701554629251
2025-12-27,Beauty,Face Serum,28,0.0422438215205236,6,160.90303798455204
2025-12-27,Beauty,Hair Dryer,55,0.07810562968566993,8,405.63352293830525
2025-12-27,Beauty,Perfume,60,0.07850251707584902,9,497.60864077904154
2025-12-28,Electronics,Wireless Headphones,65,0.08823753198197859,11,651.9101646328853
2025-12-28,Electronics,Smart Watch,85,0.12477985767999875,9,669.5434088748009
2025-12-28,Electronics,Bluetooth Speaker,48,0.046549302254582835,11,503.42196840958024
2025-12-28,Home,Air Fryer,110,0.08266700630494225,9,908.1596637581072
2025-12-28,Home,Coffee Maker,75,0.10913540591946855,7,467.703911892279
2025-12-28,Home,LED Lamp,32,0.09014789548615076,6,174.69160406665907
2025-12-28,Fashion,Hoodie,38,0.09082828183116937,16,552.776404646649
2025-12-28,Fashion,Sneakers,72,0.05546200487364636,11,748.074092140072
2025-12-28,Fashion,Backpack,45,0.07444216494319202,12,499.8012309306763
2025-12-28,Beauty,Face Serum,28,0.10390783017057753,10,250.9058075522383
2025-12-28,Beauty,Hair Dryer,55,0.08863554779499831,8,401.00035897020075
2025-12-28,Beauty,Perfume,60,0.10615563403365229,9,482.67595762182776
2025-12-29,Electronics,Wireless Headphones,65,0.06402311007513992,8,486.7079827609272
2025-12-29,Electronics,Smart Watch,85,0.09065557991868381,7,541.0599299483831
2025-12-29,Electronics,Bluetooth Speaker,48,0.09185994226280893,9,392.31650494246657
2025-12-29,Home,Air Fryer,110,0.08993302059705185,7,700.75157414027
2025-12-29,Home,Coffee Maker,75,0.14619887876326518,1,64.03508409275511
2025-12-29,Home,LED Lamp,32,0.06396637997307524,8,239.62460672689275
2025-12-29,Fashion,Hoodie,38,0.04441435409788346,12,435.74705453136517
2025-12-29,Fashion,Sneakers,72,0.05781433992578654,6,407.02420515206023
2025-12-29,Fashion,Backpack,45,0.06139542111094003,9,380.1348544500693
2025-12-29,Beauty,Face Serum,28,0.10638415495603874,5,125.10621830615459
2025-12-29,Beauty,Hair Dryer,55,0.051688291035224244,7,365.10000795143867
2025-12-29,Beauty,Perfume,60,0.046336630415248076,8,457.7584174006809
2025-12-30,Electronics,Wireless Headphones,65,0.07193259722140233,13,784.216955347915
2025-12-30,Electronics,Smart Watch,85,0.06531554768410716,7,556.1372491279562
2025-12-30,Electronics,Bluetooth Speaker,48,0.07968954182241127,9,397.5741179327183
2025-12-30,Home,Air Fryer,110,0.08466433945740023,6,604.1215359581158
2025-12-30,Home,Coffee Maker,75,0.023349920472714072,7,512.7412917518251
2025-12-30,Home,LED Lamp,32,0.042123861090783137,6,183.91221867056964
2025-12-30,Fashion,Hoodie,38,0.04456079763263456,9,326.76020720963896
2025-12-30,Fashion,Sneakers,72,0.06866593566030323,8,536.4484210596654
2025-12-30,Fashion,Backpack,45,0.007930689561814988,7,312.5018327880283
2025-12-30,Beauty,Face Serum,28,0.08552168779585552,8,204.84314193372836
2025-12-30,Beauty,Hair Dryer,55,0.10487704672052689,4,196.92704972148408
2025-12-30,Beauty,Perfume,60,0.10752092356876272,9,481.9387012728681
2025-12-31,Electronics,Wireless Headphones,65,0.11079482407297263,15,866.9750465288517
2025-12-31,Electronics,Smart Watch,85,0.11060246594706083,10,755.9879039449983
2025-12-31,Electronics,Bluetooth Speaker,48,0.06600109950769048,8,358.65557778904684
2025-12-31,Home,Air Fryer,110,0.10705476479604595,7,687.5678311070446
2025-12-31,Home,Coffee Maker,75,0.04464640211038483,7,501.56063889204796
2025-12-31,Home,LED Lamp,32,0.12339343921435227,6,168.30845967084434
2025-12-31,Fashion,Hoodie,38,0.03700005873140224,11,402.5339754502739
2025-12-31,Fashion,Sneakers,72,0.05649235643136409,7,475.5278523585925
2025-12-31,Fashion,Backpack,45,0.07903888754870993,18,745.978501085545
2025-12-31,Beauty,Face Serum,28,0.09029405777762517,6,152.83059829335897
2025-12-31,Beauty,Hair Dryer,55,0.07364908474203076,5,254.74650169594153
2025-12-31,Beauty,Perfume,60,0.0,6,360.0
